"C:/Users/USER/Documents/Unreal Projects/SoulsDistructor/SoulsDisructorRPG.uproject" 1
"../../../Engine/Plugins/AudioGameplay/AudioGameplay.uplugin" 2
"../../../Engine/Plugins/AudioModulationInsights/AudioModulationInsights.uplugin" 3
"../../../Engine/Plugins/Bridge/Bridge.uplugin" 4
"../../../Engine/Plugins/BlueprintFileUtils/BlueprintFileUtils.uplugin" 5
"../../../Engine/Plugins/ChaosClothAsset/ChaosClothAsset.uplugin" 6
"../../../Engine/Plugins/ChaosCloth/ChaosCloth.uplugin" 7
"../../../Engine/Plugins/ChaosClothAssetDataflowNodes/ChaosClothAssetDataflowNodes.uplugin" 8
"../../../Engine/Plugins/ChaosClothAssetEditor/ChaosClothAssetEditor.uplugin" 9
"../../../Engine/Plugins/BaseMaterial/BaseMaterial.uplugin" 10
"../../../Engine/Plugins/AudioGameplayVolume/AudioGameplayVolume.uplugin" 11
"../../../Engine/Plugins/AutomationControllerRpc/AutomationControllerRpc.uplugin" 12
"../../../Engine/Plugins/AudioInsights/AudioInsights.uplugin" 13
"../../../Engine/Plugins/AudioInsightsRuntime/AudioInsightsRuntime.uplugin" 14
"../../../Engine/Plugins/CmdLinkServer/CmdLinkServer.uplugin" 15
"../../../Engine/Plugins/ChaosClothAssetUsdDataflowNodes/ChaosClothAssetUsdDataflowNodes.uplugin" 16
"../../../Engine/Plugins/ChaosClothAssetEditorCore/ChaosClothAssetEditorCore.uplugin" 17
"../../../Engine/Plugins/ChaosInsights/ChaosInsights.uplugin" 18
"../../../Engine/Plugins/Dataflow/Dataflow.uplugin" 19
"../../../Engine/Plugins/ChaosOutfitAsset/ChaosOutfitAsset.uplugin" 20
"../../../Engine/Plugins/ChaosVD/ChaosVD.uplugin" 21
"../../../Engine/Plugins/DataflowVolumetricPlugin/DataflowVolumetricPlugin.uplugin" 22
"../../../Engine/Plugins/DerivedDataBuildController/DerivedDataBuildController.uplugin" 23
"../../../Engine/Plugins/DiscoveryBeaconReceiver/DiscoveryBeaconReceiver.uplugin" 24
"../../../Engine/Plugins/Fab/Fab.uplugin" 25
"../../../Engine/Plugins/EnhancedInput/EnhancedInput.uplugin" 26
"../../../Engine/Plugins/FastBuildController/FastBuildController.uplugin" 27
"../../../Engine/Plugins/GameInputWindows/GameInputWindows.uplugin" 28
"../../../Engine/Plugins/Chooser/Chooser.uplugin" 29
"../../../Engine/Plugins/LightWeightInstancesEditor/LightWeightInstancesEditor.uplugin" 30
"../../../Engine/Plugins/MemoryUsageQueries/MemoryUsageQueries.uplugin" 31
"../../../Engine/Plugins/MeshPainting/MeshPainting.uplugin" 32
"../../../Engine/Plugins/JsonBlueprintUtilities/JsonBlueprintUtilities.uplugin" 33
"../../../Engine/Plugins/RenderGraphInsights/RenderGraphInsights.uplugin" 34
"../../../Engine/Plugins/PCG/PCG.uplugin" 35
"../../../Engine/Plugins/RPCBase/RPCBase.uplugin" 36
"../../../Engine/Plugins/IoStoreInsights/IoStoreInsights.uplugin" 37
"../../../Engine/Plugins/Mutable/Mutable.uplugin" 38
"../../../Engine/Plugins/ScriptPlugin/ScriptPlugin.uplugin" 39
"../../../Engine/Plugins/SubtitlesAndClosedCaptions/SubtitlesAndClosedCaptions.uplugin" 40
"../../../Engine/Plugins/TextureGraph/TextureGraph.uplugin" 41
"../../../Engine/Plugins/UbaController/UbaController.uplugin" 42
"../../../Engine/Plugins/TraceUtilities/TraceUtilities.uplugin" 43
"../../../Engine/Plugins/WorldStreamingInsights/WorldStreamingInsights.uplugin" 44
"../../../Engine/Plugins/XGEController/XGEController.uplugin" 45
"../../../Engine/Plugins/Developer/BlankPlugin/BlankPlugin.uplugin" 46
"../../../Engine/Plugins/WorldMetrics/WorldMetrics.uplugin" 47
"../../../Engine/Plugins/Developer/AnimationSharing/AnimationSharing.uplugin" 48
"../../../Engine/Plugins/Developer/DirectoryPlaceholder/DirectoryPlaceholder.uplugin" 49
"../../../Engine/Plugins/Developer/DumpGPUServices/DumpGPUServices.uplugin" 50
"../../../Engine/Plugins/Developer/FieldNotificationTrace/FieldNotificationTrace.uplugin" 51
"../../../Engine/Plugins/Developer/NamingTokens/NamingTokens.uplugin" 52
"../../../Engine/Plugins/Developer/CodeLiteSourceCodeAccess/CodeLiteSourceCodeAccess.uplugin" 53
"../../../Engine/Plugins/Developer/N10XSourceCodeAccess/N10XSourceCodeAccess.uplugin" 54
"../../../Engine/Plugins/Developer/OneSkyLocalizationService/OneSkyLocalizationService.uplugin" 55
"../../../Engine/Plugins/RenderTraceInsights/RenderTraceInsights.uplugin" 56
"../../../Engine/Plugins/Developer/PlasticSourceControl/PlasticSourceControl.uplugin" 57
"../../../Engine/Plugins/Developer/KDevelopSourceCodeAccess/KDevelopSourceCodeAccess.uplugin" 58
"../../../Engine/Plugins/MassInsights/MassInsights.uplugin" 59
"../../../Engine/Plugins/Developer/PerforceSourceControl/PerforceSourceControl.uplugin" 60
"../../../Engine/Plugins/Developer/GitSourceControl/GitSourceControl.uplugin" 61
"../../../Engine/Plugins/Developer/NullSourceCodeAccess/NullSourceCodeAccess.uplugin" 62
"../../../Engine/Plugins/Developer/PluginUtils/PluginUtils.uplugin" 63
"../../../Engine/Plugins/Developer/RiderSourceCodeAccess/RiderSourceCodeAccess.uplugin" 64
"../../../Engine/Plugins/Developer/RenderDocPlugin/RenderDocPlugin.uplugin" 65
"../../../Engine/Plugins/Developer/PropertyAccessNode/PropertyAccessNode.uplugin" 66
"../../../Engine/Plugins/Developer/ShaderToolkit/ShaderToolkit.uplugin" 67
"../../../Engine/Plugins/Developer/SubversionSourceControl/SubversionSourceControl.uplugin" 68
"../../../Engine/Plugins/Developer/VisualStudioSourceCodeAccess/VisualStudioSourceCodeAccess.uplugin" 69
"../../../Engine/Plugins/Developer/TextureFormatOodle/TextureFormatOodle.uplugin" 70
"../../../Engine/Plugins/Developer/PixWinPlugin/PixWinPlugin.uplugin" 71
"../../../Engine/Plugins/Developer/XcodeGPUDebuggerPlugin/XcodeGPUDebuggerPlugin.uplugin" 72
"../../../Engine/Plugins/Developer/GPUReshape/GPUReshape.uplugin" 73
"../../../Engine/Plugins/Developer/UObjectPlugin/UObjectPlugin.uplugin" 74
"../../../Engine/Plugins/Developer/VisualStudioCodeSourceCodeAccess/VisualStudioCodeSourceCodeAccess.uplugin" 75
"../../../Engine/Plugins/Developer/XCodeSourceCodeAccess/XCodeSourceCodeAccess.uplugin" 76
"../../../Engine/Plugins/Developer/TraceSourceFiltering/TraceSourceFilters.uplugin" 77
"../../../Engine/Plugins/Developer/ProjectLauncher/ProjectLauncher.uplugin" 78
"../../../Engine/Plugins/Enterprise/DataprepEditor/DataprepEditor.uplugin" 79
"../../../Engine/Plugins/Enterprise/DatasmithCADImporter/DatasmithCADImporter.uplugin" 80
"../../../Engine/Plugins/Enterprise/DatasmithContent/DatasmithContent.uplugin" 81
"../../../Engine/Plugins/Enterprise/DatasmithFBXImporter/DatasmithFBXImporter.uplugin" 82
"../../../Engine/Plugins/Enterprise/DatasmithImporter/DatasmithImporter.uplugin" 83
"../../../Engine/Plugins/Enterprise/LidarPointCloud/LidarPointCloud.uplugin" 84
"../../../Engine/Plugins/Enterprise/GLTFExporter/GLTFExporter.uplugin" 85
"../../../Engine/Plugins/Enterprise/MDLImporter/MDLImporter.uplugin" 86
"../../../Engine/Plugins/Enterprise/DatasmithC4DImporter/DatasmithC4DImporter.uplugin" 87
"../../../Engine/Plugins/Enterprise/VariantManagerContent/VariantManagerContent.uplugin" 88
"../../../Engine/Plugins/Media/AjaMedia/AjaMedia.uplugin" 89
"../../../Engine/Plugins/Enterprise/VariantManager/VariantManager.uplugin" 90
"../../../Engine/Plugins/Importers/AlembicImporter/AlembicImporter.uplugin" 91
"../../../Engine/Plugins/Importers/USDImporter/USDImporter.uplugin" 92
"../../../Engine/Plugins/Media/AndroidCamera/AndroidCamera.uplugin" 93
"../../../Engine/Plugins/Importers/AlembicHairImporter/AlembicHairImporter.uplugin" 94
"../../../Engine/Plugins/Media/AppleProResDecoderElectra/AppleProResDecoderElectra.uplugin" 95
"../../../Engine/Plugins/Media/AudioCaptureTimecodeProvider/AudioCaptureTimecodeProvider.uplugin" 96
"../../../Engine/Plugins/Media/APVDecoderElectra/APVDecoderElectra.uplugin" 97
"../../../Engine/Plugins/Media/AV1DecoderElectra/AV1DecoderElectra.uplugin" 98
"../../../Engine/Plugins/Media/AvidDNxHDDecoderElectra/AvidDNxHDDecoderElectra.uplugin" 99
"../../../Engine/Plugins/Media/AvidDNxMedia/AvidDNxMedia.uplugin" 100
"../../../Engine/Plugins/Media/AvfMedia/AvfMedia.uplugin" 101
"../../../Engine/Plugins/Importers/USDImporterMDL/USDImporterMDL.uplugin" 102
"../../../Engine/Plugins/Enterprise/AxFImporter/AxFImporter.uplugin" 103
"../../../Engine/Plugins/Media/AppleProResMedia/AppleProResMedia.uplugin" 104
"../../../Engine/Plugins/Media/AndroidMedia/AndroidMedia.uplugin" 105
"../../../Engine/Plugins/Media/BinkMedia/BinkMedia.uplugin" 106
"../../../Engine/Plugins/Media/ElectraPlayer/ElectraPlayer.uplugin" 107
"../../../Engine/Plugins/Media/BlackmagicMedia/BlackmagicMedia.uplugin" 108
"../../../Engine/Plugins/Media/ElectraCDM/ElectraCDM.uplugin" 109
"../../../Engine/Plugins/Media/ElectraCodecs/ElectraCodecs.uplugin" 110
"../../../Engine/Plugins/Media/ElectraSubtitles/ElectraSubtitles.uplugin" 111
"../../../Engine/Plugins/Importers/USDMultiUser/USDMultiUser.uplugin" 112
"../../../Engine/Plugins/Media/HAPDecoderElectra/HAPDecoderElectra.uplugin" 113
"../../../Engine/Plugins/Media/ElectraUtil/ElectraUtil.uplugin" 114
"../../../Engine/Plugins/Media/ImgMedia/ImgMedia.uplugin" 115
"../../../Engine/Plugins/Media/MediaCompositing/MediaCompositing.uplugin" 116
"../../../Engine/Plugins/Media/HardwareEncoders/HardwareEncoders.uplugin" 117
"../../../Engine/Plugins/Media/LinearTimecode/LinearTimecode.uplugin" 118
"../../../Engine/Plugins/Media/FlacDecoderElectra/FlacDecoderElectra.uplugin" 119
"../../../Engine/Plugins/Media/HAPMedia/HAPMedia.uplugin" 120
"../../../Engine/Plugins/Media/MediaMovieStreamer/MediaMovieStreamer.uplugin" 121
"../../../Engine/Plugins/Media/MediaIOFramework/MediaIOFramework.uplugin" 122
"../../../Engine/Plugins/Media/D3D12VideoDecodersElectra/D3D12VideoDecodersElectra.uplugin" 123
"../../../Engine/Plugins/Media/MediaFrameworkUtilities/MediaFrameworkUtilities.uplugin" 124
"../../../Engine/Plugins/Media/MediaPlate/MediaPlate.uplugin" 125
"../../../Engine/Plugins/Media/MediaProfile/MediaProfile.uplugin" 126
"../../../Engine/Plugins/Media/MediaViewer/MediaViewer.uplugin" 127
"../../../Engine/Plugins/Media/MediaPlayerEditor/MediaPlayerEditor.uplugin" 128
"../../../Engine/Plugins/Media/MfMedia/MfMedia.uplugin" 129
"../../../Engine/Plugins/Media/MJPEGDecoderElectra/MJPEGDecoderElectra.uplugin" 130
"../../../Engine/Plugins/Media/MP4Utilities/MP4Utilities.uplugin" 131
"../../../Engine/Plugins/Media/NDIMedia/NDIMedia.uplugin" 132
"../../../Engine/Plugins/Media/PixelStreaming2/PixelStreaming2.uplugin" 133
"../../../Engine/Plugins/Media/NVDECElectra/NVDECElectra.uplugin" 134
"../../../Engine/Plugins/Media/PixelStreaming/PixelStreaming.uplugin" 135
"../../../Engine/Plugins/Media/OpusDecoderElectra/OpusDecoderElectra.uplugin" 136
"../../../Engine/Plugins/Developer/CLionSourceCodeAccess/CLionSourceCodeAccess.uplugin" 137
"../../../Engine/Plugins/Media/TimecodeSynchronizer/TimecodeSynchronizer.uplugin" 138
"../../../Engine/Plugins/Media/RTSPMedia/RTSPMedia.uplugin" 139
"../../../Engine/Plugins/Media/VPxDecoderElectra/VPxDecoderElectra.uplugin" 140
"../../../Engine/Plugins/Media/TmvMedia/TmvMedia.uplugin" 141
"../../../Engine/Plugins/MetaHuman/MetaHumanCharacter/MetaHumanCharacter.uplugin" 142
"../../../Engine/Plugins/MetaHuman/MetaHumanAnimator/MetaHuman.uplugin" 143
"../../../Engine/Plugins/MetaHuman/MetaHumanCoreML/MetaHumanCoreML.uplugin" 144
"../../../Engine/Plugins/Media/PixelCapture/PixelCapture.uplugin" 145
"../../../Engine/Plugins/MetaHuman/MetaHumanCoreTechLib/MetaHumanCoreTech.uplugin" 146
"../../../Engine/Plugins/Media/TmvMediaUtils/TmvMediaUtils.uplugin" 147
"../../../Engine/Plugins/MetaHuman/MetaHumanCrowd/MetaHumanCrowd.uplugin" 148
"../../../Engine/Plugins/MetaHuman/MetaHumanCalibrationProcessing/MetaHumanCalibrationProcessing.uplugin" 149
"../../../Engine/Plugins/MetaHuman/MetaHumanLiveLink/MetaHumanLiveLink.uplugin" 150
"../../../Engine/Plugins/MetaHuman/MetaHumanSDK/MetaHumanSDK.uplugin" 151
"../../../Engine/Plugins/Media/WebMMedia/WebMMedia.uplugin" 152
"../../../Engine/Plugins/NetcodeUnitTest/NetcodeUnitTest/NetcodeUnitTest.uplugin" 153
"../../../Engine/Plugins/NetcodeUnitTest/NUTUnrealEngine/NUTUnrealEngine.uplugin" 154
"../../../Engine/Plugins/Tests/AudioCQTests/AudioCQTests.uplugin" 155
"../../../Engine/Plugins/Performance/AutomatedPerfTesting/AutomatedPerfTesting.uplugin" 156
"../../../Engine/Plugins/Tests/CQTest/CQTest.uplugin" 157
"../../../Engine/Plugins/Tests/AutomationDriverTests/AutomationDriverTests.uplugin" 158
"../../../Engine/Plugins/Tests/CQTestEnhancedInput/CQTestEnhancedInput.uplugin" 159
"../../../Engine/Plugins/Tests/CQTestExperimental/CQTestExperimental.uplugin" 160
"../../../Engine/Plugins/Tests/FbxAutomationTestBuilder/FbxAutomationTestBuilder.uplugin" 161
"../../../Engine/Plugins/Tests/EditorTests/EditorTests.uplugin" 162
"../../../Engine/Plugins/Tests/FunctionalTestingEditor/FunctionalTestingEditor.uplugin" 163
"../../../Engine/Plugins/Tests/RHITests/RHITests.uplugin" 164
"../../../Engine/Plugins/Tests/TestSamples/TestSamples.uplugin" 165
"../../../Engine/Plugins/Tests/RuntimeTests/RuntimeTests.uplugin" 166
"../../../Engine/Plugins/Tests/TestFramework/TestFramework.uplugin" 167
"../../../Engine/Plugins/MetaHuman/MetaHumanAnimationTools/MetaHumanAnimationTools.uplugin" 168
"../../../Engine/Plugins/Compositing/CompositeCore/CompositeCore.uplugin" 169
"../../../Engine/Plugins/Performance/AutomatedPerfTestTools/AutomatedPerfTestTools.uplugin" 170
"../../../Engine/Plugins/Compositing/ComposureShared/ComposureShared.uplugin" 171
"../../../Engine/Plugins/Compositing/HoldoutComposite/HoldoutComposite.uplugin" 172
"../../../Engine/Plugins/Compositing/LensDistortion/LensDistortion.uplugin" 173
"../../../Engine/Plugins/Compositing/OpenColorIO/OpenColorIO.uplugin" 174
"../../../Engine/Plugins/Tests/VerseModuleIndependenceB/VerseModuleIndependenceB.uplugin" 175
"../../../Engine/Plugins/Compositing/Composite/Composite.uplugin" 176
"../../../Engine/Plugins/Tests/WidgetAutomationTests/WidgetAutomationTests.uplugin" 177
"../../../Engine/Plugins/Compositing/OpenCVLensDistortion/OpenCVLensDistortion.uplugin" 178
"../../../Engine/Plugins/Experimental/AdvancedRenamer/AdvancedRenamer.uplugin" 179
"../../../Engine/Plugins/Experimental/ActorPalette/ActorPalette.uplugin" 180
"../../../Engine/Plugins/Experimental/AbilitySystemGameFeatureActions/AbilitySystemGameFeatureActions.uplugin" 181
"../../../Engine/Plugins/Experimental/AnimToTexture/AnimToTexture.uplugin" 182
"../../../Engine/Plugins/Experimental/AIAssistant/AIAssistant.uplugin" 183
"../../../Engine/Plugins/Web/HttpBlueprint/HttpBlueprint.uplugin" 184
"../../../Engine/Plugins/Experimental/AsyncMessageSystemTests/AsyncMessageSystemTests.uplugin" 185
"../../../Engine/Plugins/Experimental/AsyncMessageSystem/AsyncMessageSystem.uplugin" 186
"../../../Engine/Plugins/Experimental/AutomationUtils/AutomationUtils.uplugin" 187
"../../../Engine/Plugins/Experimental/AvalancheSequenceNavigator/AvalancheSequenceNavigator.uplugin" 188
"../../../Engine/Plugins/Experimental/AudioProperties/AudioProperties.uplugin" 189
"../../../Engine/Plugins/Experimental/BackChannel/BackChannel.uplugin" 190
"../../../Engine/Plugins/Experimental/Buoyancy/Buoyancy.uplugin" 191
"../../../Engine/Plugins/Experimental/BlueprintSnapNodes/BlueprintSnapNodes.uplugin" 192
"../../../Engine/Plugins/Experimental/BlueprintStats/BlueprintStats.uplugin" 193
"../../../Engine/Plugins/Experimental/ChaosCaching/ChaosCaching.uplugin" 194
"../../../Engine/Plugins/Experimental/ChaosCachingUSD/ChaosCachingUSD.uplugin" 195
"../../../Engine/Plugins/Experimental/ChaosClothEditor/ChaosClothEditor.uplugin" 196
"../../../Engine/Plugins/Experimental/ChaosDataflowSolver/ChaosDataflowSolver.uplugin" 197
"../../../Engine/Plugins/Experimental/ChaosFlesh/ChaosFlesh.uplugin" 198
"../../../Engine/Plugins/Experimental/ChaosModularVehicleExamples/ChaosModularVehicleExamples.uplugin" 199
"../../../Engine/Plugins/Tests/VerseModuleIndependenceA/VerseModuleIndependenceA.uplugin" 200
"../../../Engine/Plugins/Tests/PythonAutomationTest/PythonAutomationTest.uplugin" 201
"../../../Engine/Plugins/Experimental/ChaosModularVehicle/ChaosModularVehicle.uplugin" 202
"../../../Engine/Plugins/Tests/InterchangeTests/InterchangeTests.uplugin" 203
"../../../Engine/Plugins/Experimental/ChaosMover/ChaosMover.uplugin" 204
"../../../Engine/Plugins/Experimental/ChaosNiagara/ChaosNiagara.uplugin" 205
"../../../Engine/Plugins/Experimental/ChaosRigidAsset/ChaosRigidAsset.uplugin" 206
"../../../Engine/Plugins/Experimental/ChaosRigidPhysicsAsync/ChaosRigidPhysicsAsync.uplugin" 207
"../../../Engine/Plugins/Experimental/ChaosSolverPlugin/ChaosSolverPlugin.uplugin" 208
"../../../Engine/Plugins/Experimental/CharacterAI/CharacterAI.uplugin" 209
"../../../Engine/Plugins/Experimental/CineCameraSceneCapture/CineCameraSceneCapture.uplugin" 210
"../../../Engine/Plugins/Experimental/ChaosEditor/ChaosEditor.uplugin" 211
"../../../Engine/Plugins/Experimental/CodeEditor/CodeEditor.uplugin" 212
"../../../Engine/Plugins/Experimental/CinematicSequenceNavigator/CinematicSequenceNavigator.uplugin" 213
"../../../Engine/Plugins/Experimental/CodeView/CodeView.uplugin" 214
"../../../Engine/Plugins/Experimental/CineCameraRigs/CineCameraRigs.uplugin" 215
"../../../Engine/Plugins/Experimental/ChaosVehiclesPlugin/ChaosVehiclesPlugin.uplugin" 216
"../../../Engine/Plugins/Media/WmfMedia/WmfMedia.uplugin" 217
"../../../Engine/Plugins/Experimental/CommonConversation/CommonConversation.uplugin" 218
"../../../Engine/Plugins/Experimental/ControlFlows/ControlFlows.uplugin" 219
"../../../Engine/Plugins/Experimental/ColorCorrectRegions/ColorCorrectRegions.uplugin" 220
"../../../Engine/Plugins/Experimental/ControlRigDynamics/ControlRigDynamics.uplugin" 221
"../../../Engine/Plugins/Experimental/DefaultInstallBundleManager/DefaultInstallBundleManager.uplugin" 222
"../../../Engine/Plugins/Experimental/DaySequence/DaySequence.uplugin" 223
"../../../Engine/Plugins/Experimental/DrawDebugLibrary/DrawDebugLibrary.uplugin" 224
"../../../Engine/Plugins/Experimental/EditorTRSGizmo/EditorTRSGizmo.uplugin" 225
"../../../Engine/Plugins/Experimental/DynamicMaterialMediaStreamBridge/DynamicMaterialMediaStreamBridge.uplugin" 226
"../../../Engine/Plugins/Experimental/DynamicWind/DynamicWind.uplugin" 227
"../../../Engine/Plugins/Experimental/EvaluationNotifies/EvaluationNotifies.uplugin" 228
"../../../Engine/Plugins/Experimental/EditorDataStorage/EditorDataStorage.uplugin" 229
"../../../Engine/Plugins/Experimental/FastGeoStreaming/FastGeoStreaming.uplugin" 230
"../../../Engine/Plugins/Experimental/FieldSystemPlugin/FieldSystemPlugin.uplugin" 231
"../../../Engine/Plugins/Experimental/FloatingProperties/FloatingProperties.uplugin" 232
"../../../Engine/Plugins/Experimental/EditorDataStorageFeatures/EditorDataStorageFeatures.uplugin" 233
"../../../Engine/Plugins/Experimental/Fracture/Fracture.uplugin" 234
"../../../Engine/Plugins/Experimental/GameplayGraph/GameplayGraph.uplugin" 235
"../../../Engine/Plugins/Experimental/EditorPerformance/EditorPerformance.uplugin" 236
"../../../Engine/Plugins/Experimental/GameplayTargetingSystem/TargetingSystem.uplugin" 237
"../../../Engine/Plugins/Experimental/ControlRigPhysics/ControlRigPhysics.uplugin" 238
"../../../Engine/Plugins/Experimental/GeometryCacheAbcFile/GeometryCacheAbcFile.uplugin" 239
"../../../Engine/Plugins/Experimental/GeometryCacheLevelSequenceBaker/GeometryCacheLevelSequenceBaker.uplugin" 240
"../../../Engine/Plugins/Experimental/GameplayBehaviors/GameplayBehaviors.uplugin" 241
"../../../Engine/Plugins/Experimental/GeometryDataflow/GeometryDataflow.uplugin" 242
"../../../Engine/Plugins/Experimental/Gauntlet/Gauntlet.uplugin" 243
"../../../Engine/Plugins/Experimental/GeometryFlow/GeometryFlow.uplugin" 244
"../../../Engine/Plugins/Experimental/FullBodyIK/FullBodyIK.uplugin" 245
"../../../Engine/Plugins/Experimental/GPULightmass/GPULightmass.uplugin" 246
"../../../Engine/Plugins/Experimental/HairCardGenerator/HairCardGenerator.uplugin" 247
"../../../Engine/Plugins/Experimental/HairModelingToolset/HairModelingToolset.uplugin" 248
"../../../Engine/Plugins/Experimental/GlobalConfigurationData/GlobalConfigurationData.uplugin" 249
"../../../Engine/Plugins/Experimental/ImagePlate/ImagePlate.uplugin" 250
"../../../Engine/Plugins/Experimental/ImpostorBaker/ImpostorBaker.uplugin" 251
"../../../Engine/Plugins/Experimental/InEditorDocumentation/InEditorDocumentation.uplugin" 252
"../../../Engine/Plugins/Experimental/InlineMaterialInstance/InlineMaterialInstance.uplugin" 253
"../../../Engine/Plugins/Experimental/GizmoFramework/GizmoFramework.uplugin" 254
"../../../Engine/Plugins/Experimental/Iris/Iris.uplugin" 255
"../../../Engine/Plugins/Experimental/HairStrandsMutable/HairStrandsMutable.uplugin" 256
"../../../Engine/Plugins/Experimental/InteractionInterface/InteractionInterface.uplugin" 257
"../../../Engine/Plugins/Experimental/Landmass/Landmass.uplugin" 258
"../../../Engine/Plugins/Experimental/GeometryCollectionPlugin/GeometryCollectionPlugin.uplugin" 259
"../../../Engine/Plugins/Experimental/InstanceDataObjectFixupTool/InstanceDataObjectFixupTool.uplugin" 260
"../../../Engine/Plugins/Experimental/LevelSequenceNavigatorBridge/LevelSequenceNavigatorBridge.uplugin" 261
"../../../Engine/Plugins/Experimental/LiveLinkFaceImporter/LiveLinkFaceImporter.uplugin" 262
"../../../Engine/Plugins/Experimental/LocalizableMessage/LocalizableMessage.uplugin" 263
"../../../Engine/Plugins/Experimental/EditorTelemetry/EditorTelemetry.uplugin" 264
"../../../Engine/Plugins/Experimental/MediaStream/MediaStream.uplugin" 265
"../../../Engine/Plugins/Experimental/JWT/JWT.uplugin" 266
"../../../Engine/Plugins/Experimental/MeshPartition/MeshPartition.uplugin" 267
"../../../Engine/Plugins/Experimental/LowLevelNetTrace/LowLevelNetTrace.uplugin" 268
"../../../Engine/Plugins/Experimental/LearningAgents/LearningAgents.uplugin" 269
"../../../Engine/Plugins/Experimental/LiveLinkControlRig/LiveLinkControlRig.uplugin" 270
"../../../Engine/Plugins/Experimental/HttpInsights/HttpInsights.uplugin" 271
"../../../Engine/Plugins/Experimental/MeshPartitionWater/MeshPartitionWater.uplugin" 272
"../../../Engine/Plugins/Experimental/MetasoundExperimental/MetasoundExperimental.uplugin" 273
"../../../Engine/Plugins/Experimental/MLflow/MLflow.uplugin" 274
"../../../Engine/Plugins/Experimental/MotorSimOutputMotoSynth/MotorSimOutputMotoSynth.uplugin" 275
"../../../Engine/Plugins/Experimental/MeshTerrainMode/MeshTerrainMode.uplugin" 276
"../../../Engine/Plugins/Experimental/MeshResizing/MeshResizing.uplugin" 277
"../../../Engine/Plugins/Experimental/ModelContextProtocol/ModelContextProtocol.uplugin" 278
"../../../Engine/Plugins/Experimental/MessageBusTester/MessageBusTester.uplugin" 279
"../../../Engine/Plugins/Experimental/Mover/Mover.uplugin" 280
"../../../Engine/Plugins/Experimental/MoverAnimNext/MoverAnimNext.uplugin" 281
"../../../Engine/Plugins/Experimental/MoverExamples/MoverExamples.uplugin" 282
"../../../Engine/Plugins/Experimental/MeshModelingToolsetExp/MeshModelingToolsetExp.uplugin" 283
"../../../Engine/Plugins/Experimental/MovieSceneAnimMixer/MovieSceneAnimMixer.uplugin" 284
"../../../Engine/Plugins/Experimental/MoverTests/MoverTests.uplugin" 285
"../../../Engine/Plugins/Experimental/MoverIntegrations/MoverIntegrations.uplugin" 286
"../../../Engine/Plugins/Experimental/MovieScenePoseSearchTracks/MovieScenePoseSearchTracks.uplugin" 287
"../../../Engine/Plugins/Experimental/MotoSynth/MotoSynth.uplugin" 288
"../../../Engine/Plugins/Experimental/MovieSceneMixedControlRig/MovieSceneMixedControlRig.uplugin" 289
"../../../Engine/Plugins/Experimental/MutableAssetUserData/MutableAssetUserData.uplugin" 290
"../../../Engine/Plugins/Experimental/NetworkServiceDiscovery/NetworkServiceDiscovery.uplugin" 291
"../../../Engine/Plugins/Experimental/NaniteDisplacedMesh/NaniteDisplacedMesh.uplugin" 292
"../../../Engine/Plugins/Experimental/MutableClothing/MutableClothing.uplugin" 293
"../../../Engine/Plugins/Performance/PerformanceMonitor/PerformanceMonitor.uplugin" 294
"../../../Engine/Plugins/Experimental/NeuralRendering/NeuralRendering.uplugin" 295
"../../../Engine/Plugins/Experimental/NFORDenoise/NFORDenoise.uplugin" 296
"../../../Engine/Plugins/Experimental/NNERuntimeIREE/NNERuntimeIREE.uplugin" 297
"../../../Engine/Plugins/Experimental/NNERuntimeCoreML/NNERuntimeCoreML.uplugin" 298
"../../../Engine/Plugins/Experimental/NNERuntimeRDG/NNERuntimeRDG.uplugin" 299
"../../../Engine/Plugins/Experimental/OpenImageDenoise/OpenImageDenoise.uplugin" 300
"../../../Engine/Plugins/Experimental/MutableDataflow/MutableDataflow.uplugin" 301
"../../../Engine/Plugins/Experimental/MutablePopulation/MutablePopulation.uplugin" 302
"../../../Engine/Plugins/Experimental/PCGBiomeCore/PCGBiomeCore.uplugin" 303
"../../../Engine/Plugins/Experimental/LearningCore/LearningCore.uplugin" 304
"../../../Engine/Plugins/Experimental/PCGBiomeSample/PCGBiomeSample.uplugin" 305
"../../../Engine/Plugins/Experimental/PCGMeshPartitionInterop/PCGMeshPartitionInterop.uplugin" 306
"../../../Engine/Plugins/Experimental/MutableExtensionExample/MutableExtensionExample.uplugin" 307
"../../../Engine/Plugins/Experimental/PCGPrimitives/PCGPrimitives.uplugin" 308
"../../../Engine/Plugins/Experimental/PlainProps/PlainProps.uplugin" 309
"../../../Engine/Plugins/Experimental/PixelStreamingPlayer/PixelStreamingPlayer.uplugin" 310
"../../../Engine/Plugins/Experimental/PCGPrimitives_MeshPartitionInterop/PCGPrimitives_MeshPartitionInterop.uplugin" 311
"../../../Engine/Plugins/Experimental/PlainPropsEngine/PlainPropsEngine.uplugin" 312
"../../../Engine/Plugins/Experimental/PlainPropsUObject/PlainPropsUObject.uplugin" 313
"../../../Engine/Plugins/Experimental/PlanarCutPlugin/PlanarCut.uplugin" 314
"../../../Engine/Plugins/Experimental/PlatformDLC/PlatformDLC.uplugin" 315
"../../../Engine/Plugins/Experimental/PlatformCrypto/PlatformCrypto.uplugin" 316
"../../../Engine/Plugins/Experimental/PluginAudit/PluginAudit.uplugin" 317
"../../../Engine/Plugins/Experimental/ProceduralVegetationEditor/ProceduralVegetationEditor.uplugin" 318
"../../../Engine/Plugins/Experimental/PluginReferenceViewer/PluginReferenceViewer.uplugin" 319
"../../../Engine/Plugins/Experimental/PostProcessMaterialChainGraph/PostProcessMaterialChainGraph.uplugin" 320
"../../../Engine/Plugins/Experimental/PluginTemplateTool/PluginTemplateTool.uplugin" 321
"../../../Engine/Plugins/Experimental/PSDImporter/PSDImporter.uplugin" 322
"../../../Engine/Plugins/Experimental/PythonFoundationPackages/PythonFoundationPackages.uplugin" 323
"../../../Engine/Plugins/Experimental/PythonScriptPlugin/PythonScriptPlugin.uplugin" 324
"../../../Engine/Plugins/Experimental/PSDImporterMaterialDesignerBridge/PSDImporterMaterialDesignerBridge.uplugin" 325
"../../../Engine/Plugins/Experimental/PythonMLPackages/PythonMLPackages.uplugin" 326
"../../../Engine/Plugins/Experimental/QuicMessaging/QuicMessaging.uplugin" 327
"../../../Engine/Plugins/Experimental/LiveLinkOpenVR/LiveLinkOpenVR.uplugin" 328
"../../../Engine/Plugins/Experimental/ChaosUserDataPT/ChaosUserDataPT.uplugin" 329
"../../../Engine/Plugins/Experimental/RawInput/RawInput.uplugin" 330
"../../../Engine/Plugins/Experimental/RemoteControlComponents/RemoteControlComponents.uplugin" 331
"../../../Engine/Plugins/Experimental/RemoteSession/RemoteSession.uplugin" 332
"../../../Engine/Plugins/Experimental/NNERuntimeBasicCpu/NNERuntimeBasicCpu.uplugin" 333
"../../../Engine/Plugins/Experimental/PlayerInputDebugger/PlayerInputDebugger.uplugin" 334
"../../../Engine/Plugins/Experimental/RazerChromaDevices/RazerChromaDevices.uplugin" 335
"../../../Engine/Plugins/Experimental/RigLogicUAF/RigLogicUAF.uplugin" 336
"../../../Engine/Plugins/Experimental/ScreenReader/ScreenReader.uplugin" 337
"../../../Engine/Plugins/Experimental/RuntimeTelemetry/RuntimeTelemetry.uplugin" 338
"../../../Engine/Plugins/Experimental/SequenceNavigator/SequenceNavigator.uplugin" 339
"../../../Engine/Plugins/Experimental/SecuritySandbox/SecuritySandbox.uplugin" 340
"../../../Engine/Plugins/Experimental/RenderGrid/RenderGrid.uplugin" 341
"../../../Engine/Plugins/Experimental/SemanticSearch/SemanticSearch.uplugin" 342
"../../../Engine/Plugins/Experimental/SerializationUtils/SerializationUtils.uplugin" 343
"../../../Engine/Plugins/Experimental/SlateIM/SlateIM.uplugin" 344
"../../../Engine/Plugins/Experimental/StateGraph/StateGraph.uplugin" 345
"../../../Engine/Plugins/Experimental/SkeletalReduction/SkeletalReduction.uplugin" 346
"../../../Engine/Plugins/Experimental/SimpleHMD/SimpleHMD.uplugin" 347
"../../../Engine/Plugins/Experimental/Shotgrid/Shotgrid.uplugin" 348
"../../../Engine/Plugins/Experimental/SpatialReadiness/SpatialReadiness.uplugin" 349
"../../../Engine/Plugins/Experimental/StructUtils/StructUtils.uplugin" 350
"../../../Engine/Plugins/Experimental/SlateScreenReader/SlateScreenReader.uplugin" 351
"../../../Engine/Plugins/Experimental/Subsonic/Subsonic.uplugin" 352
"../../../Engine/Plugins/Experimental/SurfaceEffects/SurfaceEffects.uplugin" 353
"../../../Engine/Plugins/Experimental/TargetDeviceServicesScripting/TargetDeviceServicesScripting.uplugin" 354
"../../../Engine/Plugins/Experimental/TechAudioTools/TechAudioTools.uplugin" 355
"../../../Engine/Plugins/Experimental/Tensorboard/Tensorboard.uplugin" 356
"../../../Engine/Plugins/Experimental/SubmitToolEditor/SubmitToolEditor.uplugin" 357
"../../../Engine/Plugins/Experimental/Terminal/Terminal.uplugin" 358
"../../../Engine/Plugins/Experimental/OptiXDenoise/OptiXDenoise.uplugin" 359
"../../../Engine/Plugins/Experimental/AvalancheDisplayCluster/AvalancheDisplayCluster.uplugin" 360
"../../../Engine/Plugins/Experimental/TetMeshing/TetMeshing.uplugin" 361
"../../../Engine/Plugins/Experimental/USDPregen/USDPregen.uplugin" 362
"../../../Engine/Plugins/Experimental/NaniteAssemblyEditorUtils/NaniteAssemblyEditorUtils.uplugin" 363
"../../../Engine/Plugins/Experimental/UserToolBoxBasicCommand/UserToolBoxBasicCommand.uplugin" 364
"../../../Engine/Plugins/Experimental/VirtualHeightfieldMesh/VirtualHeightfieldMesh.uplugin" 365
"../../../Engine/Plugins/Experimental/ToolPresets/ToolPresets.uplugin" 366
"../../../Engine/Plugins/Experimental/UserToolBoxCore/UserToolBoxCore.uplugin" 367
"../../../Engine/Plugins/Experimental/RemoteControlActorModifierBridge/RemoteControlActorModifierBridge.uplugin" 368
"../../../Engine/Plugins/Experimental/ToolsetRegistry/ToolsetRegistry.uplugin" 369
"../../../Engine/Plugins/Experimental/Volumetrics/Volumetrics.uplugin" 370
"../../../Engine/Plugins/Experimental/Water/Water.uplugin" 371
"../../../Engine/Plugins/Experimental/WaveFunctionCollapse/WaveFunctionCollapse.uplugin" 372
"../../../Engine/Plugins/Experimental/VirtualProductionUtilities/VirtualProductionUtilities.uplugin" 373
"../../../Engine/Plugins/Experimental/TextToSpeech/TextToSpeech.uplugin" 374
"../../../Engine/Plugins/Experimental/VEUV/VEUV.uplugin" 375
"../../../Engine/Plugins/Experimental/WaterExtras/WaterExtras.uplugin" 376
"../../../Engine/Plugins/Experimental/WebSocketMessaging/WebSocketMessaging.uplugin" 377
"../../../Engine/Plugins/Experimental/WaterAdvanced/WaterAdvanced.uplugin" 378
"../../../Engine/Plugins/Experimental/WidgetEditorToolPalette/WidgetEditorToolPalette.uplugin" 379
"../../../Engine/Plugins/Experimental/WebSocketNetworking/WebSocketNetworking.uplugin" 380
"../../../Engine/Plugins/Experimental/Workspace/Workspace.uplugin" 381
"../../../Engine/Plugins/Experimental/UIFramework/UIFramework.uplugin" 382
"../../../Engine/Plugins/Experimental/PanoramicCapture/PanoramicCapture.uplugin" 383
"../../../Engine/Plugins/Compositing/Composure/Composure.uplugin" 384
"../../../Engine/Plugins/MovieScene/CinematicPrestreaming/CinematicPrestreaming.uplugin" 385
"../../../Engine/Plugins/MovieScene/ActorSequence/ActorSequence.uplugin" 386
"../../../Engine/Plugins/MovieScene/MoviePipelineMaskRenderPass/MoviePipelineMaskRenderPass.uplugin" 387
"../../../Engine/Plugins/MovieScene/CustomizableSequencerTracks/CustomizableSequencerTracks.uplugin" 388
"../../../Engine/Plugins/Experimental/SlateModelViewViewModel/SlateModelViewViewModel.uplugin" 389
"../../../Engine/Plugins/MovieScene/LevelSequenceEditor/LevelSequenceEditor.uplugin" 390
"../../../Engine/Plugins/MovieScene/MovieSceneTextTrack/MovieSceneTextTrack.uplugin" 391
"../../../Engine/Plugins/MovieScene/ReplayTracks/ReplayTracks.uplugin" 392
"../../../Engine/Plugins/PCGInterops/PCGGeometryScriptInterop/PCGGeometryScriptInterop.uplugin" 393
"../../../Engine/Plugins/MovieScene/SequencerScripting/SequencerScripting.uplugin" 394
"../../../Engine/Plugins/PCGInterops/PCGPythonInterop/PCGPythonInterop.uplugin" 395
"../../../Engine/Plugins/Protocols/MQTT/MQTT.uplugin" 396
"../../../Engine/Plugins/VirtualProduction/AccumulationDOF/AccumulationDOF.uplugin" 397
"../../../Engine/Plugins/MovieScene/MovieRenderPipeline/MovieRenderPipeline.uplugin" 398
"../../../Engine/Plugins/MovieScene/SequenceValidator/SequenceValidator.uplugin" 399
"../../../Engine/Plugins/VirtualProduction/ActorModifierCore/ActorModifierCore.uplugin" 400
"../../../Engine/Plugins/VirtualProduction/ActorModifier/ActorModifier.uplugin" 401
"../../../Engine/Plugins/VirtualProduction/AvalancheDataLink/AvalancheDataLink.uplugin" 402
"../../../Engine/Plugins/VirtualProduction/Avalanche/Avalanche.uplugin" 403
"../../../Engine/Plugins/VirtualProduction/CameraCalibration/CameraCalibration.uplugin" 404
"../../../Engine/Plugins/VirtualProduction/CameraCalibrationCore/CameraCalibrationCore.uplugin" 405
"../../../Engine/Plugins/VirtualProduction/CameraCalibrationML/CameraCalibrationML.uplugin" 406
"../../../Engine/Plugins/VirtualProduction/CinematicAssemblyTools/CinematicAssemblyTools.uplugin" 407
"../../../Engine/Plugins/VirtualProduction/CaptureData/CaptureData.uplugin" 408
"../../../Engine/Plugins/PCGInterops/PCGExternalDataInterop/PCGExternalDataInterop.uplugin" 409
"../../../Engine/Plugins/VirtualProduction/CustomDetailsView/CustomDetailsView.uplugin" 410
"../../../Engine/Plugins/VirtualProduction/ClonerEffector/ClonerEffector.uplugin" 411
"../../../Engine/Plugins/VirtualProduction/DataLinkOAuth/DataLinkOAuth.uplugin" 412
"../../../Engine/Plugins/VirtualProduction/DataLink/DataLink.uplugin" 413
"../../../Engine/Plugins/VirtualProduction/DynamicMaterial/DynamicMaterial.uplugin" 414
"../../../Engine/Plugins/VirtualProduction/DataCharts/DataCharts.uplugin" 415
"../../../Engine/Plugins/VirtualProduction/EpicStageApp/EpicStageApp.uplugin" 416
"../../../Engine/Plugins/VirtualProduction/LiveLinkCamera/LiveLinkCamera.uplugin" 417
"../../../Engine/Plugins/VirtualProduction/LiveLinkFreeD/LiveLinkFreeD.uplugin" 418
"../../../Engine/Plugins/VirtualProduction/ICVFXTesting/ICVFXTesting.uplugin" 419
"../../../Engine/Plugins/VirtualProduction/LiveLinkInputDevice/LiveLinkInputDevice.uplugin" 420
"../../../Engine/Plugins/VirtualProduction/CompositePlane/CompositePlane.uplugin" 421
"../../../Engine/Plugins/Experimental/XRCreativeFramework/XRCreativeFramework.uplugin" 422
"../../../Engine/Plugins/VirtualProduction/LensComponent/LensComponent.uplugin" 423
"../../../Engine/Plugins/VirtualProduction/LiveLinkMasterLockit/LiveLinkMasterLockit.uplugin" 424
"../../../Engine/Plugins/VirtualProduction/LiveLinkOpenTrackIO/LiveLinkOpenTrackIO.uplugin" 425
"../../../Engine/Plugins/MovieScene/TemplateSequence/TemplateSequence.uplugin" 426
"../../../Engine/Plugins/VirtualProduction/AvalancheSceneState/AvalancheSceneState.uplugin" 427
"../../../Engine/Plugins/VirtualProduction/LiveLinkKiProDevice/LiveLinkKiProDevice.uplugin" 428
"../../../Engine/Plugins/VirtualProduction/LiveLinkSoundDevice/LiveLinkSoundDevice.uplugin" 429
"../../../Engine/Plugins/VirtualProduction/LiveLinkVRPN/LiveLinkVRPN.uplugin" 430
"../../../Engine/Plugins/VirtualProduction/MultiUserTakes/MultiUserTakes.uplugin" 431
"../../../Engine/Plugins/VirtualProduction/LiveLinkXR/LiveLinkXR.uplugin" 432
"../../../Engine/Plugins/VirtualProduction/LiveLinkOBSDevice/LiveLinkOBSDevice.uplugin" 433
"../../../Engine/Plugins/VirtualProduction/LevelSnapshots/LevelSnapshots.uplugin" 434
"../../../Engine/Plugins/VirtualProduction/OperatorStack/OperatorStack.uplugin" 435
"../../../Engine/Plugins/VirtualProduction/PerformanceCaptureWorkflow/PerformanceCaptureWorkflow.uplugin" 436
"../../../Engine/Plugins/VirtualProduction/PropertyAnimatorCore/PropertyAnimatorCore.uplugin" 437
"../../../Engine/Plugins/VirtualProduction/LiveLinkLens/LiveLinkLens.uplugin" 438
"../../../Engine/Plugins/VirtualProduction/LiveLinkPrestonMDR/LiveLinkPrestonMDR.uplugin" 439
"../../../Engine/Plugins/VirtualProduction/ICVFX/ICVFX.uplugin" 440
"../../../Engine/Plugins/VirtualProduction/RemoteControlProtocolOSC/RemoteControlProtocolOSC.uplugin" 441
"../../../Engine/Plugins/VirtualProduction/RemoteControlInterception/RemoteControlInterception.uplugin" 442
"../../../Engine/Plugins/VirtualProduction/PropertyAnimator/PropertyAnimator.uplugin" 443
"../../../Engine/Plugins/VirtualProduction/SceneStateDataLink/SceneStateDataLink.uplugin" 444
"../../../Engine/Plugins/VirtualProduction/GeometryMask/GeometryMask.uplugin" 445
"../../../Engine/Plugins/VirtualProduction/SVGImporter/SVGImporter.uplugin" 446
"../../../Engine/Plugins/VirtualProduction/StormSyncAvalancheBridge/StormSyncAvalancheBridge.uplugin" 447
"../../../Engine/Plugins/VirtualProduction/Text3D/Text3D.uplugin" 448
"../../../Engine/Plugins/VirtualProduction/TextureShare/TextureShare.uplugin" 449
"../../../Engine/Plugins/VirtualProduction/SceneState/SceneState.uplugin" 450
"../../../Engine/Plugins/VirtualProduction/SequencerPlaylists/SequencerPlaylists.uplugin" 451
"../../../Engine/Plugins/VirtualProduction/Takes/Takes.uplugin" 452
"../../../Engine/Plugins/VirtualProduction/RemoteControl/RemoteControl.uplugin" 453
"../../../Engine/Plugins/VirtualProduction/ViewportWidgetOverlay/ViewportWidgetOverlay.uplugin" 454
"../../../Engine/Plugins/VirtualProduction/TimedDataMonitor/TimedDataMonitor.uplugin" 455
"../../../Engine/Plugins/VirtualProduction/VirtualCameraCore/VirtualCameraCore.uplugin" 456
"../../../Engine/Plugins/FX/Cascade/Cascade.uplugin" 457
"../../../Engine/Plugins/VirtualProduction/VirtualScouting/VirtualScouting.uplugin" 458
"../../../Engine/Plugins/FX/ExampleCustomDataInterface/ExampleCustomDataInterface.uplugin" 459
"../../../Engine/Plugins/VirtualProduction/Switchboard/Switchboard.uplugin" 460
"../../../Engine/Plugins/VirtualProduction/RemoteControlProtocolDMX/RemoteControlProtocolDMX.uplugin" 461
"../../../Engine/Plugins/FX/Niagara/Niagara.uplugin" 462
"../../../Engine/Plugins/FX/CascadeToNiagaraConverter/CascadeToNiagaraConverter.uplugin" 463
"../../../Engine/Plugins/VirtualProduction/RemoteControlProtocolMIDI/RemoteControlProtocolMIDI.uplugin" 464
"../../../Engine/Plugins/FX/NiagaraMRQ/NiagaraMRQ.uplugin" 465
"../../../Engine/Plugins/FX/NiagaraNanite/NiagaraNanite.uplugin" 466
"../../../Engine/Plugins/FX/NiagaraSimCaching/NiagaraSimCaching.uplugin" 467
"../../../Engine/Plugins/FX/NiagaraUIRenderer/NiagaraUIRenderer.uplugin" 468
"../../../Engine/Plugins/FX/NiagaraPreviewContent/NiagaraPreviewContent.uplugin" 469
"../../../Engine/Plugins/Runtime/ActorLayerUtilities/ActorLayerUtilities.uplugin" 470
"../../../Engine/Plugins/Runtime/ADM/ADM.uplugin" 471
"../../../Engine/Plugins/VirtualProduction/VirtualCamera/VirtualCamera.uplugin" 472
"../../../Engine/Plugins/Runtime/AndroidFileServer/AndroidFileServer.uplugin" 473
"../../../Engine/Plugins/VirtualProduction/RemoteControlWebInterface/RemoteControlWebInterface.uplugin" 474
"../../../Engine/Plugins/Runtime/AndroidMoviePlayer/AndroidMoviePlayer.uplugin" 475
"../../../Engine/Plugins/Runtime/AnimationBudgetAllocator/AnimationBudgetAllocator.uplugin" 476
"../../../Engine/Plugins/Runtime/AppleImageUtils/AppleImageUtils.uplugin" 477
"../../../Engine/Plugins/Runtime/AndroidBackgroundService/AndroidBackgroundService.uplugin" 478
"../../../Engine/Plugins/Runtime/ApexDestruction/ApexDestruction.uplugin" 479
"../../../Engine/Plugins/Runtime/AppleMoviePlayer/AppleMoviePlayer.uplugin" 480
"../../../Engine/Plugins/Runtime/AssetTags/AssetTags.uplugin" 481
"../../../Engine/Plugins/Runtime/ArchVisCharacter/ArchVisCharacter.uplugin" 482
"../../../Engine/Plugins/FX/NiagaraFluids/NiagaraFluids.uplugin" 483
"../../../Engine/Plugins/Runtime/AudioCapture/AudioCapture.uplugin" 484
"../../../Engine/Plugins/Runtime/AndroidPermission/AndroidPermission.uplugin" 485
"../../../Engine/Plugins/Runtime/AndroidDeviceProfileSelector/AndroidDeviceProfileSelector.uplugin" 486
"../../../Engine/Plugins/Runtime/AudioModulation/AudioModulation.uplugin" 487
"../../../Engine/Plugins/Runtime/AudioMotorSim/AudioMotorSim.uplugin" 488
"../../../Engine/Plugins/Runtime/CableComponent/CableComponent.uplugin" 489
"../../../Engine/Plugins/Runtime/CelestialVault/CelestialVault.uplugin" 490
"../../../Engine/Plugins/VirtualProduction/StormSync/StormSync.uplugin" 491
"../../../Engine/Plugins/Runtime/CommonUI/CommonUI.uplugin" 492
"../../../Engine/Plugins/Runtime/CustomMeshComponent/CustomMeshComponent.uplugin" 493
"../../../Engine/Plugins/Runtime/ComputeFramework/ComputeFramework.uplugin" 494
"../../../Engine/Plugins/Runtime/DataRegistry/DataRegistry.uplugin" 495
"../../../Engine/Plugins/Runtime/ExampleDeviceProfileSelector/ExampleDeviceProfileSelector.uplugin" 496
"../../../Engine/Plugins/Runtime/ExternalGPUStatistics/ExternalGPUStatistics.uplugin" 497
"../../../Engine/Plugins/Runtime/Firebase/Firebase.uplugin" 498
"../../../Engine/Plugins/Runtime/AudioWidgets/AudioWidgets.uplugin" 499
"../../../Engine/Plugins/Runtime/GameInput/GameInput.uplugin" 500
"../../../Engine/Plugins/Runtime/GameFeatures/GameFeatures.uplugin" 501
"../../../Engine/Plugins/Runtime/GeoReferencing/GeoReferencing.uplugin" 502
"../../../Engine/Plugins/Runtime/GeometryProcessing/GeometryProcessing.uplugin" 503
"../../../Engine/Plugins/Runtime/GoogleCloudMessaging/GoogleCloudMessaging.uplugin" 504
"../../../Engine/Plugins/Runtime/GooglePAD/GooglePAD.uplugin" 505
"../../../Engine/Plugins/Runtime/HairStrands/HairStrands.uplugin" 506
"../../../Engine/Plugins/Runtime/HDRIBackdrop/HDRIBackdrop.uplugin" 507
"../../../Engine/Plugins/Runtime/Harmonix/Harmonix.uplugin" 508
"../../../Engine/Plugins/Runtime/AudioSynesthesia/AudioSynesthesia.uplugin" 509
"../../../Engine/Plugins/VirtualProduction/StageMonitoring/StageMonitoring.uplugin" 510
"../../../Engine/Plugins/Runtime/InstancedActors/InstancedActors.uplugin" 511
"../../../Engine/Plugins/Runtime/HPMotionController/HPMotionController.uplugin" 512
"../../../Engine/Plugins/Runtime/InputDebugging/InputDebugging.uplugin" 513
"../../../Engine/Plugins/Runtime/IOSDeviceProfileSelector/IOSDeviceProfileSelector.uplugin" 514
"../../../Engine/Plugins/Runtime/IOSReplayKit/IOSReplayKit.uplugin" 515
"../../../Engine/Plugins/Runtime/LevelStreamingPersistence/LevelStreamingPersistence.uplugin" 516
"../../../Engine/Plugins/Runtime/LocationServicesAndroidImpl/LocationServicesAndroidImpl.uplugin" 517
"../../../Engine/Plugins/Runtime/GeometryCache/GeometryCache.uplugin" 518
"../../../Engine/Plugins/Runtime/HTTPChunkInstaller/HTTPChunkInstaller.uplugin" 519
"../../../Engine/Plugins/Runtime/LiveLinkOvernDisplay/LiveLinkOverNDisplay.uplugin" 520
"../../../Engine/Plugins/Runtime/LinuxDeviceProfileSelector/LinuxDeviceProfileSelector.uplugin" 521
"../../../Engine/Plugins/Runtime/MeshModelingToolset/MeshModelingToolset.uplugin" 522
"../../../Engine/Plugins/Runtime/MassGameplay/MassGameplay.uplugin" 523
"../../../Engine/Plugins/Runtime/Metasound/Metasound.uplugin" 524
"../../../Engine/Plugins/Runtime/LocationServicesBPLibrary/LocationServicesBPLibrary.uplugin" 525
"../../../Engine/Plugins/Runtime/LocationServicesIOSImpl/LocationServicesIOSImpl.uplugin" 526
"../../../Engine/Plugins/Runtime/MicrosoftSpatialAudio/MicroSoftSpatialSound.uplugin" 527
"../../../Engine/Plugins/Runtime/MobilePatchingUtils/MobilePatchingUtils.uplugin" 528
"../../../Engine/Plugins/Runtime/MsQuic/MsQuic.uplugin" 529
"../../../Engine/Plugins/Runtime/GameplayInteractions/GameplayInteractions.uplugin" 530
"../../../Engine/Plugins/Runtime/ModelViewViewModel/ModelViewViewModel.uplugin" 531
"../../../Engine/Plugins/Runtime/MusicEnvironment/MusicEnvironment.uplugin" 532
"../../../Engine/Plugins/Runtime/MultiServerReplication/MultiServerReplication.uplugin" 533
"../../../Engine/Plugins/Runtime/GeometryScripting/GeometryScripting.uplugin" 534
"../../../Engine/Plugins/Runtime/GameplayStateTree/GameplayStateTree.uplugin" 535
"../../../Engine/Plugins/Runtime/GameplayAbilities/GameplayAbilities.uplugin" 536
"../../../Engine/Plugins/Runtime/MixedRealityCaptureFramework/MixedRealityCaptureFramework.uplugin" 537
"../../../Engine/Plugins/Runtime/ModularGameplay/ModularGameplay.uplugin" 538
"../../../Engine/Plugins/Runtime/MIDIDevice/MIDIDevice.uplugin" 539
"../../../Engine/Plugins/Runtime/nDisplay/nDisplay.uplugin" 540
"../../../Engine/Plugins/Runtime/NetworkPrediction/NetworkPrediction.uplugin" 541
"../../../Engine/Plugins/Runtime/OpenCV/OpenCV.uplugin" 542
"../../../Engine/Plugins/Runtime/OpenXR/OpenXR.uplugin" 543
"../../../Engine/Plugins/Runtime/NetworkPredictionExtras/NetworkPredictionExtras.uplugin" 544
"../../../Engine/Plugins/Runtime/OpenXREyeTracker/OpenXREyeTracker.uplugin" 545
"../../../Engine/Plugins/Runtime/OpenXRHandTracking/OpenXRHandTracking.uplugin" 546
"../../../Engine/Plugins/Runtime/GameplayBehaviorSmartObjects/GameplayBehaviorSmartObjects.uplugin" 547
"../../../Engine/Plugins/Runtime/OptionalMobileFeaturesBPLibrary/OptionalMobileFeaturesBPLibrary.uplugin" 548
"../../../Engine/Plugins/Runtime/OpenXRViveTracker/OpenXRViveTracker.uplugin" 549
"../../../Engine/Plugins/Runtime/PICOController/PICOController.uplugin" 550
"../../../Engine/Plugins/Runtime/OSC/OSC.uplugin" 551
"../../../Engine/Plugins/Runtime/PreLoadScreenMoviePlayer/PreLoadScreenMoviePlayer.uplugin" 552
"../../../Engine/Plugins/Runtime/NetworkPredictionInsights/NetworkPredictionInsights.uplugin" 553
"../../../Engine/Plugins/Runtime/PropertyAccess/PropertyAccessEditor.uplugin" 554
"../../../Engine/Plugins/Runtime/RenderTrace/RenderTrace.uplugin" 555
"../../../Engine/Plugins/Runtime/PropertyBindingUtils/PropertyBindingUtils.uplugin" 556
"../../../Engine/Plugins/Runtime/OpenXRMsftHandInteraction/OpenXRMsftHandInteraction.uplugin" 557
"../../../Engine/Plugins/Runtime/ProceduralMeshComponent/ProceduralMeshComponent.uplugin" 558
"../../../Engine/Plugins/Runtime/ModularViewports/ModularViewports.uplugin" 559
"../../../Engine/Plugins/Runtime/ReplicationGraph/ReplicationGraph.uplugin" 560
"../../../Engine/Plugins/Runtime/nDisplayModularFeatures/nDisplayModularFeatures.uplugin" 561
"../../../Engine/Plugins/Runtime/ReplicationSystemTestPlugin/ReplicationSystemTestPlugin.uplugin" 562
"../../../Engine/Plugins/Runtime/ResonanceAudio/ResonanceAudio.uplugin" 563
"../../../Engine/Plugins/Runtime/ScriptableToolsFramework/ScriptableToolsFramework.uplugin" 564
"../../../Engine/Plugins/Runtime/SkeletalMerging/SkeletalMerging.uplugin" 565
"../../../Engine/Plugins/Runtime/SignificanceManager/SignificanceManager.uplugin" 566
"../../../Engine/Plugins/Runtime/RigVM/RigVM.uplugin" 567
"../../../Engine/Plugins/Runtime/SoundMod/SoundMod.uplugin" 568
"../../../Engine/Plugins/Runtime/SoundCueTemplates/SoundCueTemplates.uplugin" 569
"../../../Engine/Plugins/Runtime/SoundFields/SoundFields.uplugin" 570
"../../../Engine/Plugins/Runtime/Soundscape/Soundscape.uplugin" 571
"../../../Engine/Plugins/Runtime/SoundUtilities/SoundUtilities.uplugin" 572
"../../../Engine/Plugins/Runtime/SunPosition/SunPosition.uplugin" 573
"../../../Engine/Plugins/Runtime/StateTree/StateTree.uplugin" 574
"../../../Engine/Plugins/Runtime/Synthesis/Synthesis.uplugin" 575
"../../../Engine/Plugins/Runtime/SmartObjects/SmartObjects.uplugin" 576
"../../../Engine/Plugins/Runtime/WarpUtils/WarpUtils.uplugin" 577
"../../../Engine/Plugins/Runtime/USDCore/USDCore.uplugin" 578
"../../../Engine/Plugins/Runtime/NavCorridor/NavCorridor.uplugin" 579
"../../../Engine/Plugins/Runtime/WebBrowserNativeProxy/WebBrowserNativeProxy.uplugin" 580
"../../../Engine/Plugins/FX/NiagaraInsights/NiagaraInsights.uplugin" 581
"../../../Engine/Plugins/Runtime/WebBrowserWidget/WebBrowserWidget.uplugin" 582
"../../../Engine/Plugins/Runtime/WaveTable/WaveTable.uplugin" 583
"../../../Engine/Plugins/Runtime/WebMMoviePlayer/WebMMoviePlayer.uplugin" 584
"../../../Engine/Plugins/Runtime/WindowsMoviePlayer/WindowsMoviePlayer.uplugin" 585
"../../../Engine/Plugins/Runtime/WindowsDeviceProfileSelector/WindowsDeviceProfileSelector.uplugin" 586
"../../../Engine/Plugins/Runtime/ChunkDownloader/ChunkDownloader.uplugin" 587
"../../../Engine/Plugins/Runtime/ZoneGraph/ZoneGraph.uplugin" 588
"../../../Engine/Plugins/Runtime/XRBase/XRBase.uplugin" 589
"../../../Engine/Plugins/AI/AISupport/AISupport.uplugin" 590
"../../../Engine/Plugins/NNE/NNERuntimeORT/NNERuntimeORT.uplugin" 591
"../../../Engine/Plugins/NNE/NNEDenoiser/NNEDenoiser.uplugin" 592
"../../../Engine/Plugins/Portal/LauncherChunkInstaller/LauncherChunkInstaller.uplugin" 593
"../../../Engine/Plugins/Runtime/WorldConditions/WorldConditions.uplugin" 594
"../../../Engine/Plugins/AI/HTNPlanner/HTNPlanner.uplugin" 595
"../../../Engine/Plugins/Runtime/ZoneGraphAnnotations/ZoneGraphAnnotations.uplugin" 596
"../../../Engine/Plugins/Animation/ACLPlugin/ACLPlugin.uplugin" 597
"../../../Engine/Plugins/AI/MassCrowd/MassCrowd.uplugin" 598
"../../../Engine/Plugins/Animation/AnimationLocomotionLibrary/AnimationLocomotionLibrary.uplugin" 599
"../../../Engine/Plugins/AI/MLAdapter/MLAdapter.uplugin" 600
"../../../Engine/Plugins/Animation/BlendStack/BlendStack.uplugin" 601
"../../../Engine/Plugins/AI/EnvironmentQueryEditor/EnvironmentQueryEditor.uplugin" 602
"../../../Engine/Plugins/Animation/ControlRig/ControlRig.uplugin" 603
"../../../Engine/Plugins/Animation/AnimatorKit/AnimatorKit.uplugin" 604
"../../../Engine/Plugins/Animation/BlendSpaceMotionAnalysis/BlendSpaceMotionAnalysis.uplugin" 605
"../../../Engine/Plugins/Animation/AnimationWarping/AnimationWarping.uplugin" 606
"../../../Engine/Plugins/Animation/ControlRigSpline/ControlRigSpline.uplugin" 607
"../../../Engine/Plugins/Animation/ControlRigModules/ControlRigModules.uplugin" 608
"../../../Engine/Plugins/Animation/GeneSplicer/GeneSplicer.uplugin" 609
"../../../Engine/Plugins/Animation/LiveLinkCurveDebugUI/LiveLinkCurveDebugUI.uplugin" 610
"../../../Engine/Plugins/Animation/DNACalib/DNACalib.uplugin" 611
"../../../Engine/Plugins/Animation/LiveLinkDevice/LiveLinkDevice.uplugin" 612
"../../../Engine/Plugins/Animation/LiveLinkExampleDevice/LiveLinkExampleDevice.uplugin" 613
"../../../Engine/Plugins/Animation/EaseCurveTool/EaseCurveTool.uplugin" 614
"../../../Engine/Plugins/Animation/LiveLink/LiveLink.uplugin" 615
"../../../Engine/Plugins/Animation/LiveLinkGenericRecordingDevice/LiveLinkGenericRecordingDevice.uplugin" 616
"../../../Engine/Plugins/Animation/LiveLinkUnrealDevice/LiveLinkUnrealDevice.uplugin" 617
"../../../Engine/Plugins/Animation/IKRig/IKRig.uplugin" 618
"../../../Engine/Plugins/Animation/AnimationData/AnimationData.uplugin" 619
"../../../Engine/Plugins/Animation/GameplayInsights/GameplayInsights.uplugin" 620
"../../../Engine/Plugins/Animation/AnimationModifierLibrary/AnimationModifierLibrary.uplugin" 621
"../../../Engine/Plugins/Animation/MotionWarping/MotionWarping.uplugin" 622
"../../../Engine/Plugins/Animation/PhysicsControl/PhysicsControl.uplugin" 623
"../../../Engine/Plugins/Animation/PerformanceCaptureCore/PerformanceCaptureCore.uplugin" 624
"../../../Engine/Plugins/Animation/RigLogic/RigLogic.uplugin" 625
"../../../Engine/Plugins/Animation/DeformerGraph/DeformerGraph.uplugin" 626
"../../../Engine/Plugins/Animation/PoseSearch/PoseSearch.uplugin" 627
"../../../Engine/Plugins/Animation/TweeningUtils/TweeningUtils.uplugin" 628
"../../../Engine/Plugins/Cameras/GameplayCameras/GameplayCameras.uplugin" 629
"../../../Engine/Plugins/Cameras/CameraShakePreviewer/CameraShakePreviewer.uplugin" 630
"../../../Engine/Plugins/Compression/OodleNetwork/OodleNetwork.uplugin" 631
"../../../Engine/Plugins/Editor/AssetManagerEditor/AssetManagerEditor.uplugin" 632
"../../../Engine/Plugins/Editor/AssetReferenceRestrictions/AssetReferenceRestrictions.uplugin" 633
"../../../Engine/Plugins/Editor/AssetRegistryExport/AssetRegistryExport.uplugin" 634
"../../../Engine/Plugins/Editor/ChangelistReview/ChangelistReview.uplugin" 635
"../../../Engine/Plugins/Editor/DataValidation/DataValidation.uplugin" 636
"../../../Engine/Plugins/Animation/SkeletalMeshModelingTools/SkeletalMeshModelingTools.uplugin" 637
"../../../Engine/Plugins/Editor/ConsoleVariablesEditor/ConsoleVariables.uplugin" 638
"../../../Engine/Plugins/AI/MassAI/MassAI.uplugin" 639
"../../../Engine/Plugins/Editor/DisplayClusterLaunch/DisplayClusterLaunch.uplugin" 640
"../../../Engine/Plugins/Editor/CurveEditorTools/CurveEditorTools.uplugin" 641
"../../../Engine/Plugins/Cameras/EngineCameras/EngineCameras.uplugin" 642
"../../../Engine/Plugins/Editor/CryptoKeys/CryptoKeys.uplugin" 643
"../../../Engine/Plugins/Editor/EditorDebugTools/EditorDebugTools.uplugin" 644
"../../../Engine/Plugins/Editor/EditorSysConfigAssistant/EditorSysConfigAssistant.uplugin" 645
"../../../Engine/Plugins/Editor/FacialAnimation/FacialAnimation.uplugin" 646
"../../../Engine/Plugins/Editor/GameplayTagsEditor/GameplayTagsEditor.uplugin" 647
"../../../Engine/Plugins/Editor/GeometryMode/GeometryMode.uplugin" 648
"../../../Engine/Plugins/Editor/EngineAssetDefinitions/EngineAssetDefinitions.uplugin" 649
"../../../Engine/Plugins/Runtime/Spatialization/Spatialization.uplugin" 650
"../../../Engine/Plugins/Editor/AssetSearch/AssetSearch.uplugin" 651
"../../../Engine/Plugins/Editor/ImageWidgets/ImageWidgets.uplugin" 652
"../../../Engine/Plugins/Editor/GuidedTutorials/GuidedTutorials.uplugin" 653
"../../../Engine/Plugins/Editor/LandscapePatch/LandscapePatch.uplugin" 654
"../../../Engine/Plugins/Editor/MaterialAnalyzer/MaterialAnalyzer.uplugin" 655
"../../../Engine/Plugins/Editor/ColorGrading/ColorGrading.uplugin" 656
"../../../Engine/Plugins/Editor/BlueprintHeaderView/BlueprintHeaderView.uplugin" 657
"../../../Engine/Plugins/Editor/MaterialAssetWizard/MaterialAssetWizard.uplugin" 658
"../../../Engine/Plugins/Editor/BlueprintMaterialTextureNodes/BlueprintMaterialTextureNodes.uplugin" 659
"../../../Engine/Plugins/Editor/MaterialValidation/MaterialValidation.uplugin" 660
"../../../Engine/Plugins/Editor/MacGraphicsSwitching/MacGraphicsSwitching.uplugin" 661
"../../../Engine/Plugins/Editor/MobileLauncherProfileWizard/MobileLauncherProfileWizard.uplugin" 662
"../../../Engine/Plugins/Editor/ModelingToolsEditorMode/ModelingToolsEditorMode.uplugin" 663
"../../../Engine/Plugins/Editor/MakeCookedEditorAsDLC/MakeCookedEditorAsDLC.uplugin" 664
"../../../Engine/Plugins/Editor/ModelViewViewModelPreview/ModelViewViewModelPreview.uplugin" 665
"../../../Engine/Plugins/Editor/MeshLODToolset/MeshLODToolset.uplugin" 666
"../../../Engine/Plugins/Editor/ProxyLODPlugin/ProxyLODPlugin.uplugin" 667
"../../../Engine/Plugins/Editor/ScriptableToolsEditorMode/ScriptableToolsEditorMode.uplugin" 668
"../../../Engine/Plugins/Editor/PluginBrowser/PluginBrowser.uplugin" 669
"../../../Engine/Plugins/Editor/SampleToolsEditorMode/SampleToolsEditorMode.uplugin" 670
"../../../Engine/Plugins/Editor/StylusInput/StylusInput.uplugin" 671
"../../../Engine/Plugins/Editor/SpeedTreeImporter/SpeedTreeImporter.uplugin" 672
"../../../Engine/Plugins/Editor/StaticMeshEditorModeling/StaticMeshEditorModeling.uplugin" 673
"../../../Engine/Plugins/2D/Paper2D/Paper2D.uplugin" 674
"../../../Engine/Plugins/Interchange/Assets/InterchangeAssets.uplugin" 675
"../../../Engine/Plugins/Editor/SequencerAnimTools/SequencerAnimTools.uplugin" 676
"../../../Engine/Plugins/Editor/WaveformEditor/WaveformEditor.uplugin" 677
"../../../Engine/Plugins/Interchange/Editor/InterchangeEditor.uplugin" 678
"../../../Engine/Plugins/Editor/WorldPartitionHLODUtilities/WorldPartitionHLODUtilities.uplugin" 679
"../../../Engine/Plugins/Editor/UVEditor/UVEditor.uplugin" 680
"../../../Engine/Plugins/Messaging/MessagingDebugger/MessagingDebugger.uplugin" 681
"../../../Engine/Plugins/Online/EOSOverlayInputProvider/EOSOverlayInputProvider.uplugin" 682
"../../../Engine/Plugins/Messaging/UdpMessaging/UdpMessaging.uplugin" 683
"../../../Engine/Plugins/Messaging/TcpMessaging/TcpMessaging.uplugin" 684
"../../../Engine/Plugins/Interchange/Runtime/Interchange.uplugin" 685
"../../../Engine/Plugins/Online/EOSShared/EOSShared.uplugin" 686
"../../../Engine/Plugins/Online/OnlineFrameworkCommon/OnlineFrameworkCommon.uplugin" 687
"../../../Engine/Plugins/Online/OnlineServicesEOSGS/OnlineServicesEOSGS.uplugin" 688
"../../../Engine/Plugins/Online/OnlineBase/OnlineBase.uplugin" 689
"../../../Engine/Plugins/Online/OnlineFramework/OnlineFramework.uplugin" 690
"../../../Engine/Plugins/Online/OnlineServices/OnlineServices.uplugin" 691
"../../../Engine/Plugins/Online/OnlineServicesEpicCommon/OnlineServicesEpicCommon.uplugin" 692
"../../../Engine/Plugins/Online/OnlineServicesNull/OnlineServicesNull.uplugin" 693
"../../../Engine/Plugins/Online/OnlineServicesOSSAdapter/OnlineServicesOSSAdapter.uplugin" 694
"../../../Engine/Plugins/Online/OnlineSubsystem/OnlineSubsystem.uplugin" 695
"../../../Engine/Plugins/Online/OnlineSubsystemEOS/OnlineSubsystemEOS.uplugin" 696
"../../../Engine/Plugins/Online/OnlineServicesEOS/OnlineServicesEOS.uplugin" 697
"../../../Engine/Plugins/Online/OnlineSubsystemAmazon/OnlineSubsystemAmazon.uplugin" 698
"../../../Engine/Plugins/Online/OnlineSubsystemApple/OnlineSubsystemApple.uplugin" 699
"../../../Engine/Plugins/Online/OnlineSubsystemGoogle/OnlineSubsystemGoogle.uplugin" 700
"../../../Engine/Plugins/Online/OnlineSubsystemNull/OnlineSubsystemNull.uplugin" 701
"../../../Engine/Plugins/Online/OnlineSubsystemUtils/OnlineSubsystemUtils.uplugin" 702
"../../../Engine/Plugins/Online/OnlineSubsystemSteam/OnlineSubsystemSteam.uplugin" 703
"../../../Engine/Plugins/Online/OnlineSubsystemTencent/OnlineSubsystemTencent.uplugin" 704
"../../../Engine/Plugins/Online/SocketSubsystemEOS/SocketSubsystemEOS.uplugin" 705
"../../../Engine/Plugins/Online/WebAuth/WebAuth.uplugin" 706
"../../../Engine/Plugins/Animation/LiveLinkHub/LiveLinkHub.uplugin" 707
"../../../Engine/Plugins/Online/SocketSubsystemSteamIP/SocketSubsystemSteamIP.uplugin" 708
"../../../Engine/Plugins/Experimental/CharacterFXEditor/BaseCharacterFXEditor/BaseCharacterFXEditor.uplugin" 709
"../../../Engine/Plugins/Slate/SlateScripting/SlateScripting.uplugin" 710
"../../../Engine/Plugins/Experimental/CharacterFXEditor/ExampleCharacterFXEditor/ExampleCharacterFXEditor.uplugin" 711
"../../../Engine/Plugins/Experimental/InterchangeAxF/Assets/InterchangeAxfAssets.uplugin" 712
"../../../Engine/Plugins/Experimental/InterchangeAxF/Runtime/InterchangeAxF.uplugin" 713
"../../../Engine/Plugins/VirtualProduction/Rivermax/RivermaxMedia/RivermaxMedia.uplugin" 714
"../../../Engine/Plugins/Runtime/Nvidia/Reflex/Reflex.uplugin" 715
"../../../Engine/Plugins/Runtime/XR/XRScribe/XRScribe.uplugin" 716
"../../../Engine/Plugins/Runtime/Nvidia/GeForceNOWWrapper/GeForceNOWWrapper.uplugin" 717
"../../../Engine/Plugins/VirtualProduction/Rivermax/RivermaxSync/RivermaxSync.uplugin" 718
"../../../Engine/Plugins/Runtime/XR/XRVisualization/XRVisualization.uplugin" 719
"../../../Engine/Plugins/Experimental/Animation/AnimGen/AnimGen.uplugin" 720
"../../../Engine/Plugins/Experimental/Animation/CurveExpression/CurveExpression.uplugin" 721
"../../../Engine/Plugins/Experimental/Animation/AnimDatabase/AnimDatabase.uplugin" 722
"../../../Engine/Plugins/Online/Microsoft/GDKNetDriver/GDKNetDriver.uplugin" 723
"../../../Engine/Plugins/Online/Microsoft/OnlineServicesXbl/OnlineServicesXbl.uplugin" 724
"../../../Engine/Plugins/Experimental/Animation/HierarchyTable/HierarchyTable.uplugin" 725
"../../../Engine/Plugins/Experimental/Animation/Optimus/Optimus.uplugin" 726
"../../../Engine/Plugins/Online/Microsoft/PlayFabParty/PlayFabParty.uplugin" 727
"../../../Engine/Plugins/Experimental/Animation/RigMapper/RigMapper.uplugin" 728
"../../../Engine/Plugins/Experimental/Animation/HierarchyTableAnimation/HierarchyTableAnimation.uplugin" 729
"../../../Engine/Plugins/Experimental/Animation/RelativeIKOp/RelativeIKOp.uplugin" 730
"../../../Engine/Plugins/Experimental/Animation/RigMapperOp/RigMapperOp.uplugin" 731
"../../../Engine/Plugins/Experimental/Animation/Scribble/Scribble.uplugin" 732
"../../../Engine/Plugins/Experimental/Animation/MotionTrajectory/MotionTrajectory.uplugin" 733
"../../../Engine/Plugins/Editor/UMGWidgetPreview/UMGWidgetPreview.uplugin" 734
"../../../Engine/Plugins/Experimental/Animation/Locomotor/Locomotor.uplugin" 735
"../../../Engine/Plugins/Experimental/UAF/UAF/UAF.uplugin" 736
"../../../Engine/Plugins/Experimental/Animation/TrajectoryTools/TrajectoryTools.uplugin" 737
"../../../Engine/Plugins/Online/OnlineSubsystemFacebook/OnlineSubsystemFacebook.uplugin" 738
"../../../Engine/Plugins/Experimental/UAF/UAFAnimGraph/UAFAnimGraph.uplugin" 739
"../../../Engine/Plugins/Experimental/UAF/UAFChooser/UAFChooser.uplugin" 740
"../../../Engine/Plugins/Experimental/Animation/ContextualAnimation/ContextualAnimation.uplugin" 741
"../../../Engine/Plugins/Experimental/UAF/UAFControlRig/UAFControlRig.uplugin" 742
"../../../Engine/Plugins/Experimental/Animation/SkeletalMeshMorphTargetEditingTools/SkeletalMeshMorphTargetEditingTools.uplugin" 743
"../../../Engine/Plugins/Experimental/UAF/UAFLayering/UAFLayering.uplugin" 744
"../../../Engine/Plugins/Experimental/UAF/UAFMirroring/UAFMirroring.uplugin" 745
"../../../Engine/Plugins/Experimental/UAF/UAFAnimNode/UAFAnimNode.uplugin" 746
"../../../Engine/Plugins/Experimental/UAF/UAFSharedAssets/UAFSharedAssets.uplugin" 747
"../../../Engine/Plugins/Experimental/UAF/UAFMass/UAFMass.uplugin" 748
"../../../Engine/Plugins/Editor/EditorScriptingUtilities/EditorScriptingUtilities.uplugin" 749
"../../../Engine/Plugins/Experimental/UAF/UAFPoseSearch/UAFPoseSearch.uplugin" 750
"../../../Engine/Plugins/Experimental/UAF/UAFWarping/UAFWarping.uplugin" 751
"../../../Engine/Plugins/Editor/LiveUpdateForSlate/LiveUpdateForSlate.uplugin" 752
"../../../Engine/Plugins/Experimental/VirtualProduction/VPSettings/VPSettings.uplugin" 753
"../../../Engine/Plugins/Experimental/VirtualProduction/LedWallCalibration/LedWallCalibration.uplugin" 754
"../../../Engine/Plugins/Runtime/Database/SQLiteCore/SQLiteCore.uplugin" 755
"../../../Engine/Plugins/Experimental/UAF/UAFStateTree/UAFStateTree.uplugin" 756
"../../../Engine/Plugins/Online/Microsoft/OnlineSubsystemGDK/OnlineSubsystemGDK.uplugin" 757
"../../../Engine/Plugins/Runtime/Database/RemoteDatabaseSupport/RemoteDatabaseSupport.uplugin" 758
"../../../Engine/Plugins/Experimental/UAF/UAFTestSuites/UAFTestSuites.uplugin" 759
"../../../Engine/Plugins/Runtime/Microsoft/GDKVirtualKeyboard/GDKVirtualKeyboard.uplugin" 760
"../../../Engine/Plugins/Experimental/Animation/DirectMeshControl/DirectMeshControl.uplugin" 761
"../../../Engine/Plugins/Experimental/Animation/AnimationLayering/AnimationLayering.uplugin" 762
"../../../Engine/Plugins/Runtime/Steam/SteamController/SteamController.uplugin" 763
"../../../Engine/Plugins/Runtime/PacketHandlers/DTLSHandlerComponent/DTLSHandlerComponent.uplugin" 764
"../../../Engine/Plugins/Runtime/Steam/SteamShared/SteamShared.uplugin" 765
"../../../Engine/Plugins/Runtime/Steam/SteamSockets/SteamSockets.uplugin" 766
"../../../Engine/Plugins/Animation/AudioDrivenAnimation/StreamingADA/StreamingADA.uplugin" 767
"../../../Engine/Plugins/Animation/MLDeformer/ChaosClothGenerator/ChaosClothGenerator.uplugin" 768
"../../../Engine/Plugins/Animation/MLDeformer/MLDeformerFramework/MLDeformerFramework.uplugin" 769
"../../../Engine/Plugins/Animation/MLDeformer/NearestNeighborModel/NearestNeighborModel.uplugin" 770
"../../../Engine/Plugins/Slate/SlateInsights/SlateInsights.uplugin" 771
"../../../Engine/Plugins/Editor/ContentBrowser/ContentBrowserAliasDataSource/ContentBrowserAliasDataSource.uplugin" 772
"../../../Engine/Plugins/Messaging/MessagingInsights/MessagingInsights.uplugin" 773
"../../../Engine/Plugins/Animation/MLDeformer/NeuralMorphModel/NeuralMorphModel.uplugin" 774
"../../../Engine/Plugins/Runtime/Steam/SteamAudio/SteamAudio.uplugin" 775
"../../../Engine/Plugins/Animation/MLDeformer/VertexDeltaModel/VertexDeltaModel.uplugin" 776
"../../../Engine/Plugins/Runtime/MeshReconstruction/DummyMeshReconstructor/DummyMeshReconstructor.uplugin" 777
"../../../Engine/Plugins/Runtime/Microsoft/GDKPackageChunkInstall/GDKPackageChunkInstall.uplugin" 778
"../../../Engine/Plugins/Experimental/VirtualProduction/VPRoles/VPRoles.uplugin" 779
"../../../Engine/Plugins/Runtime/Analytics/Adjust/Adjust.uplugin" 780
"../../../Engine/Plugins/Editor/ContentBrowser/ContentBrowserAssetDataSource/ContentBrowserAssetDataSource.uplugin" 781
"../../../Engine/Plugins/Runtime/Analytics/AnalyticsBlueprintLibrary/AnalyticsBlueprintLibrary.uplugin" 782
"../../../Engine/Plugins/Runtime/Analytics/FileLogging/FileLogging.uplugin" 783
"../../../Engine/Plugins/Runtime/Database/SQLiteSupport/SQLiteSupport.uplugin" 784
"../../../Engine/Plugins/Online/Android/OnlineSubsystemGooglePlay/OnlineSubsystemGooglePlay.uplugin" 785
"../../../Engine/Plugins/Experimental/Toolsets/AllToolsets/AllToolsets.uplugin" 786
"../../../Engine/Plugins/Experimental/Toolsets/AnimationAssistantToolset/AnimationAssistantToolset.uplugin" 787
"../../../Engine/Plugins/Experimental/Toolsets/AutomationTestToolset/AutomationTestToolset.uplugin" 788
"../../../Engine/Plugins/Experimental/Toolsets/ChaosClothAssetToolset/ChaosClothAssetToolset.uplugin" 789
"../../../Engine/Plugins/Experimental/Toolsets/AIModuleToolset/AIModuleToolset.uplugin" 790
"../../../Engine/Plugins/Editor/ContentBrowser/ContentBrowserFileDataSource/ContentBrowserFileDataSource.uplugin" 791
"../../../Engine/Plugins/Experimental/Toolsets/ConfigSettingsToolset/ConfigSettingsToolset.uplugin" 792
"../../../Engine/Plugins/Experimental/Toolsets/ConversationToolset/ConversationToolset.uplugin" 793
"../../../Engine/Plugins/Experimental/Toolsets/GASToolsets/GASToolsets.uplugin" 794
"../../../Engine/Plugins/Experimental/Toolsets/LiveCodingToolset/LiveCodingToolset.uplugin" 795
"../../../Engine/Plugins/Experimental/Toolsets/DataflowAgent/DataflowAgent.uplugin" 796
"../../../Engine/Plugins/Experimental/Toolsets/GameplayTagsToolset/GameplayTagsToolset.uplugin" 797
"../../../Engine/Plugins/Experimental/Toolsets/EditorToolset/EditorToolset.uplugin" 798
"../../../Engine/Plugins/Runtime/Database/DatabaseSupport/DatabaseSupport.uplugin" 799
"../../../Engine/Plugins/Runtime/PacketHandlers/AESHandlerComponent/AESHandlerComponent.uplugin" 800
"../../../Engine/Plugins/Experimental/Toolsets/MCPClientToolset/MCPClientToolset.uplugin" 801
"../../../Engine/Plugins/Experimental/Toolsets/MetaHumanGenerator/MetaHumanGenerator.uplugin" 802
"../../../Engine/Plugins/Runtime/Analytics/AnalyticsMulticast/AnalyticsMulticast.uplugin" 803
"../../../Engine/Plugins/Experimental/Toolsets/PhysicsToolsets/PhysicsToolsets.uplugin" 804
"../../../Engine/Plugins/Developer/Concert/ConcertMain/ConcertMain.uplugin" 805
"../../../Engine/Plugins/Experimental/Toolsets/DataRegistryToolset/DataRegistryToolset.uplugin" 806
"../../../Engine/Plugins/Experimental/Toolsets/UMGToolSet/UMGToolSet.uplugin" 807
"../../../Engine/Plugins/Online/Android/AndroidFetchBackgroundDownload/AndroidFetchBackgroundDownload.uplugin" 808
"../../../Engine/Plugins/Experimental/Toolsets/SequencerAnimMixerToolset/SequencerAnimMixerToolset.uplugin" 809
"../../../Engine/Plugins/Experimental/Toolsets/StateTreeToolset/StateTreeToolset.uplugin" 810
"../../../Engine/Plugins/Experimental/Toolsets/WorldConditionsToolset/WorldConditionsToolset.uplugin" 811
"../../../Engine/Plugins/Experimental/Web/WebAPI/WebAPI.uplugin" 812
"../../../Engine/Plugins/Interchange/Extensions/OpenUSD/InterchangeOpenUSD.uplugin" 813
"../../../Engine/Plugins/Experimental/MetaHuman/MetaHumanCalibrationDiagnostics/MetaHumanCalibrationDiagnostics.uplugin" 814
"../../../Engine/Plugins/Experimental/Toolsets/GameFeaturesToolset/GameFeaturesToolset.uplugin" 815
"../../../Engine/Plugins/Experimental/Toolsets/SlateInspectorToolset/SlateInspectorToolset.uplugin" 816
"../../../Engine/Plugins/Experimental/MetaHuman/MetaHumanRuntime/MetaHumanRuntime.uplugin" 817
"../../../Engine/Plugins/Interchange/Extensions/ChaosClothAsset/InterchangeChaosClothAsset.uplugin" 818
"../../../Engine/Plugins/Experimental/MetaHuman/MetaHumanCharacterUAF/MetaHumanCharacterUAF.uplugin" 819
"../../../Engine/Plugins/Experimental/PCGInterops/PCGFastGeoInterop/PCGFastGeoInterop.uplugin" 820
"../../../Engine/Plugins/Editor/ContentBrowser/ContentBrowserClassDataSource/ContentBrowserClassDataSource.uplugin" 821
"../../../Engine/Plugins/Experimental/PCGInterops/PCGInstancedActorsInterop/PCGInstancedActorsInterop.uplugin" 822
"../../../Engine/Plugins/Interchange/Extensions/OpenVDB/InterchangeOpenVDB.uplugin" 823
"../../../Engine/Plugins/Experimental/PCGInterops/PCGNiagaraInterop/PCGNiagaraInterop.uplugin" 824
"../../../Engine/Plugins/Runtime/Windows/MSGameOSSSelector/MSGameOSSSelector.uplugin" 825
"../../../Engine/Plugins/Experimental/PCGInterops/PCGWaterInterop/PCGWaterInterop.uplugin" 826
"../../../Engine/Plugins/Runtime/Windows/MSGamingRuntime/MSGamingRuntime.uplugin" 827
"../../../Engine/Plugins/Runtime/Windows/MSGameStore/MSGameStore.uplugin" 828
"../../../Engine/Plugins/Experimental/PCGInterops/PCGNaniteAssembliesInterop/PCGNaniteAssembliesInterop.uplugin" 829
"../../../Engine/Plugins/Interchange/Extensions/OpenUSDChaosClothAsset/InterchangeOpenUSDChaosClothAsset.uplugin" 830
"../../../Engine/Plugins/Runtime/Windows/MSGamingSupport/MSGamingSupport.uplugin" 831
"../../../Engine/Plugins/Experimental/Toolsets/PCGToolset/PCGToolset.uplugin" 832
"../../../Engine/Plugins/Runtime/Windows/XInputDevice/XInputDevice.uplugin" 833
"../../../Engine/Plugins/Runtime/Windows/WinDualShock/WinDualShock.uplugin" 834
"../../../Engine/Plugins/Experimental/Toolsets/MVVMToolset/MVVMToolset.uplugin" 835
"../../../Engine/Plugins/Online/VoiceChat/EOSVoiceChat/EOSVoiceChat.uplugin" 836
"../../../Engine/Plugins/Experimental/Microsoft/GDKPlatformDLC/GDKPlatformDLC.uplugin" 837
"../../../Engine/Plugins/Runtime/Windows/WinVirtualKeyboard/WinVirtualKeyboard.uplugin" 838
"../../../Engine/Plugins/Online/VoiceChat/VoiceChat/VoiceChat.uplugin" 839
"../../../Engine/Plugins/VirtualProduction/CaptureManager/CaptureManagerApp/CaptureManagerApp.uplugin" 840
"../../../Engine/Plugins/VirtualProduction/CaptureManager/CaptureManagerDevices/CaptureManagerDevices.uplugin" 841
"../../../Engine/Plugins/Runtime/Advertising/IOSTapJoy/IOSTapJoy.uplugin" 842
"../../../Engine/Plugins/VirtualProduction/DMX/DatasmithMVR/DatasmithMVR.uplugin" 843
"../../../Engine/Plugins/VirtualProduction/DMX/DMXDisplayCluster/DMXDisplayCluster.uplugin" 844
"../../../Engine/Plugins/Experimental/Toolsets/PluginToolset/PluginToolset.uplugin" 845
"../../../Engine/Plugins/VirtualProduction/DMX/DMXGDTF/DMXGDTF.uplugin" 846
"../../../Engine/Plugins/VirtualProduction/DMX/DMXFixtures/DMXFixtures.uplugin" 847
"../../../Engine/Plugins/VirtualProduction/DMX/DMXPixelMapping/DMXPixelMapping.uplugin" 848
"../../../Engine/Plugins/VirtualProduction/CaptureManager/CaptureManagerCore/CaptureManagerCore.uplugin" 849
"../../../Engine/Plugins/Experimental/NNE/NNEModelTests/NNEModelTests.uplugin" 850
"../../../Engine/Plugins/Developer/Sandbox/FileSandbox/FileSandbox.uplugin" 851
"../../../Engine/Plugins/Online/IOS/OnlineSubsystemIOS/OnlineSubsystemIOS.uplugin" 852
"../../../Engine/Plugins/VirtualProduction/DMX/DMXEngine/DMXEngine.uplugin" 853
"../../../Engine/Plugins/VirtualProduction/DMX/DMXModularFeatures/DMXModularFeatures.uplugin" 854
"../../../Engine/Plugins/Experimental/AVCodecs/AVCodecsCore/AVCodecsCore.uplugin" 855
"../../../Engine/Plugins/Experimental/AVCodecs/NVCodecs/NVCodecs.uplugin" 856
"../../../Engine/Plugins/Experimental/AVCodecs/VTCodecs/VTCodecs.uplugin" 857
"../../../Engine/Plugins/VirtualProduction/DMX/DMXControlConsole/DMXControlConsole.uplugin" 858
"../../../Engine/Plugins/Editor/Localization/PortableObjectFileDataSource/PortableObjectFileDataSource.uplugin" 859
"../../../Engine/Plugins/Experimental/Enterprise/DatasmithInterchange/DatasmithInterchange.uplugin" 860
"../../../Engine/Plugins/Experimental/Enterprise/DataprepGeometryOperations/DataprepGeometryOperations.uplugin" 861
"../../../Engine/Plugins/Experimental/Toolsets/SemanticSearchToolset/SemanticSearchToolset.uplugin" 862
"../../../Engine/Plugins/VirtualProduction/DMX/DMXProtocol/DMXProtocol.uplugin" 863
"../../../Engine/Plugins/Editor/ObjectMixer/ObjectMixer/ObjectMixer.uplugin" 864
"../../../Engine/Plugins/Experimental/AVCodecs/LibVpxCodecs/LibVpxCodecs.uplugin" 865
"../../../Engine/Plugins/Experimental/AVCodecs/AMFCodecs/AMFCodecs.uplugin" 866
"../../../Engine/Plugins/Runtime/AR/ARUtilities/ARUtilities.uplugin" 867
"../../../Engine/Plugins/Developer/Sandbox/SandboxedEditing/SandboxedEditing.uplugin" 868
"../../../Engine/Plugins/Editor/ObjectMixer/LightMixer/LightMixer.uplugin" 869
"../../../Engine/Plugins/VirtualProduction/Rivermax/RivermaxCore/RivermaxCore.uplugin" 870
"../../../Engine/Plugins/Experimental/Enterprise/DatasmithRuntime/DatasmithRuntime.uplugin" 871
"../../../Engine/Plugins/Runtime/AR/AppleAR/AppleARKit/AppleARKit.uplugin" 872
"../../../Engine/Plugins/Developer/Concert/ConcertUI/ConcertSharedSlate/ConcertSharedSlate.uplugin" 873
"../../../Engine/Plugins/Animation/MLDeformer/ChaosFleshGenerator/ChaosFleshGenerator.uplugin" 874
"../../../Engine/Plugins/Developer/Concert/ConcertUI/ConcertClientSharedSlate/ConcertClientSharedSlate.uplugin" 875
"../../../Engine/Plugins/Developer/Concert/ConcertInsights/ConcertInsightsClient/ConcertInsightsClient.uplugin" 876
"../../../Engine/Plugins/Developer/Concert/ConcertInsights/ConcertInsightsCore/ConcertInsightsCore.uplugin" 877
"../../../Engine/Plugins/Developer/Concert/ConcertSync/ConcertSyncCore/ConcertSyncCore.uplugin" 878
"../../../Engine/Plugins/Runtime/AR/AppleAR/AppleARKitFaceSupport/AppleARKitFaceSupport.uplugin" 879
"../../../Engine/Plugins/Runtime/PacketHandlers/AESGCMHandlerComponent/AESGCMHandlerComponent.uplugin" 880
"../../../Engine/Plugins/Developer/Concert/ConcertApp/MultiUserClient/MultiUserClient.uplugin" 881
"../../../Engine/Plugins/Developer/Concert/ConcertSync/ConcertSyncClient/ConcertSyncClient.uplugin" 882
"../../../Engine/Plugins/Developer/Concert/ConcertSync/ConcertSyncServer/ConcertSyncServer.uplugin" 883
"../../../Engine/Plugins/Experimental/AVCodecs/WMFCodecs/WMFCodecs.uplugin" 884
"../../../Engine/Plugins/Experimental/Animation/MLDeformer/DetailPoseModel/DetailPoseModel.uplugin" 885
"../../../Engine/Plugins/Experimental/Toolsets/NiagaraToolsets/NiagaraToolsets.uplugin" 886
"../../../Engine/Plugins/Developer/Concert/ConcertScripting/ConcertReplicationScripting/ConcertReplicationScripting.uplugin" 887
"../../../Engine/Plugins/Developer/Concert/ConcertApp/MultiUserServer/MultiUserServer.uplugin" 888
"../../../Engine/Plugins/Developer/Concert/ConcertApp/DisasterRecoveryClient/DisasterRecoveryClient.uplugin" 889
"../../../Engine/Plugins/Developer/Concert/ConcertSync/ConcertSyncTest/ConcertSyncTest.uplugin" 890
"../../../Engine/Plugins/Developer/Concert/ConcertInsights/ConcertInsightsVisualizer/ConcertInsightsVisualizer.uplugin" 891
"../../../Engine/Plugins/Runtime/AR/Google/GoogleARCoreServices/GoogleARCoreServices.uplugin" 892
"../../../Engine/Plugins/VirtualProduction/CaptureManager/CaptureManagerEditor/CaptureManagerEditor.uplugin" 893
"../../../Engine/Plugins/Runtime/AR/Google/GoogleARCore/GoogleARCore.uplugin" 894
"../../../Engine/Plugins/Developer/Concert/ConcertInsights/ConcertInsightsServer/ConcertInsightsServer.uplugin" 895
"../../../Engine/Platforms/Android/Plugins/Animation/ACLPlugin/ACLPlugin_Android.uplugin" 896
"../../../Engine/Platforms/Android/Plugins/Animation/RigLogic/RigLogic_Android.uplugin" 897
"../../../Engine/Platforms/IOS/Plugins/Animation/RigLogic/RigLogic_IOS.uplugin" 898
"../../../Engine/Content/Internationalization/icudt64l/cnvalias.icu" 899
"../../../Engine/Content/Internationalization/icudt64l/res_index.res" 900
"../../../Engine/Content/Internationalization/icudt64l/plurals.res" 901
"../../../Engine/Content/Internationalization/icudt64l/lang/ru.res" 902
"../../../Engine/Content/Internationalization/icudt64l/lang/pool.res" 903
"../../../Engine/Content/Internationalization/icudt64l/lang/root.res" 904
"../../../Engine/Content/Internationalization/icudt64l/region/ru.res" 905
"../../../Engine/Content/Internationalization/icudt64l/region/pool.res" 906
"../../../Engine/Content/Internationalization/icudt64l/region/root.res" 907
"../../../Engine/Content/Internationalization/icudt64l/lang/en.res" 908
"../../../Engine/Content/Internationalization/icudt64l/region/en.res" 909
"../../../Engine/Content/Internationalization/icudt64l/windowsZones.res" 910
"../../../Engine/Content/Internationalization/icudt64l/zoneinfo64.res" 911
"../../../Engine/Content/Internationalization/icudt64l/keyTypeData.res" 912
"../../../Engine/Content/Internationalization/icudt64l/timezoneTypes.res" 913
"../../../Engine/Content/Internationalization/icudt64l/likelySubtags.res" 914
"../../../Engine/Content/Internationalization/icudt64l/ru_RU.res" 915
"../../../Engine/Content/Internationalization/icudt64l/pool.res" 916
"../../../Engine/Content/Internationalization/icudt64l/ru.res" 917
"../../../Engine/Content/Internationalization/icudt64l/root.res" 918
"../../../Engine/Content/Internationalization/icudt64l/supplementalData.res" 919
"../../../Engine/Config/ConfigRedirects.ini" 920
"C:/Users/USER/AppData/Local/UnrealEngine/5.8/Saved/Config/WindowsEditor/Manifest.ini" 921
"../../../Engine/Config/BaseEngine.ini" 922
"../../../Engine/Config/Windows/BaseWindowsEngine.ini" 923
"../../../../../../Users/USER/Documents/Unreal Projects/SoulsDistructor/Config/DefaultEngine.ini" 924
"C:/Users/USER/AppData/Local/Unreal Engine/Engine/Config/UserEngine.ini" 925
"../../../Engine/Config/BaseGame.ini" 926
"../../../Engine/Config/Windows/BaseWindowsGame.ini" 927
"../../../../../../Users/USER/Documents/Unreal Projects/SoulsDistructor/Config/DefaultGame.ini" 928
"../../../Engine/Config/Windows/WindowsGame.ini" 929
"C:/Users/USER/Documents/Unreal Projects/SoulsDistructor/Saved/Config/WindowsEditor/Game.ini" 930
"../../../Engine/Config/BaseInput.ini" 931
"../../../Engine/Config/Windows/BaseWindowsInput.ini" 932
"../../../../../../Users/USER/Documents/Unreal Projects/SoulsDistructor/Config/DefaultInput.ini" 933
"../../../Engine/Config/Windows/WindowsInput.ini" 934
"../../../Engine/Config/BaseDeviceProfiles.ini" 935
"../../../Engine/Config/BaseGameUserSettings.ini" 936
"C:/Users/USER/Documents/Unreal Projects/SoulsDistructor/Saved/Config/WindowsEditor/GameUserSettings.ini" 937
"../../../Engine/Config/BaseScalability.ini" 938
"../../../Engine/Config/BaseRuntimeOptions.ini" 939
"../../../Engine/Config/BaseInstallBundle.ini" 940
"../../../Engine/Config/BaseHardware.ini" 941
"../../../Engine/Config/BaseCompat.ini" 942
"../../../Engine/Config/BaseLightmass.ini" 943
"../../../Engine/Config/BaseEditor.ini" 944
"../../../../../../Users/USER/Documents/Unreal Projects/SoulsDistructor/Config/DefaultEditor.ini" 945
"C:/Users/USER/Documents/Unreal Projects/SoulsDistructor/Saved/Config/WindowsEditor/Editor.ini" 946
"../../../Engine/Config/BaseMaterialExpressions.ini" 947
"../../../Engine/Config/BaseEditorPerProjectUserSettings.ini" 948
"../../../../../../Users/USER/Documents/Unreal Projects/SoulsDistructor/Config/DefaultEditorPerProjectUserSettings.ini" 949
"../../../Engine/Config/Windows/WindowsEditorPerProjectUserSettings.ini" 950
"C:/Users/USER/Documents/Unreal Projects/SoulsDistructor/Saved/Config/WindowsEditor/EditorPerProjectUserSettings.ini" 951
"../../../Engine/Config/BaseEditorSettings.ini" 952
"../../../Engine/Config/Windows/WindowsEditorSettings.ini" 953
"C:/Users/USER/AppData/Local/UnrealEngine/5.8/Saved/Config/WindowsEditor/EditorSettings.ini" 954
"../../../Engine/Config/BaseEditorKeyBindings.ini" 955
"C:/Users/USER/AppData/Local/UnrealEngine/5.8/Saved/Config/WindowsEditor/EditorLayout.ini" 956
"C:/Program Files/Epic Games/UE_5.8/Engine/Config/BaseEngine.ini" 957
"../../../Engine/Config/IOS/BaseIOSEngine.ini" 958
"C:/Program Files/Epic Games/UE_5.8/Engine/Config/Windows/BaseWindowsEngine.ini" 959
"../../../Engine/Config/Mac/BaseMacEngine.ini" 960
"../../../Engine/Config/Linux/BaseLinuxEngine.ini" 961
"../../../Engine/Config/TVOS/TVOSEngine.ini" 962
"../../../Engine/Config/Unix/UnixEngine.ini" 963
"../../../Engine/Config/Android/BaseAndroidEngine.ini" 964
"../../../Engine/Config/Linux/LinuxEngine.ini" 965
"../../../Engine/Config/Android/AndroidEngine.ini" 966
"../../../Engine/Config/IOS/BaseIOSGame.ini" 967
"../../../../../../Users/USER/Documents/Unreal Projects/SoulsDistructor/Intermediate/CachedAssetRegistry/CachedAssetRegistry_0.ref" 968
"../../../../../../Users/USER/Documents/Unreal Projects/SoulsDistructor/Intermediate/CachedAssetRegistryDiscovery.bin" 969
"../../../../../../Users/USER/Documents/Unreal Projects/SoulsDistructor/Intermediate/CachedAssetRegistry/CachedAssetRegistry_0_A01E82D14316E3A2DE98BB8A9E060705.bin" 970
"../../../Engine/Config/Mac/MacGame.ini" 971
"../../../Engine/Config/Android/BaseAndroidGame.ini" 972
"../../../Engine/Config/Linux/LinuxGame.ini" 973
"../../../Engine/Binaries/Win64/BootstrapPackagedGame-Win64-Shipping.target" 974
"../../../Engine/Binaries/Win64/BuildPatchTool-Win64-Shipping.target" 975
"../../../Engine/Config/IOS/IOSGame.ini" 976
"../../../Engine/Binaries/Win64/CrashReportClient-Win64-Shipping.target" 977
"../../../Engine/Config/Mac/BaseMacInput.ini" 978
"../../../Engine/Config/Android/BaseAndroidInput.ini" 979
"../../../Engine/Binaries/Win64/CrashReportClientEditor-Win64-Shipping.target" 980
"../../../Engine/Config/IOS/BaseIOSInput.ini" 981
"../../../Engine/Binaries/Win64/DatasmithCADWorker.target" 982
"../../../Engine/Binaries/Win64/EpicWebHelper-Win64-Shipping.target" 983
"../../../Engine/Binaries/Win64/InterchangeWorker.target" 984
"../../../Engine/Binaries/Win64/LiveCodingConsole.target" 985
"../../../Engine/Binaries/Win64/LiveLinkHub.target" 986
"../../../Engine/Config/IOS/IOSScalability.ini" 987
"../../../Engine/Config/Android/AndroidScalability.ini" 988
"../../../Engine/Config/IOS/BaseIOSInstallBundle.ini" 989
"../../../Engine/Config/Android/BaseAndroidInstallBundle.ini" 990
"../../../Engine/Platforms/VisionOS/Config/BaseVisionOSEngine.ini" 991
"../../../Engine/Platforms/VisionOS/Config/VisionOSEngine.ini" 992
"../../../Engine/Binaries/Win64/ShaderCompileWorker.target" 993
"../../../Engine/Binaries/Win64/SwitchboardListener.target" 994
"../../../Engine/Binaries/Win64/SwitchboardListenerHelper.target" 995
"../../../Engine/Binaries/Win64/UnrealAssetStringify.target" 996
"../../../Engine/Binaries/Win64/UnrealEditor-Win64-DebugGame.target" 997
"../../../Engine/Binaries/Win64/UnrealEditor.target" 998
"../../../Engine/Config/PluginBase.ini" 999
"../../../Engine/Plugins/ChaosVD/Config/DefaultChaosVD.ini" 1000
"../../../Engine/Plugins/EnhancedInput/Config/DefaultEnhancedInput.ini" 1001
"../../../Engine/Plugins/Fab/Config/DefaultFab.ini" 1002
"../../../Engine/Plugins/Mutable/Config/DefaultMutable.ini" 1003
"../../../Engine/Plugins/PCG/Config/DefaultPCG.ini" 1004
"../../../Engine/Plugins/TraceUtilities/Config/DefaultTraceUtilities.ini" 1005
"../../../Engine/Plugins/Enterprise/DatasmithContent/Config/DefaultDatasmithContent.ini" 1006
"../../../Engine/Plugins/Enterprise/GLTFExporter/Config/DefaultGLTFExporter.ini" 1007
"../../../Engine/Plugins/Enterprise/VariantManagerContent/Config/DefaultVariantManagerContent.ini" 1008
"../../../Engine/Plugins/MetaHuman/MetaHumanSDK/Config/DefaultMetaHumanSDK.ini" 1009
"../../../Engine/Plugins/Compositing/CompositeCore/Config/DefaultCompositeCore.ini" 1010
"../../../Engine/Plugins/Experimental/ControlRigPhysics/Config/DefaultControlRigPhysics.ini" 1011
"../../../Engine/Plugins/Experimental/FullBodyIK/Config/DefaultFullBodyIK.ini" 1012
"../../../Engine/Plugins/Experimental/ToolPresets/Config/DefaultToolPresets.ini" 1013
"../../../Engine/Plugins/VirtualProduction/Takes/Config/DefaultTakes.ini" 1014
"../../../Engine/Plugins/FX/Niagara/Config/DefaultNiagara.ini" 1015
"../../../Engine/Plugins/Runtime/GameplayStateTree/Config/DefaultGameplayStateTree.ini" 1016
"../../../Engine/Plugins/Runtime/HairStrands/Config/DefaultHairStrands.ini" 1017
"../../../Engine/Plugins/Runtime/Metasound/Config/DefaultMetasound.ini" 1018
"../../../Engine/Plugins/Runtime/ModelViewViewModel/Config/DefaultModelViewViewModel.ini" 1019
"../../../Engine/Plugins/Runtime/PropertyBindingUtils/Config/DefaultPropertyBindingUtils.ini" 1020
"../../../Engine/Plugins/Runtime/RigVM/Config/DefaultRigVM.ini" 1021
"../../../Engine/Plugins/Runtime/StateTree/Config/DefaultStateTree.ini" 1022
"../../../Engine/Plugins/Runtime/Synthesis/Config/DefaultSynthesis.ini" 1023
"../../../Engine/Plugins/Animation/ControlRig/Config/DefaultControlRig.ini" 1024
"../../../Engine/Plugins/Animation/IKRig/Config/DefaultIKRig.ini" 1025
"../../../Engine/Plugins/Animation/PhysicsControl/Config/DefaultPhysicsControl.ini" 1026
"../../../Engine/Plugins/Animation/RigLogic/Config/DefaultRigLogic.ini" 1027
"../../../Engine/Plugins/Animation/DeformerGraph/Config/DefaultDeformerGraph.ini" 1028
"../../../Engine/Plugins/Cameras/GameplayCameras/Config/DefaultGameplayCameras.ini" 1029
"../../../Engine/Plugins/Editor/ConsoleVariablesEditor/Config/DefaultConsoleVariables.ini" 1030
"../../../Engine/Plugins/Editor/EditorScriptingUtilities/Config/DefaultEditorScriptingUtilities.ini" 1031
"../../../Engine/Plugins/2D/Paper2D/Config/DefaultPaper2D.ini" 1032
"../../../Engine/Plugins/Interchange/Assets/Config/DefaultInterchangeAssets.ini" 1033
"../../../Engine/Plugins/Interchange/Runtime/Config/DefaultInterchange.ini" 1034
"../../../Engine/Plugins/Experimental/InterchangeAxF/Assets/Config/DefaultInterchangeAxfAssets.ini" 1035
"../../../Engine/Plugins/Experimental/Animation/Scribble/Config/DefaultScribble.ini" 1036
"../../../Engine/Plugins/Developer/Concert/ConcertSync/ConcertSyncCore/Config/DefaultConcertSyncCore.ini" 1037
"../../../Engine/Plugins/ChaosVD/Config/Engine.ini" 1038
"../../../Engine/Plugins/EnhancedInput/Config/Input.ini" 1039
"../../../Engine/Plugins/Runtime/InputDebugging/Config/Input.ini" 1040
"../../../Engine/Plugins/Runtime/Windows/XInputDevice/Config/Input.ini" 1041
"../../../Engine/Plugins/PCG/Config/EditorPerProjectUserSettings.ini" 1042
"../../../Engine/Plugins/Runtime/RigVM/Config/Editor.ini" 1043
"../../../Engine/Plugins/Animation/AnimatorKit/Config/Editor.ini" 1044
"../../../Engine/Plugins/Animation/DeformerGraph/Config/Editor.ini" 1045
"../../../Engine/Plugins/Online/OnlineSubsystemUtils/Config/Editor.ini" 1046
"../../../Engine/Plugins/NNE/NNEDenoiser/Config/Game.ini" 1047
"../../../Engine/Plugins/Editor/ModelingToolsEditorMode/Binaries/Win64/UnrealEditor.modules" 1048
"../../../Engine/Plugins/Runtime/MeshModelingToolset/Binaries/Win64/UnrealEditor.modules" 1049
"../../../Engine/Plugins/Experimental/MeshModelingToolsetExp/Binaries/Win64/UnrealEditor.modules" 1050
"../../../Engine/Plugins/Editor/MeshLODToolset/Binaries/Win64/UnrealEditor.modules" 1051
"../../../Engine/Plugins/Experimental/ToolPresets/Binaries/Win64/UnrealEditor.modules" 1052
"../../../Engine/Plugins/Editor/StylusInput/Binaries/Win64/UnrealEditor.modules" 1053
"../../../Engine/Plugins/Runtime/GeometryProcessing/Binaries/Win64/UnrealEditor.modules" 1054
"../../../Engine/Plugins/Editor/ProxyLODPlugin/Binaries/Win64/UnrealEditor.modules" 1055
"../../../Engine/Plugins/Experimental/PlanarCutPlugin/Binaries/Win64/UnrealEditor.modules" 1056
"../../../Engine/Plugins/Runtime/GeometryCache/Binaries/Win64/UnrealEditor.modules" 1057
"../../../Engine/Plugins/Experimental/GeometryFlow/Binaries/Win64/UnrealEditor.modules" 1058
"../../../Engine/Plugins/Editor/EditorScriptingUtilities/Binaries/Win64/UnrealEditor.modules" 1059
"../../../Engine/Plugins/FX/Niagara/Binaries/Win64/UnrealEditor.modules" 1060
"../../../Engine/Plugins/Experimental/PythonScriptPlugin/Binaries/Win64/UnrealEditor.modules" 1061
"../../../Engine/Plugins/Editor/ContentBrowser/ContentBrowserFileDataSource/Binaries/Win64/UnrealEditor.modules" 1062
"../../../Engine/Plugins/Runtime/GameplayStateTree/Binaries/Win64/UnrealEditor.modules" 1063
"../../../Engine/Plugins/Runtime/StateTree/Binaries/Win64/UnrealEditor.modules" 1064
"../../../Engine/Plugins/Animation/GameplayInsights/Binaries/Win64/UnrealEditor.modules" 1065
"../../../Engine/Plugins/Runtime/PropertyAccess/Binaries/Win64/UnrealEditor.modules" 1066
"../../../Engine/Plugins/Runtime/PropertyBindingUtils/Binaries/Win64/UnrealEditor.modules" 1067
"../../../Engine/Plugins/AudioInsights/Binaries/Win64/UnrealEditor.modules" 1068
"../../../Engine/Plugins/Runtime/AudioWidgets/Binaries/Win64/UnrealEditor.modules" 1069
"../../../Engine/Plugins/Runtime/AudioSynesthesia/Binaries/Win64/UnrealEditor.modules" 1070
"../../../Engine/Plugins/AudioInsightsRuntime/Binaries/Win64/UnrealEditor.modules" 1071
"../../../Engine/Plugins/AudioModulationInsights/Binaries/Win64/UnrealEditor.modules" 1072
"../../../Engine/Plugins/Bridge/Binaries/Win64/UnrealEditor.modules" 1073
"../../../Engine/Plugins/MetaHuman/MetaHumanSDK/Binaries/Win64/UnrealEditor.modules" 1074
"../../../Engine/Plugins/Animation/ControlRig/Binaries/Win64/UnrealEditor.modules" 1075
"../../../Engine/Plugins/Runtime/HairStrands/Binaries/Win64/UnrealEditor.modules" 1076
"../../../Engine/Plugins/Animation/RigLogic/Binaries/Win64/UnrealEditor.modules" 1077
"../../../Engine/Plugins/Interchange/Runtime/Binaries/Win64/UnrealEditor.modules" 1078
"../../../Engine/Plugins/Online/EOSShared/Binaries/Win64/UnrealEditor.modules" 1079
"../../../Engine/Plugins/Runtime/RigVM/Binaries/Win64/UnrealEditor.modules" 1080
"../../../Engine/Plugins/MovieScene/LevelSequenceEditor/Binaries/Win64/UnrealEditor.modules" 1081
"../../../Engine/Plugins/MovieScene/SequencerScripting/Binaries/Win64/UnrealEditor.modules" 1082
"../../../Engine/Plugins/Animation/TweeningUtils/Binaries/Win64/UnrealEditor.modules" 1083
"../../../Engine/Plugins/Animation/DeformerGraph/Binaries/Win64/UnrealEditor.modules" 1084
"../../../Engine/Plugins/Dataflow/Binaries/Win64/UnrealEditor.modules" 1085
"../../../Engine/Plugins/Runtime/ComputeFramework/Binaries/Win64/UnrealEditor.modules" 1086
"../../../Engine/Plugins/Enterprise/VariantManagerContent/Binaries/Win64/UnrealEditor.modules" 1087
"../../../Engine/Plugins/Enterprise/VariantManager/Binaries/Win64/UnrealEditor.modules" 1088
"../../../Engine/Plugins/Interchange/Assets/Binaries/Win64/UnrealEditor.modules" 1089
"../../../Engine/Plugins/Experimental/Animation/Scribble/Binaries/Win64/UnrealEditor.modules" 1090
"../../../Engine/Plugins/Experimental/CharacterFXEditor/BaseCharacterFXEditor/Binaries/Win64/UnrealEditor.modules" 1091
"../../../Engine/Plugins/Runtime/ProceduralMeshComponent/Binaries/Win64/UnrealEditor.modules" 1092
"../../../Engine/Plugins/Experimental/ChaosCaching/Binaries/Win64/UnrealEditor.modules" 1093
"../../../Engine/Plugins/Experimental/EditorDataStorage/Binaries/Win64/UnrealEditor.modules" 1094
"../../../Engine/Plugins/Experimental/EditorDataStorageFeatures/Binaries/Win64/UnrealEditor.modules" 1095
"../../../Engine/Plugins/Animation/SkeletalMeshModelingTools/Binaries/Win64/UnrealEditor.modules" 1096
"../../../Engine/Plugins/VirtualProduction/Takes/Binaries/Win64/UnrealEditor.modules" 1097
"../../../Engine/Plugins/Runtime/GeometryScripting/Binaries/Win64/UnrealEditor.modules" 1098
"../../../Engine/Plugins/Runtime/AudioCapture/Binaries/Win64/UnrealEditor.modules" 1099
"../../../Engine/Plugins/Developer/NamingTokens/Binaries/Win64/UnrealEditor.modules" 1100
"../../../Engine/Plugins/Editor/EngineAssetDefinitions/Binaries/Win64/UnrealEditor.modules" 1101
"../../../Engine/Plugins/ChaosCloth/Binaries/Win64/UnrealEditor.modules" 1102
"../../../Engine/Plugins/Experimental/Buoyancy/Binaries/Win64/UnrealEditor.modules" 1103
"../../../Engine/Plugins/Experimental/Water/Binaries/Win64/UnrealEditor.modules" 1104
"../../../Engine/Plugins/Experimental/ChaosUserDataPT/Binaries/Win64/UnrealEditor.modules" 1105
"../../../Engine/Plugins/Experimental/Landmass/Binaries/Win64/UnrealEditor.modules" 1106
"../../../Engine/Plugins/Editor/BlueprintMaterialTextureNodes/Binaries/Win64/UnrealEditor.modules" 1107
"../../../Engine/Plugins/ChaosInsights/Binaries/Win64/UnrealEditor.modules" 1108
"../../../Engine/Plugins/ChaosVD/Binaries/Win64/UnrealEditor.modules" 1109
"../../../Engine/Plugins/CmdLinkServer/Binaries/Win64/UnrealEditor.modules" 1110
"../../../Engine/Plugins/DerivedDataBuildController/Binaries/Win64/UnrealEditor.modules" 1111
"../../../Engine/Plugins/EnhancedInput/Binaries/Win64/UnrealEditor.modules" 1112
"../../../Engine/Plugins/Editor/DataValidation/Binaries/Win64/UnrealEditor.modules" 1113
"../../../Engine/Plugins/Fab/Binaries/Win64/UnrealEditor.modules" 1114
"../../../Engine/Plugins/IoStoreInsights/Binaries/Win64/UnrealEditor.modules" 1115
"../../../Engine/Plugins/MassInsights/Binaries/Win64/UnrealEditor.modules" 1116
"../../../Engine/Plugins/MeshPainting/Binaries/Win64/UnrealEditor.modules" 1117
"../../../Engine/Plugins/Interchange/Editor/Binaries/Win64/UnrealEditor.modules" 1118
"../../../Engine/Plugins/PCG/Binaries/Win64/UnrealEditor.modules" 1119
"../../../Engine/Plugins/RenderGraphInsights/Binaries/Win64/UnrealEditor.modules" 1120
"../../../Engine/Plugins/RenderTraceInsights/Binaries/Win64/UnrealEditor.modules" 1121
"../../../Engine/Plugins/UbaController/Binaries/Win64/UnrealEditor.modules" 1122
"../../../Engine/Plugins/TraceUtilities/Binaries/Win64/UnrealEditor.modules" 1123
"../../../Engine/Plugins/XGEController/Binaries/Win64/UnrealEditor.modules" 1124
"../../../Engine/Plugins/WorldMetrics/Binaries/Win64/UnrealEditor.modules" 1125
"../../../Engine/Plugins/Developer/AnimationSharing/Binaries/Win64/UnrealEditor.modules" 1126
"../../../Engine/Plugins/Runtime/SignificanceManager/Binaries/Win64/UnrealEditor.modules" 1127
"../../../Engine/Plugins/Developer/CLionSourceCodeAccess/Binaries/Win64/UnrealEditor.modules" 1128
"../../../Engine/Plugins/Developer/DumpGPUServices/Binaries/Win64/UnrealEditor.modules" 1129
"../../../Engine/Plugins/Developer/GPUReshape/Binaries/Win64/UnrealEditor.modules" 1130
"../../../Engine/Plugins/Developer/N10XSourceCodeAccess/Binaries/Win64/UnrealEditor.modules" 1131
"../../../Engine/Plugins/Developer/PlasticSourceControl/Binaries/Win64/UnrealEditor.modules" 1132
"../../../Engine/Plugins/Developer/GitSourceControl/Binaries/Win64/UnrealEditor.modules" 1133
"../../../Engine/Plugins/Developer/PerforceSourceControl/Binaries/Win64/UnrealEditor.modules" 1134
"../../../Engine/Plugins/Developer/PluginUtils/Binaries/Win64/UnrealEditor.modules" 1135
"../../../Engine/Plugins/Developer/RiderSourceCodeAccess/Binaries/Win64/UnrealEditor.modules" 1136
"../../../Engine/Plugins/Developer/RenderDocPlugin/Binaries/Win64/UnrealEditor.modules" 1137
"../../../Engine/Plugins/Developer/ProjectLauncher/Binaries/Win64/UnrealEditor.modules" 1138
"../../../Engine/Plugins/Developer/PropertyAccessNode/Binaries/Win64/UnrealEditor.modules" 1139
"../../../Engine/Plugins/Developer/SubversionSourceControl/Binaries/Win64/UnrealEditor.modules" 1140
"../../../Engine/Plugins/Developer/VisualStudioSourceCodeAccess/Binaries/Win64/UnrealEditor.modules" 1141
"../../../Engine/Plugins/Developer/UObjectPlugin/Binaries/Win64/UnrealEditor.modules" 1142
"../../../Engine/Plugins/Developer/PixWinPlugin/Binaries/Win64/UnrealEditor.modules" 1143
"../../../Engine/Plugins/Developer/VisualStudioCodeSourceCodeAccess/Binaries/Win64/UnrealEditor.modules" 1144
"../../../Engine/Plugins/Enterprise/DatasmithContent/Binaries/Win64/UnrealEditor.modules" 1145
"../../../Engine/Plugins/Enterprise/GLTFExporter/Binaries/Win64/UnrealEditor.modules" 1146
"../../../Engine/Plugins/Importers/AlembicImporter/Binaries/Win64/UnrealEditor.modules" 1147
"../../../Engine/Plugins/Media/AvfMedia/Binaries/Win64/UnrealEditor.modules" 1148
"../../../Engine/Plugins/Media/AndroidMedia/Binaries/Win64/UnrealEditor.modules" 1149
"../../../Engine/Plugins/Media/ImgMedia/Binaries/Win64/UnrealEditor.modules" 1150
"../../../Engine/Plugins/Media/TmvMedia/Binaries/Win64/UnrealEditor.modules" 1151
"../../../Engine/Plugins/Media/MediaPlayerEditor/Binaries/Win64/UnrealEditor.modules" 1152
"../../../Engine/Plugins/Media/MP4Utilities/Binaries/Win64/UnrealEditor.modules" 1153
"../../../Engine/Plugins/Media/MediaCompositing/Binaries/Win64/UnrealEditor.modules" 1154
"../../../Engine/Plugins/Media/MediaPlate/Binaries/Win64/UnrealEditor.modules" 1155
"../../../Engine/Plugins/Compositing/CompositeCore/Binaries/Win64/UnrealEditor.modules" 1156
"../../../Engine/Plugins/Media/WmfMedia/Binaries/Win64/UnrealEditor.modules" 1157
"../../../Engine/Plugins/Performance/AutomatedPerfTestTools/Binaries/Win64/UnrealEditor.modules" 1158
"../../../Engine/Plugins/Tests/InterchangeTests/Binaries/Win64/UnrealEditor.modules" 1159
"../../../Engine/Plugins/Experimental/AdvancedRenamer/Binaries/Win64/UnrealEditor.modules" 1160
"../../../Engine/Plugins/Experimental/AutomationUtils/Binaries/Win64/UnrealEditor.modules" 1161
"../../../Engine/Plugins/Experimental/BackChannel/Binaries/Win64/UnrealEditor.modules" 1162
"../../../Engine/Plugins/Experimental/ChaosEditor/Binaries/Win64/UnrealEditor.modules" 1163
"../../../Engine/Plugins/Experimental/GeometryCollectionPlugin/Binaries/Win64/UnrealEditor.modules" 1164
"../../../Engine/Plugins/Experimental/Fracture/Binaries/Win64/UnrealEditor.modules" 1165
"../../../Engine/Plugins/Experimental/ChaosSolverPlugin/Binaries/Win64/UnrealEditor.modules" 1166
"../../../Engine/Plugins/Experimental/GeometryDataflow/Binaries/Win64/UnrealEditor.modules" 1167
"../../../Engine/Plugins/Experimental/ChaosNiagara/Binaries/Win64/UnrealEditor.modules" 1168
"../../../Engine/Plugins/Experimental/CharacterAI/Binaries/Win64/UnrealEditor.modules" 1169
"../../../Engine/Plugins/Experimental/ControlRigPhysics/Binaries/Win64/UnrealEditor.modules" 1170
"../../../Engine/Plugins/Animation/PhysicsControl/Binaries/Win64/UnrealEditor.modules" 1171
"../../../Engine/Plugins/Experimental/EditorTRSGizmo/Binaries/Win64/UnrealEditor.modules" 1172
"../../../Engine/Plugins/Experimental/EditorPerformance/Binaries/Win64/UnrealEditor.modules" 1173
"../../../Engine/Plugins/Experimental/EditorTelemetry/Binaries/Win64/UnrealEditor.modules" 1174
"../../../Engine/Plugins/Experimental/GlobalConfigurationData/Binaries/Win64/UnrealEditor.modules" 1175
"../../../Engine/Plugins/Experimental/LevelSequenceNavigatorBridge/Binaries/Win64/UnrealEditor.modules" 1176
"../../../Engine/Plugins/Experimental/SequenceNavigator/Binaries/Win64/UnrealEditor.modules" 1177
"../../../Engine/Plugins/Experimental/LocalizableMessage/Binaries/Win64/UnrealEditor.modules" 1178
"../../../Engine/Plugins/Experimental/HttpInsights/Binaries/Win64/UnrealEditor.modules" 1179
"../../../Engine/Plugins/Experimental/MutableAssetUserData/Binaries/Win64/UnrealEditor.modules" 1180
"../../../Engine/Plugins/Mutable/Binaries/Win64/UnrealEditor.modules" 1181
"../../../Engine/Plugins/Runtime/SkeletalMerging/Binaries/Win64/UnrealEditor.modules" 1182
"../../../Engine/Plugins/Experimental/NFORDenoise/Binaries/Win64/UnrealEditor.modules" 1183
"../../../Engine/Plugins/Experimental/PlatformCrypto/Binaries/Win64/UnrealEditor.modules" 1184
"../../../Engine/Plugins/Experimental/RuntimeTelemetry/Binaries/Win64/UnrealEditor.modules" 1185
"../../../Engine/Plugins/Experimental/SkeletalReduction/Binaries/Win64/UnrealEditor.modules" 1186
"../../../Engine/Plugins/MovieScene/ActorSequence/Binaries/Win64/UnrealEditor.modules" 1187
"../../../Engine/Plugins/MovieScene/SequenceValidator/Binaries/Win64/UnrealEditor.modules" 1188
"../../../Engine/Plugins/FX/Cascade/Binaries/Win64/UnrealEditor.modules" 1189
"../../../Engine/Plugins/FX/NiagaraSimCaching/Binaries/Win64/UnrealEditor.modules" 1190
"../../../Engine/Plugins/FX/NiagaraPreviewContent/Binaries/Win64/UnrealEditor.modules" 1191
"../../../Engine/Plugins/Runtime/ActorLayerUtilities/Binaries/Win64/UnrealEditor.modules" 1192
"../../../Engine/Plugins/Runtime/AndroidDeviceProfileSelector/Binaries/Win64/UnrealEditor.modules" 1193
"../../../Engine/Plugins/Runtime/AndroidFileServer/Binaries/Win64/UnrealEditor.modules" 1194
"../../../Engine/Plugins/Runtime/AndroidPermission/Binaries/Win64/UnrealEditor.modules" 1195
"../../../Engine/Plugins/Runtime/AppleImageUtils/Binaries/Win64/UnrealEditor.modules" 1196
"../../../Engine/Plugins/Runtime/ArchVisCharacter/Binaries/Win64/UnrealEditor.modules" 1197
"../../../Engine/Plugins/Runtime/AssetTags/Binaries/Win64/UnrealEditor.modules" 1198
"../../../Engine/Plugins/Runtime/CableComponent/Binaries/Win64/UnrealEditor.modules" 1199
"../../../Engine/Plugins/Runtime/CustomMeshComponent/Binaries/Win64/UnrealEditor.modules" 1200
"../../../Engine/Plugins/Runtime/ExampleDeviceProfileSelector/Binaries/Win64/UnrealEditor.modules" 1201
"../../../Engine/Plugins/Runtime/GooglePAD/Binaries/Win64/UnrealEditor.modules" 1202
"../../../Engine/Plugins/Runtime/InputDebugging/Binaries/Win64/UnrealEditor.modules" 1203
"../../../Engine/Plugins/Runtime/IOSDeviceProfileSelector/Binaries/Win64/UnrealEditor.modules" 1204
"../../../Engine/Plugins/Runtime/LocationServicesBPLibrary/Binaries/Win64/UnrealEditor.modules" 1205
"../../../Engine/Plugins/Runtime/Metasound/Binaries/Win64/UnrealEditor.modules" 1206
"../../../Engine/Plugins/Editor/ContentBrowser/ContentBrowserAssetDataSource/Binaries/Win64/UnrealEditor.modules" 1207
"../../../Engine/Plugins/Runtime/WaveTable/Binaries/Win64/UnrealEditor.modules" 1208
"../../../Engine/Plugins/Runtime/ModelViewViewModel/Binaries/Win64/UnrealEditor.modules" 1209
"../../../Engine/Plugins/Runtime/MobilePatchingUtils/Binaries/Win64/UnrealEditor.modules" 1210
"../../../Engine/Plugins/Runtime/MsQuic/Binaries/Win64/UnrealEditor.modules" 1211
"../../../Engine/Plugins/Runtime/ResonanceAudio/Binaries/Win64/UnrealEditor.modules" 1212
"../../../Engine/Plugins/Runtime/SoundFields/Binaries/Win64/UnrealEditor.modules" 1213
"../../../Engine/Plugins/Runtime/Synthesis/Binaries/Win64/UnrealEditor.modules" 1214
"../../../Engine/Plugins/FX/NiagaraInsights/Binaries/Win64/UnrealEditor.modules" 1215
"../../../Engine/Plugins/Runtime/WebMMoviePlayer/Binaries/Win64/UnrealEditor.modules" 1216
"../../../Engine/Plugins/Media/WebMMedia/Binaries/Win64/UnrealEditor.modules" 1217
"../../../Engine/Plugins/Runtime/WindowsMoviePlayer/Binaries/Win64/UnrealEditor.modules" 1218
"../../../Engine/Plugins/Runtime/WindowsDeviceProfileSelector/Binaries/Win64/UnrealEditor.modules" 1219
"../../../Engine/Plugins/Runtime/ChunkDownloader/Binaries/Win64/UnrealEditor.modules" 1220
"../../../Engine/Plugins/NNE/NNEDenoiser/Binaries/Win64/UnrealEditor.modules" 1221
"../../../Engine/Plugins/NNE/NNERuntimeORT/Binaries/Win64/UnrealEditor.modules" 1222
"../../../Engine/Plugins/AI/AISupport/Binaries/Win64/UnrealEditor.modules" 1223
"../../../Engine/Plugins/Portal/LauncherChunkInstaller/Binaries/Win64/UnrealEditor.modules" 1224
"../../../Engine/Plugins/Animation/ACLPlugin/Binaries/Win64/UnrealEditor.modules" 1225
"../../../Engine/Plugins/AI/EnvironmentQueryEditor/Binaries/Win64/UnrealEditor.modules" 1226
"../../../Engine/Plugins/Animation/BlendSpaceMotionAnalysis/Binaries/Win64/UnrealEditor.modules" 1227
"../../../Engine/Plugins/Animation/AnimatorKit/Binaries/Win64/UnrealEditor.modules" 1228
"../../../Engine/Plugins/Animation/ControlRigSpline/Binaries/Win64/UnrealEditor.modules" 1229
"../../../Engine/Plugins/Experimental/GizmoFramework/Binaries/Win64/UnrealEditor.modules" 1230
"../../../Engine/Plugins/Experimental/FullBodyIK/Binaries/Win64/UnrealEditor.modules" 1231
"../../../Engine/Plugins/Animation/EaseCurveTool/Binaries/Win64/UnrealEditor.modules" 1232
"../../../Engine/Plugins/Animation/AnimationData/Binaries/Win64/UnrealEditor.modules" 1233
"../../../Engine/Plugins/Animation/IKRig/Binaries/Win64/UnrealEditor.modules" 1234
"../../../Engine/Plugins/Animation/AnimationModifierLibrary/Binaries/Win64/UnrealEditor.modules" 1235
"../../../Engine/Plugins/Cameras/CameraShakePreviewer/Binaries/Win64/UnrealEditor.modules" 1236
"../../../Engine/Plugins/Cameras/GameplayCameras/Binaries/Win64/UnrealEditor.modules" 1237
"../../../Engine/Plugins/MovieScene/TemplateSequence/Binaries/Win64/UnrealEditor.modules" 1238
"../../../Engine/Plugins/Cameras/EngineCameras/Binaries/Win64/UnrealEditor.modules" 1239
"../../../Engine/Plugins/Compression/OodleNetwork/Binaries/Win64/UnrealEditor.modules" 1240
"../../../Engine/Plugins/Editor/AssetManagerEditor/Binaries/Win64/UnrealEditor.modules" 1241
"../../../Engine/Plugins/Editor/ChangelistReview/Binaries/Win64/UnrealEditor.modules" 1242
"../../../Engine/Plugins/Editor/ColorGrading/Binaries/Win64/UnrealEditor.modules" 1243
"../../../Engine/Plugins/Editor/ObjectMixer/ObjectMixer/Binaries/Win64/UnrealEditor.modules" 1244
"../../../Engine/Plugins/Editor/CurveEditorTools/Binaries/Win64/UnrealEditor.modules" 1245
"../../../Engine/Plugins/Editor/CryptoKeys/Binaries/Win64/UnrealEditor.modules" 1246
"../../../Engine/Plugins/Editor/ConsoleVariablesEditor/Binaries/Win64/UnrealEditor.modules" 1247
"../../../Engine/Plugins/Developer/Concert/ConcertSync/ConcertSyncClient/Binaries/Win64/UnrealEditor.modules" 1248
"../../../Engine/Plugins/Developer/Concert/ConcertSync/ConcertSyncCore/Binaries/Win64/UnrealEditor.modules" 1249
"../../../Engine/Plugins/Developer/Concert/ConcertMain/Binaries/Win64/UnrealEditor.modules" 1250
"../../../Engine/Plugins/Developer/Concert/ConcertUI/ConcertSharedSlate/Binaries/Win64/UnrealEditor.modules" 1251
"../../../Engine/Plugins/Developer/Sandbox/FileSandbox/Binaries/Win64/UnrealEditor.modules" 1252
"../../../Engine/Plugins/Runtime/Database/SQLiteCore/Binaries/Win64/UnrealEditor.modules" 1253
"../../../Engine/Plugins/Editor/EditorDebugTools/Binaries/Win64/UnrealEditor.modules" 1254
"../../../Engine/Plugins/Editor/FacialAnimation/Binaries/Win64/UnrealEditor.modules" 1255
"../../../Engine/Plugins/Editor/GameplayTagsEditor/Binaries/Win64/UnrealEditor.modules" 1256
"../../../Engine/Plugins/Editor/GeometryMode/Binaries/Win64/UnrealEditor.modules" 1257
"../../../Engine/Plugins/Editor/MaterialAnalyzer/Binaries/Win64/UnrealEditor.modules" 1258
"../../../Engine/Plugins/Editor/BlueprintHeaderView/Binaries/Win64/UnrealEditor.modules" 1259
"../../../Engine/Plugins/Editor/MaterialAssetWizard/Binaries/Win64/UnrealEditor.modules" 1260
"../../../Engine/Plugins/Editor/MobileLauncherProfileWizard/Binaries/Win64/UnrealEditor.modules" 1261
"../../../Engine/Plugins/Editor/PluginBrowser/Binaries/Win64/UnrealEditor.modules" 1262
"../../../Engine/Plugins/Editor/SpeedTreeImporter/Binaries/Win64/UnrealEditor.modules" 1263
"../../../Engine/Plugins/Editor/UMGWidgetPreview/Binaries/Win64/UnrealEditor.modules" 1264
"../../../Engine/Plugins/2D/Paper2D/Binaries/Win64/UnrealEditor.modules" 1265
"../../../Engine/Plugins/Editor/SequencerAnimTools/Binaries/Win64/UnrealEditor.modules" 1266
"../../../Engine/Plugins/Editor/UVEditor/Binaries/Win64/UnrealEditor.modules" 1267
"../../../Engine/Plugins/Editor/WorldPartitionHLODUtilities/Binaries/Win64/UnrealEditor.modules" 1268
"../../../Engine/Plugins/Messaging/TcpMessaging/Binaries/Win64/UnrealEditor.modules" 1269
"../../../Engine/Plugins/Messaging/UdpMessaging/Binaries/Win64/UnrealEditor.modules" 1270
"../../../Engine/Plugins/Online/OnlineBase/Binaries/Win64/UnrealEditor.modules" 1271
"../../../Engine/Plugins/Online/OnlineSubsystem/Binaries/Win64/UnrealEditor.modules" 1272
"../../../Engine/Plugins/Online/OnlineSubsystemNull/Binaries/Win64/UnrealEditor.modules" 1273
"../../../Engine/Plugins/Online/OnlineSubsystemUtils/Binaries/Win64/UnrealEditor.modules" 1274
"../../../Engine/Plugins/Online/OnlineServices/Binaries/Win64/UnrealEditor.modules" 1275
"../../../Engine/Plugins/Experimental/InterchangeAxF/Assets/Binaries/Win64/UnrealEditor.modules" 1276
"../../../Engine/Plugins/Editor/ContentBrowser/ContentBrowserClassDataSource/Binaries/Win64/UnrealEditor.modules" 1277
"../../../Engine/Plugins/Runtime/Windows/XInputDevice/Binaries/Win64/UnrealEditor.modules" 1278
"../../../Engine/Plugins/Editor/Localization/PortableObjectFileDataSource/Binaries/Win64/UnrealEditor.modules" 1279
"../../../Engine/Plugins/Editor/ObjectMixer/LightMixer/Binaries/Win64/UnrealEditor.modules" 1280
"../../../Engine/Config/BaseSourceControlSettings.ini" 1281
"../../../Engine/Content/Internationalization/icudt64l/coll/ucadata.icu" 1282
"../../../Engine/Content/Internationalization/icudt64l/coll/ru.res" 1283
"../../../Engine/Content/Internationalization/icudt64l/coll/root.res" 1284
"../../../Engine/Content/Internationalization/icudt64l/numberingSystems.res" 1285
"../../../Engine/Content/Internationalization/icudt64l/curr/supplementalData.res" 1286
"../../../Engine/Content/Internationalization/icudt64l/curr/ru.res" 1287
"../../../Engine/Content/Internationalization/icudt64l/curr/pool.res" 1288
"../../../Engine/Content/Internationalization/icudt64l/curr/root.res" 1289
"../../../Engine/Content/Certificates/ThirdParty/cacert.pem" 1290
"../../../Engine/Config/ConsoleVariables.ini" 1291
"C:/Users/USER/Documents/Unreal Projects/SoulsDistructor/Saved/Logs/AutoSDKInfo.txt" 1292
"../../../Engine/Binaries/Win64/Android/UnrealEditor.modules" 1293
"../../../Engine/Binaries/Win64/IOS/UnrealEditor.modules" 1294
"../../../Engine/Binaries/Win64/Linux/UnrealEditor.modules" 1295
"../../../Engine/Content/Localization/Editor/ru/Editor.locres" 1296
"../../../Engine/Content/Localization/Keywords/ru/Keywords.locres" 1297
"../../../Engine/Content/Localization/Category/ru/Category.locres" 1298
"../../../Engine/Content/Localization/ToolTips/ru/ToolTips.locres" 1299
"../../../Engine/Content/Localization/PropertyNames/ru/PropertyNames.locres" 1300
"../../../Engine/Content/Localization/Engine/ru/Engine.locres" 1301
"../../../Engine/Plugins/Online/OnlineSubsystem/Content/Localization/OnlineSubsystem/ru/OnlineSubsystem.locres" 1302
"../../../Engine/Plugins/Online/OnlineSubsystemUtils/Content/Localization/OnlineSubsystemUtils/ru/OnlineSubsystemUtils.locres" 1303
"../../../Engine/Plugins/Online/Android/OnlineSubsystemGooglePlay/Content/Localization/OnlineSubsystemGooglePlay/ru/OnlineSubsystemGooglePlay.locres" 1304
"../../../Engine/Plugins/Online/IOS/OnlineSubsystemIOS/Content/Localization/OnlineSubsystemIOS/ru/OnlineSubsystemIOS.locres" 1305
"../../../Engine/Content/Internationalization/icudt64l/lang/af.res" 1306
"../../../Engine/Content/Internationalization/icudt64l/region/af.res" 1307
"../../../Engine/Content/Internationalization/icudt64l/lang/agq.res" 1308
"../../../Engine/Content/Internationalization/icudt64l/region/agq.res" 1309
"../../../Engine/Content/Internationalization/icudt64l/lang/ak.res" 1310
"../../../Engine/Content/Internationalization/icudt64l/region/ak.res" 1311
"../../../Engine/Content/Internationalization/icudt64l/lang/am.res" 1312
"../../../Engine/Content/Internationalization/icudt64l/region/am.res" 1313
"../../../Engine/Content/Internationalization/icudt64l/lang/ar.res" 1314
"../../../Engine/Content/Internationalization/icudt64l/region/ar.res" 1315
"../../../Engine/Content/Internationalization/icudt64l/region/ar_AE.res" 1316
"../../../Engine/Content/Internationalization/icudt64l/lang/ar_EG.res" 1317
"../../../Engine/Content/Internationalization/icudt64l/lang/ar_LY.res" 1318
"../../../Engine/Content/Internationalization/icudt64l/region/ar_LY.res" 1319
"../../../Engine/Content/Internationalization/icudt64l/lang/ar_SA.res" 1320
"../../../Engine/Content/Internationalization/icudt64l/region/ar_SA.res" 1321
"../../../Engine/Content/Internationalization/icudt64l/lang/as.res" 1322
"../../../Engine/Content/Internationalization/icudt64l/region/as.res" 1323
"../../../Engine/Content/Internationalization/icudt64l/lang/asa.res" 1324
"../../../Engine/Content/Internationalization/icudt64l/region/asa.res" 1325
"../../../Engine/Content/Internationalization/icudt64l/lang/ast.res" 1326
"../../../Engine/Content/Internationalization/icudt64l/region/ast.res" 1327
"../../../Engine/Content/Internationalization/icudt64l/lang/az.res" 1328
"../../../Engine/Content/Internationalization/icudt64l/lang/az_Cyrl.res" 1329
"../../../Engine/Content/Internationalization/icudt64l/lang/az_AZ.res" 1330
"../../../Engine/Content/Internationalization/icudt64l/lang/az_Latn_AZ.res" 1331
"../../../Engine/Content/Internationalization/icudt64l/lang/az_Latn.res" 1332
"../../../Engine/Content/Internationalization/icudt64l/region/az_AZ.res" 1333
"../../../Engine/Content/Internationalization/icudt64l/region/az_Latn_AZ.res" 1334
"../../../Engine/Content/Internationalization/icudt64l/region/az_Latn.res" 1335
"../../../Engine/Content/Internationalization/icudt64l/region/az.res" 1336
"../../../Engine/Content/Internationalization/icudt64l/region/az_Cyrl.res" 1337
"../../../Engine/Content/Internationalization/icudt64l/lang/bas.res" 1338
"../../../Engine/Content/Internationalization/icudt64l/region/bas.res" 1339
"../../../Engine/Content/Internationalization/icudt64l/lang/be.res" 1340
"../../../Engine/Content/Internationalization/icudt64l/region/be.res" 1341
"../../../Engine/Content/Internationalization/icudt64l/lang/bem.res" 1342
"../../../Engine/Content/Internationalization/icudt64l/region/bem.res" 1343
"../../../Engine/Content/Internationalization/icudt64l/lang/bez.res" 1344
"../../../Engine/Content/Internationalization/icudt64l/region/bez.res" 1345
"../../../Engine/Content/Internationalization/icudt64l/lang/bg.res" 1346
"../../../Engine/Content/Internationalization/icudt64l/region/bg.res" 1347
"../../../Engine/Content/Internationalization/icudt64l/lang/bm.res" 1348
"../../../Engine/Content/Internationalization/icudt64l/region/bm.res" 1349
"../../../Engine/Content/Internationalization/icudt64l/lang/bn.res" 1350
"../../../Engine/Content/Internationalization/icudt64l/region/bn.res" 1351
"../../../Engine/Content/Internationalization/icudt64l/lang/bn_IN.res" 1352
"../../../Engine/Content/Internationalization/icudt64l/region/bn_IN.res" 1353
"../../../Engine/Content/Internationalization/icudt64l/lang/bo.res" 1354
"../../../Engine/Content/Internationalization/icudt64l/region/bo.res" 1355
"../../../Engine/Content/Internationalization/icudt64l/region/bo_IN.res" 1356
"../../../Engine/Content/Internationalization/icudt64l/lang/br.res" 1357
"../../../Engine/Content/Internationalization/icudt64l/region/br.res" 1358
"../../../Engine/Content/Internationalization/icudt64l/lang/brx.res" 1359
"../../../Engine/Content/Internationalization/icudt64l/region/brx.res" 1360
"../../../Engine/Content/Internationalization/icudt64l/lang/bs.res" 1361
"../../../Engine/Content/Internationalization/icudt64l/lang/bs_Cyrl.res" 1362
"../../../Engine/Content/Internationalization/icudt64l/lang/bs_BA.res" 1363
"../../../Engine/Content/Internationalization/icudt64l/lang/bs_Latn_BA.res" 1364
"../../../Engine/Content/Internationalization/icudt64l/lang/bs_Latn.res" 1365
"../../../Engine/Content/Internationalization/icudt64l/region/bs_BA.res" 1366
"../../../Engine/Content/Internationalization/icudt64l/region/bs_Latn_BA.res" 1367
"../../../Engine/Content/Internationalization/icudt64l/region/bs_Latn.res" 1368
"../../../Engine/Content/Internationalization/icudt64l/region/bs.res" 1369
"../../../Engine/Content/Internationalization/icudt64l/region/bs_Cyrl.res" 1370
"../../../Engine/Content/Internationalization/icudt64l/lang/ca.res" 1371
"../../../Engine/Content/Internationalization/icudt64l/region/ca.res" 1372
"../../../Engine/Content/Internationalization/icudt64l/lang/ccp.res" 1373
"../../../Engine/Content/Internationalization/icudt64l/region/ccp.res" 1374
"../../../Engine/Content/Internationalization/icudt64l/lang/ce.res" 1375
"../../../Engine/Content/Internationalization/icudt64l/region/ce.res" 1376
"../../../Engine/Content/Internationalization/icudt64l/lang/ceb.res" 1377
"../../../Engine/Content/Internationalization/icudt64l/region/ceb.res" 1378
"../../../Engine/Content/Internationalization/icudt64l/lang/cgg.res" 1379
"../../../Engine/Content/Internationalization/icudt64l/region/cgg.res" 1380
"../../../Engine/Content/Internationalization/icudt64l/lang/chr.res" 1381
"../../../Engine/Content/Internationalization/icudt64l/region/chr.res" 1382
"../../../Engine/Content/Internationalization/icudt64l/lang/ckb.res" 1383
"../../../Engine/Content/Internationalization/icudt64l/region/ckb.res" 1384
"../../../Engine/Content/Internationalization/icudt64l/lang/cs.res" 1385
"../../../Engine/Content/Internationalization/icudt64l/region/cs.res" 1386
"../../../Engine/Content/Internationalization/icudt64l/lang/cy.res" 1387
"../../../Engine/Content/Internationalization/icudt64l/region/cy.res" 1388
"../../../Engine/Content/Internationalization/icudt64l/lang/da.res" 1389
"../../../Engine/Content/Internationalization/icudt64l/region/da.res" 1390
"../../../Engine/Content/Internationalization/icudt64l/lang/dav.res" 1391
"../../../Engine/Content/Internationalization/icudt64l/region/dav.res" 1392
"../../../Engine/Content/Internationalization/icudt64l/lang/de.res" 1393
"../../../Engine/Content/Internationalization/icudt64l/lang/de_AT.res" 1394
"../../../Engine/Content/Internationalization/icudt64l/region/de_AT.res" 1395
"../../../Engine/Content/Internationalization/icudt64l/region/de.res" 1396
"../../../Engine/Content/Internationalization/icudt64l/lang/de_CH.res" 1397
"../../../Engine/Content/Internationalization/icudt64l/region/de_CH.res" 1398
"../../../Engine/Content/Internationalization/icudt64l/lang/de_LU.res" 1399
"../../../Engine/Content/Internationalization/icudt64l/lang/dje.res" 1400
"../../../Engine/Content/Internationalization/icudt64l/region/dje.res" 1401
"../../../Engine/Content/Internationalization/icudt64l/lang/dsb.res" 1402
"../../../Engine/Content/Internationalization/icudt64l/region/dsb.res" 1403
"../../../Engine/Content/Internationalization/icudt64l/lang/dua.res" 1404
"../../../Engine/Content/Internationalization/icudt64l/region/dua.res" 1405
"../../../Engine/Content/Internationalization/icudt64l/lang/dyo.res" 1406
"../../../Engine/Content/Internationalization/icudt64l/region/dyo.res" 1407
"../../../Engine/Content/Internationalization/icudt64l/lang/dz.res" 1408
"../../../Engine/Content/Internationalization/icudt64l/region/dz.res" 1409
"../../../Engine/Content/Internationalization/icudt64l/lang/ebu.res" 1410
"../../../Engine/Content/Internationalization/icudt64l/region/ebu.res" 1411
"../../../Engine/Content/Internationalization/icudt64l/lang/ee.res" 1412
"../../../Engine/Content/Internationalization/icudt64l/region/ee.res" 1413
"../../../Engine/Content/Internationalization/icudt64l/lang/el.res" 1414
"../../../Engine/Content/Internationalization/icudt64l/region/el.res" 1415
"../../../Engine/Content/Internationalization/icudt64l/lang/en_001.res" 1416
"../../../Engine/Content/Internationalization/icudt64l/lang/en_150.res" 1417
"../../../Engine/Content/Internationalization/icudt64l/region/en_150.res" 1418
"../../../Engine/Content/Internationalization/icudt64l/lang/en_AG.res" 1419
"../../../Engine/Content/Internationalization/icudt64l/region/en_AG.res" 1420
"../../../Engine/Content/Internationalization/icudt64l/lang/en_AI.res" 1421
"../../../Engine/Content/Internationalization/icudt64l/region/en_AI.res" 1422
"../../../Engine/Content/Internationalization/icudt64l/lang/en_AT.res" 1423
"../../../Engine/Content/Internationalization/icudt64l/region/en_AT.res" 1424
"../../../Engine/Content/Internationalization/icudt64l/lang/en_AU.res" 1425
"../../../Engine/Content/Internationalization/icudt64l/region/en_AU.res" 1426
"../../../Engine/Content/Internationalization/icudt64l/lang/en_BB.res" 1427
"../../../Engine/Content/Internationalization/icudt64l/region/en_BB.res" 1428
"../../../Engine/Content/Internationalization/icudt64l/lang/en_BE.res" 1429
"../../../Engine/Content/Internationalization/icudt64l/region/en_BE.res" 1430
"../../../Engine/Content/Internationalization/icudt64l/lang/en_BM.res" 1431
"../../../Engine/Content/Internationalization/icudt64l/region/en_BM.res" 1432
"../../../Engine/Content/Internationalization/icudt64l/lang/en_BS.res" 1433
"../../../Engine/Content/Internationalization/icudt64l/region/en_BS.res" 1434
"../../../Engine/Content/Internationalization/icudt64l/lang/en_BW.res" 1435
"../../../Engine/Content/Internationalization/icudt64l/region/en_BW.res" 1436
"../../../Engine/Content/Internationalization/icudt64l/lang/en_BZ.res" 1437
"../../../Engine/Content/Internationalization/icudt64l/region/en_BZ.res" 1438
"../../../Engine/Content/Internationalization/icudt64l/lang/en_CA.res" 1439
"../../../Engine/Content/Internationalization/icudt64l/region/en_CA.res" 1440
"../../../Engine/Content/Internationalization/icudt64l/lang/en_CC.res" 1441
"../../../Engine/Content/Internationalization/icudt64l/region/en_CC.res" 1442
"../../../Engine/Content/Internationalization/icudt64l/lang/en_CH.res" 1443
"../../../Engine/Content/Internationalization/icudt64l/region/en_CH.res" 1444
"../../../Engine/Content/Internationalization/icudt64l/lang/en_CK.res" 1445
"../../../Engine/Content/Internationalization/icudt64l/region/en_CK.res" 1446
"../../../Engine/Content/Internationalization/icudt64l/lang/en_CM.res" 1447
"../../../Engine/Content/Internationalization/icudt64l/region/en_CM.res" 1448
"../../../Engine/Content/Internationalization/icudt64l/lang/en_CX.res" 1449
"../../../Engine/Content/Internationalization/icudt64l/region/en_CX.res" 1450
"../../../Engine/Content/Internationalization/icudt64l/lang/en_CY.res" 1451
"../../../Engine/Content/Internationalization/icudt64l/region/en_CY.res" 1452
"../../../Engine/Content/Internationalization/icudt64l/lang/en_DE.res" 1453
"../../../Engine/Content/Internationalization/icudt64l/region/en_DE.res" 1454
"../../../Engine/Content/Internationalization/icudt64l/lang/en_DG.res" 1455
"../../../Engine/Content/Internationalization/icudt64l/region/en_DG.res" 1456
"../../../Engine/Content/Internationalization/icudt64l/lang/en_DK.res" 1457
"../../../Engine/Content/Internationalization/icudt64l/region/en_DK.res" 1458
"../../../Engine/Content/Internationalization/icudt64l/lang/en_DM.res" 1459
"../../../Engine/Content/Internationalization/icudt64l/region/en_DM.res" 1460
"../../../Engine/Content/Internationalization/icudt64l/lang/en_ER.res" 1461
"../../../Engine/Content/Internationalization/icudt64l/region/en_ER.res" 1462
"../../../Engine/Content/Internationalization/icudt64l/lang/en_FI.res" 1463
"../../../Engine/Content/Internationalization/icudt64l/region/en_FI.res" 1464
"../../../Engine/Content/Internationalization/icudt64l/lang/en_FJ.res" 1465
"../../../Engine/Content/Internationalization/icudt64l/region/en_FJ.res" 1466
"../../../Engine/Content/Internationalization/icudt64l/lang/en_FK.res" 1467
"../../../Engine/Content/Internationalization/icudt64l/region/en_FK.res" 1468
"../../../Engine/Content/Internationalization/icudt64l/lang/en_FM.res" 1469
"../../../Engine/Content/Internationalization/icudt64l/region/en_FM.res" 1470
"../../../Engine/Content/Internationalization/icudt64l/lang/en_GB.res" 1471
"../../../Engine/Content/Internationalization/icudt64l/region/en_GB.res" 1472
"../../../Engine/Content/Internationalization/icudt64l/lang/en_GD.res" 1473
"../../../Engine/Content/Internationalization/icudt64l/region/en_GD.res" 1474
"../../../Engine/Content/Internationalization/icudt64l/lang/en_GG.res" 1475
"../../../Engine/Content/Internationalization/icudt64l/region/en_GG.res" 1476
"../../../Engine/Content/Internationalization/icudt64l/lang/en_GH.res" 1477
"../../../Engine/Content/Internationalization/icudt64l/region/en_GH.res" 1478
"../../../Engine/Content/Internationalization/icudt64l/lang/en_GI.res" 1479
"../../../Engine/Content/Internationalization/icudt64l/region/en_GI.res" 1480
"../../../Engine/Content/Internationalization/icudt64l/lang/en_GM.res" 1481
"../../../Engine/Content/Internationalization/icudt64l/region/en_GM.res" 1482
"../../../Engine/Content/Internationalization/icudt64l/lang/en_GY.res" 1483
"../../../Engine/Content/Internationalization/icudt64l/region/en_GY.res" 1484
"../../../Engine/Content/Internationalization/icudt64l/lang/en_HK.res" 1485
"../../../Engine/Content/Internationalization/icudt64l/region/en_HK.res" 1486
"../../../Engine/Content/Internationalization/icudt64l/lang/en_IE.res" 1487
"../../../Engine/Content/Internationalization/icudt64l/region/en_IE.res" 1488
"../../../Engine/Content/Internationalization/icudt64l/lang/en_IL.res" 1489
"../../../Engine/Content/Internationalization/icudt64l/region/en_IL.res" 1490
"../../../Engine/Content/Internationalization/icudt64l/lang/en_IM.res" 1491
"../../../Engine/Content/Internationalization/icudt64l/region/en_IM.res" 1492
"../../../Engine/Content/Internationalization/icudt64l/lang/en_IN.res" 1493
"../../../Engine/Content/Internationalization/icudt64l/region/en_IN.res" 1494
"../../../Engine/Content/Internationalization/icudt64l/lang/en_IO.res" 1495
"../../../Engine/Content/Internationalization/icudt64l/region/en_IO.res" 1496
"../../../Engine/Content/Internationalization/icudt64l/lang/en_JE.res" 1497
"../../../Engine/Content/Internationalization/icudt64l/region/en_JE.res" 1498
"../../../Engine/Content/Internationalization/icudt64l/lang/en_JM.res" 1499
"../../../Engine/Content/Internationalization/icudt64l/region/en_JM.res" 1500
"../../../Engine/Content/Internationalization/icudt64l/lang/en_KE.res" 1501
"../../../Engine/Content/Internationalization/icudt64l/region/en_KE.res" 1502
"../../../Engine/Content/Internationalization/icudt64l/lang/en_KI.res" 1503
"../../../Engine/Content/Internationalization/icudt64l/region/en_KI.res" 1504
"../../../Engine/Content/Internationalization/icudt64l/lang/en_KN.res" 1505
"../../../Engine/Content/Internationalization/icudt64l/region/en_KN.res" 1506
"../../../Engine/Content/Internationalization/icudt64l/lang/en_KY.res" 1507
"../../../Engine/Content/Internationalization/icudt64l/region/en_KY.res" 1508
"../../../Engine/Content/Internationalization/icudt64l/lang/en_LC.res" 1509
"../../../Engine/Content/Internationalization/icudt64l/region/en_LC.res" 1510
"../../../Engine/Content/Internationalization/icudt64l/lang/en_LR.res" 1511
"../../../Engine/Content/Internationalization/icudt64l/region/en_LR.res" 1512
"../../../Engine/Content/Internationalization/icudt64l/lang/en_LS.res" 1513
"../../../Engine/Content/Internationalization/icudt64l/region/en_LS.res" 1514
"../../../Engine/Content/Internationalization/icudt64l/lang/en_MG.res" 1515
"../../../Engine/Content/Internationalization/icudt64l/region/en_MG.res" 1516
"../../../Engine/Content/Internationalization/icudt64l/lang/en_MO.res" 1517
"../../../Engine/Content/Internationalization/icudt64l/region/en_MO.res" 1518
"../../../Engine/Content/Internationalization/icudt64l/lang/en_MS.res" 1519
"../../../Engine/Content/Internationalization/icudt64l/region/en_MS.res" 1520
"../../../Engine/Content/Internationalization/icudt64l/lang/en_MT.res" 1521
"../../../Engine/Content/Internationalization/icudt64l/region/en_MT.res" 1522
"../../../Engine/Content/Internationalization/icudt64l/lang/en_MU.res" 1523
"../../../Engine/Content/Internationalization/icudt64l/region/en_MU.res" 1524
"../../../Engine/Content/Internationalization/icudt64l/lang/en_MW.res" 1525
"../../../Engine/Content/Internationalization/icudt64l/region/en_MW.res" 1526
"../../../Engine/Content/Internationalization/icudt64l/lang/en_MY.res" 1527
"../../../Engine/Content/Internationalization/icudt64l/region/en_MY.res" 1528
"../../../Engine/Content/Internationalization/icudt64l/lang/en_NA.res" 1529
"../../../Engine/Content/Internationalization/icudt64l/region/en_NA.res" 1530
"../../../Engine/Content/Internationalization/icudt64l/lang/en_NF.res" 1531
"../../../Engine/Content/Internationalization/icudt64l/region/en_NF.res" 1532
"../../../Engine/Content/Internationalization/icudt64l/lang/en_NG.res" 1533
"../../../Engine/Content/Internationalization/icudt64l/region/en_NG.res" 1534
"../../../Engine/Content/Internationalization/icudt64l/lang/en_NL.res" 1535
"../../../Engine/Content/Internationalization/icudt64l/region/en_NL.res" 1536
"../../../Engine/Content/Internationalization/icudt64l/lang/en_NR.res" 1537
"../../../Engine/Content/Internationalization/icudt64l/region/en_NR.res" 1538
"../../../Engine/Content/Internationalization/icudt64l/lang/en_NU.res" 1539
"../../../Engine/Content/Internationalization/icudt64l/region/en_NU.res" 1540
"../../../Engine/Content/Internationalization/icudt64l/lang/en_NZ.res" 1541
"../../../Engine/Content/Internationalization/icudt64l/region/en_NZ.res" 1542
"../../../Engine/Content/Internationalization/icudt64l/lang/en_PG.res" 1543
"../../../Engine/Content/Internationalization/icudt64l/region/en_PG.res" 1544
"../../../Engine/Content/Internationalization/icudt64l/lang/en_PH.res" 1545
"../../../Engine/Content/Internationalization/icudt64l/region/en_PH.res" 1546
"../../../Engine/Content/Internationalization/icudt64l/lang/en_PK.res" 1547
"../../../Engine/Content/Internationalization/icudt64l/region/en_PK.res" 1548
"../../../Engine/Content/Internationalization/icudt64l/lang/en_PN.res" 1549
"../../../Engine/Content/Internationalization/icudt64l/region/en_PN.res" 1550
"../../../Engine/Content/Internationalization/icudt64l/lang/en_PW.res" 1551
"../../../Engine/Content/Internationalization/icudt64l/region/en_PW.res" 1552
"../../../Engine/Content/Internationalization/icudt64l/lang/en_RW.res" 1553
"../../../Engine/Content/Internationalization/icudt64l/region/en_RW.res" 1554
"../../../Engine/Content/Internationalization/icudt64l/lang/en_SB.res" 1555
"../../../Engine/Content/Internationalization/icudt64l/region/en_SB.res" 1556
"../../../Engine/Content/Internationalization/icudt64l/lang/en_SC.res" 1557
"../../../Engine/Content/Internationalization/icudt64l/region/en_SC.res" 1558
"../../../Engine/Content/Internationalization/icudt64l/lang/en_SD.res" 1559
"../../../Engine/Content/Internationalization/icudt64l/region/en_SD.res" 1560
"../../../Engine/Content/Internationalization/icudt64l/lang/en_SE.res" 1561
"../../../Engine/Content/Internationalization/icudt64l/region/en_SE.res" 1562
"../../../Engine/Content/Internationalization/icudt64l/lang/en_SG.res" 1563
"../../../Engine/Content/Internationalization/icudt64l/region/en_SG.res" 1564
"../../../Engine/Content/Internationalization/icudt64l/lang/en_SH.res" 1565
"../../../Engine/Content/Internationalization/icudt64l/region/en_SH.res" 1566
"../../../Engine/Content/Internationalization/icudt64l/lang/en_SI.res" 1567
"../../../Engine/Content/Internationalization/icudt64l/region/en_SI.res" 1568
"../../../Engine/Content/Internationalization/icudt64l/lang/en_SL.res" 1569
"../../../Engine/Content/Internationalization/icudt64l/region/en_SL.res" 1570
"../../../Engine/Content/Internationalization/icudt64l/lang/en_SS.res" 1571
"../../../Engine/Content/Internationalization/icudt64l/region/en_SS.res" 1572
"../../../Engine/Content/Internationalization/icudt64l/lang/en_SX.res" 1573
"../../../Engine/Content/Internationalization/icudt64l/region/en_SX.res" 1574
"../../../Engine/Content/Internationalization/icudt64l/lang/en_SZ.res" 1575
"../../../Engine/Content/Internationalization/icudt64l/region/en_SZ.res" 1576
"../../../Engine/Content/Internationalization/icudt64l/lang/en_TC.res" 1577
"../../../Engine/Content/Internationalization/icudt64l/region/en_TC.res" 1578
"../../../Engine/Content/Internationalization/icudt64l/lang/en_TK.res" 1579
"../../../Engine/Content/Internationalization/icudt64l/region/en_TK.res" 1580
"../../../Engine/Content/Internationalization/icudt64l/lang/en_TO.res" 1581
"../../../Engine/Content/Internationalization/icudt64l/region/en_TO.res" 1582
"../../../Engine/Content/Internationalization/icudt64l/lang/en_TT.res" 1583
"../../../Engine/Content/Internationalization/icudt64l/region/en_TT.res" 1584
"../../../Engine/Content/Internationalization/icudt64l/lang/en_TV.res" 1585
"../../../Engine/Content/Internationalization/icudt64l/region/en_TV.res" 1586
"../../../Engine/Content/Internationalization/icudt64l/lang/en_TZ.res" 1587
"../../../Engine/Content/Internationalization/icudt64l/region/en_TZ.res" 1588
"../../../Engine/Content/Internationalization/icudt64l/lang/en_UG.res" 1589
"../../../Engine/Content/Internationalization/icudt64l/region/en_UG.res" 1590
"../../../Engine/Content/Internationalization/icudt64l/lang/en_VC.res" 1591
"../../../Engine/Content/Internationalization/icudt64l/region/en_VC.res" 1592
"../../../Engine/Content/Internationalization/icudt64l/lang/en_VG.res" 1593
"../../../Engine/Content/Internationalization/icudt64l/region/en_VG.res" 1594
"../../../Engine/Content/Internationalization/icudt64l/lang/en_VU.res" 1595
"../../../Engine/Content/Internationalization/icudt64l/region/en_VU.res" 1596
"../../../Engine/Content/Internationalization/icudt64l/lang/en_WS.res" 1597
"../../../Engine/Content/Internationalization/icudt64l/region/en_WS.res" 1598
"../../../Engine/Content/Internationalization/icudt64l/lang/en_ZA.res" 1599
"../../../Engine/Content/Internationalization/icudt64l/region/en_ZA.res" 1600
"../../../Engine/Content/Internationalization/icudt64l/lang/en_ZM.res" 1601
"../../../Engine/Content/Internationalization/icudt64l/region/en_ZM.res" 1602
"../../../Engine/Content/Internationalization/icudt64l/lang/en_ZW.res" 1603
"../../../Engine/Content/Internationalization/icudt64l/region/en_ZW.res" 1604
"../../../Engine/Content/Internationalization/icudt64l/lang/eo.res" 1605
"../../../Engine/Content/Internationalization/icudt64l/region/eo.res" 1606
"../../../Engine/Content/Internationalization/icudt64l/lang/es.res" 1607
"../../../Engine/Content/Internationalization/icudt64l/lang/es_419.res" 1608
"../../../Engine/Content/Internationalization/icudt64l/region/es_419.res" 1609
"../../../Engine/Content/Internationalization/icudt64l/region/es.res" 1610
"../../../Engine/Content/Internationalization/icudt64l/lang/es_AR.res" 1611
"../../../Engine/Content/Internationalization/icudt64l/region/es_AR.res" 1612
"../../../Engine/Content/Internationalization/icudt64l/lang/es_BO.res" 1613
"../../../Engine/Content/Internationalization/icudt64l/region/es_BO.res" 1614
"../../../Engine/Content/Internationalization/icudt64l/lang/es_BR.res" 1615
"../../../Engine/Content/Internationalization/icudt64l/region/es_BR.res" 1616
"../../../Engine/Content/Internationalization/icudt64l/lang/es_BZ.res" 1617
"../../../Engine/Content/Internationalization/icudt64l/region/es_BZ.res" 1618
"../../../Engine/Content/Internationalization/icudt64l/lang/es_CL.res" 1619
"../../../Engine/Content/Internationalization/icudt64l/region/es_CL.res" 1620
"../../../Engine/Content/Internationalization/icudt64l/lang/es_CO.res" 1621
"../../../Engine/Content/Internationalization/icudt64l/region/es_CO.res" 1622
"../../../Engine/Content/Internationalization/icudt64l/lang/es_CR.res" 1623
"../../../Engine/Content/Internationalization/icudt64l/region/es_CR.res" 1624
"../../../Engine/Content/Internationalization/icudt64l/lang/es_CU.res" 1625
"../../../Engine/Content/Internationalization/icudt64l/region/es_CU.res" 1626
"../../../Engine/Content/Internationalization/icudt64l/lang/es_DO.res" 1627
"../../../Engine/Content/Internationalization/icudt64l/region/es_DO.res" 1628
"../../../Engine/Content/Internationalization/icudt64l/lang/es_EC.res" 1629
"../../../Engine/Content/Internationalization/icudt64l/region/es_EC.res" 1630
"../../../Engine/Content/Internationalization/icudt64l/lang/es_GT.res" 1631
"../../../Engine/Content/Internationalization/icudt64l/region/es_GT.res" 1632
"../../../Engine/Content/Internationalization/icudt64l/lang/es_HN.res" 1633
"../../../Engine/Content/Internationalization/icudt64l/region/es_HN.res" 1634
"../../../Engine/Content/Internationalization/icudt64l/lang/es_MX.res" 1635
"../../../Engine/Content/Internationalization/icudt64l/region/es_MX.res" 1636
"../../../Engine/Content/Internationalization/icudt64l/lang/es_NI.res" 1637
"../../../Engine/Content/Internationalization/icudt64l/region/es_NI.res" 1638
"../../../Engine/Content/Internationalization/icudt64l/lang/es_PA.res" 1639
"../../../Engine/Content/Internationalization/icudt64l/region/es_PA.res" 1640
"../../../Engine/Content/Internationalization/icudt64l/lang/es_PE.res" 1641
"../../../Engine/Content/Internationalization/icudt64l/region/es_PE.res" 1642
"../../../Engine/Content/Internationalization/icudt64l/lang/es_PR.res" 1643
"../../../Engine/Content/Internationalization/icudt64l/region/es_PR.res" 1644
"../../../Engine/Content/Internationalization/icudt64l/lang/es_PY.res" 1645
"../../../Engine/Content/Internationalization/icudt64l/region/es_PY.res" 1646
"../../../Engine/Content/Internationalization/icudt64l/lang/es_SV.res" 1647
"../../../Engine/Content/Internationalization/icudt64l/region/es_SV.res" 1648
"../../../Engine/Content/Internationalization/icudt64l/lang/es_US.res" 1649
"../../../Engine/Content/Internationalization/icudt64l/region/es_US.res" 1650
"../../../Engine/Content/Internationalization/icudt64l/lang/es_UY.res" 1651
"../../../Engine/Content/Internationalization/icudt64l/region/es_UY.res" 1652
"../../../Engine/Content/Internationalization/icudt64l/lang/es_VE.res" 1653
"../../../Engine/Content/Internationalization/icudt64l/region/es_VE.res" 1654
"../../../Engine/Content/Internationalization/icudt64l/lang/et.res" 1655
"../../../Engine/Content/Internationalization/icudt64l/region/et.res" 1656
"../../../Engine/Content/Internationalization/icudt64l/lang/eu.res" 1657
"../../../Engine/Content/Internationalization/icudt64l/region/eu.res" 1658
"../../../Engine/Content/Internationalization/icudt64l/lang/ewo.res" 1659
"../../../Engine/Content/Internationalization/icudt64l/region/ewo.res" 1660
"../../../Engine/Content/Internationalization/icudt64l/lang/fa.res" 1661
"../../../Engine/Content/Internationalization/icudt64l/lang/fa_AF.res" 1662
"../../../Engine/Content/Internationalization/icudt64l/region/fa_AF.res" 1663
"../../../Engine/Content/Internationalization/icudt64l/region/fa.res" 1664
"../../../Engine/Content/Internationalization/icudt64l/lang/ff.res" 1665
"../../../Engine/Content/Internationalization/icudt64l/lang/ff_Latn.res" 1666
"../../../Engine/Content/Internationalization/icudt64l/region/ff.res" 1667
"../../../Engine/Content/Internationalization/icudt64l/region/ff_Latn.res" 1668
"../../../Engine/Content/Internationalization/icudt64l/lang/ff_CM.res" 1669
"../../../Engine/Content/Internationalization/icudt64l/lang/ff_Latn_CM.res" 1670
"../../../Engine/Content/Internationalization/icudt64l/region/ff_CM.res" 1671
"../../../Engine/Content/Internationalization/icudt64l/region/ff_Latn_CM.res" 1672
"../../../Engine/Content/Internationalization/icudt64l/lang/ff_GN.res" 1673
"../../../Engine/Content/Internationalization/icudt64l/lang/ff_Latn_GN.res" 1674
"../../../Engine/Content/Internationalization/icudt64l/region/ff_GN.res" 1675
"../../../Engine/Content/Internationalization/icudt64l/region/ff_Latn_GN.res" 1676
"../../../Engine/Content/Internationalization/icudt64l/lang/ff_MR.res" 1677
"../../../Engine/Content/Internationalization/icudt64l/lang/ff_Latn_MR.res" 1678
"../../../Engine/Content/Internationalization/icudt64l/region/ff_MR.res" 1679
"../../../Engine/Content/Internationalization/icudt64l/region/ff_Latn_MR.res" 1680
"../../../Engine/Content/Internationalization/icudt64l/lang/ff_SN.res" 1681
"../../../Engine/Content/Internationalization/icudt64l/lang/ff_Latn_SN.res" 1682
"../../../Engine/Content/Internationalization/icudt64l/region/ff_SN.res" 1683
"../../../Engine/Content/Internationalization/icudt64l/region/ff_Latn_SN.res" 1684
"../../../Engine/Content/Internationalization/icudt64l/lang/fi.res" 1685
"../../../Engine/Content/Internationalization/icudt64l/region/fi.res" 1686
"../../../Engine/Content/Internationalization/icudt64l/lang/fil.res" 1687
"../../../Engine/Content/Internationalization/icudt64l/lang/fil_PH.res" 1688
"../../../Engine/Content/Internationalization/icudt64l/region/fil_PH.res" 1689
"../../../Engine/Content/Internationalization/icudt64l/region/fil.res" 1690
"../../../Engine/Content/Internationalization/icudt64l/lang/fo.res" 1691
"../../../Engine/Content/Internationalization/icudt64l/region/fo.res" 1692
"../../../Engine/Content/Internationalization/icudt64l/lang/fr.res" 1693
"../../../Engine/Content/Internationalization/icudt64l/lang/fr_BE.res" 1694
"../../../Engine/Content/Internationalization/icudt64l/region/fr_BE.res" 1695
"../../../Engine/Content/Internationalization/icudt64l/region/fr.res" 1696
"../../../Engine/Content/Internationalization/icudt64l/lang/fr_CA.res" 1697
"../../../Engine/Content/Internationalization/icudt64l/region/fr_CA.res" 1698
"../../../Engine/Content/Internationalization/icudt64l/lang/fr_CH.res" 1699
"../../../Engine/Content/Internationalization/icudt64l/lang/fur.res" 1700
"../../../Engine/Content/Internationalization/icudt64l/region/fur.res" 1701
"../../../Engine/Content/Internationalization/icudt64l/lang/fy.res" 1702
"../../../Engine/Content/Internationalization/icudt64l/region/fy.res" 1703
"../../../Engine/Content/Internationalization/icudt64l/lang/ga.res" 1704
"../../../Engine/Content/Internationalization/icudt64l/region/ga.res" 1705
"../../../Engine/Content/Internationalization/icudt64l/lang/gd.res" 1706
"../../../Engine/Content/Internationalization/icudt64l/region/gd.res" 1707
"../../../Engine/Content/Internationalization/icudt64l/lang/gl.res" 1708
"../../../Engine/Content/Internationalization/icudt64l/region/gl.res" 1709
"../../../Engine/Content/Internationalization/icudt64l/lang/gsw.res" 1710
"../../../Engine/Content/Internationalization/icudt64l/region/gsw.res" 1711
"../../../Engine/Content/Internationalization/icudt64l/lang/gu.res" 1712
"../../../Engine/Content/Internationalization/icudt64l/region/gu.res" 1713
"../../../Engine/Content/Internationalization/icudt64l/lang/guz.res" 1714
"../../../Engine/Content/Internationalization/icudt64l/region/guz.res" 1715
"../../../Engine/Content/Internationalization/icudt64l/lang/gv.res" 1716
"../../../Engine/Content/Internationalization/icudt64l/region/gv.res" 1717
"../../../Engine/Content/Internationalization/icudt64l/lang/ha.res" 1718
"../../../Engine/Content/Internationalization/icudt64l/region/ha.res" 1719
"../../../Engine/Content/Internationalization/icudt64l/lang/ha_NE.res" 1720
"../../../Engine/Content/Internationalization/icudt64l/region/ha_NE.res" 1721
"../../../Engine/Content/Internationalization/icudt64l/lang/haw.res" 1722
"../../../Engine/Content/Internationalization/icudt64l/region/haw.res" 1723
"../../../Engine/Content/Internationalization/icudt64l/lang/he.res" 1724
"../../../Engine/Content/Internationalization/icudt64l/lang/he_IL.res" 1725
"../../../Engine/Content/Internationalization/icudt64l/region/he_IL.res" 1726
"../../../Engine/Content/Internationalization/icudt64l/region/he.res" 1727
"../../../Engine/Content/Internationalization/icudt64l/lang/hi.res" 1728
"../../../Engine/Content/Internationalization/icudt64l/region/hi.res" 1729
"../../../Engine/Content/Internationalization/icudt64l/lang/hr.res" 1730
"../../../Engine/Content/Internationalization/icudt64l/region/hr.res" 1731
"../../../Engine/Content/Internationalization/icudt64l/lang/hsb.res" 1732
"../../../Engine/Content/Internationalization/icudt64l/region/hsb.res" 1733
"../../../Engine/Content/Internationalization/icudt64l/lang/hu.res" 1734
"../../../Engine/Content/Internationalization/icudt64l/region/hu.res" 1735
"../../../Engine/Content/Internationalization/icudt64l/lang/hy.res" 1736
"../../../Engine/Content/Internationalization/icudt64l/region/hy.res" 1737
"../../../Engine/Content/Internationalization/icudt64l/lang/ia.res" 1738
"../../../Engine/Content/Internationalization/icudt64l/region/ia.res" 1739
"../../../Engine/Content/Internationalization/icudt64l/lang/id.res" 1740
"../../../Engine/Content/Internationalization/icudt64l/lang/id_ID.res" 1741
"../../../Engine/Content/Internationalization/icudt64l/region/id_ID.res" 1742
"../../../Engine/Content/Internationalization/icudt64l/region/id.res" 1743
"../../../Engine/Content/Internationalization/icudt64l/lang/ig.res" 1744
"../../../Engine/Content/Internationalization/icudt64l/region/ig.res" 1745
"../../../Engine/Content/Internationalization/icudt64l/lang/ii.res" 1746
"../../../Engine/Content/Internationalization/icudt64l/region/ii.res" 1747
"../../../Engine/Content/Internationalization/icudt64l/lang/is.res" 1748
"../../../Engine/Content/Internationalization/icudt64l/region/is.res" 1749
"../../../Engine/Content/Internationalization/icudt64l/lang/it.res" 1750
"../../../Engine/Content/Internationalization/icudt64l/region/it.res" 1751
"../../../Engine/Content/Internationalization/icudt64l/lang/ja.res" 1752
"../../../Engine/Content/Internationalization/icudt64l/lang/ja_JP.res" 1753
"../../../Engine/Content/Internationalization/icudt64l/region/ja_JP.res" 1754
"../../../Engine/Content/Internationalization/icudt64l/region/ja.res" 1755
"../../../Engine/Content/Internationalization/icudt64l/lang/jgo.res" 1756
"../../../Engine/Content/Internationalization/icudt64l/region/jgo.res" 1757
"../../../Engine/Content/Internationalization/icudt64l/lang/jmc.res" 1758
"../../../Engine/Content/Internationalization/icudt64l/region/jmc.res" 1759
"../../../Engine/Content/Internationalization/icudt64l/lang/jv.res" 1760
"../../../Engine/Content/Internationalization/icudt64l/region/jv.res" 1761
"../../../Engine/Content/Internationalization/icudt64l/lang/ka.res" 1762
"../../../Engine/Content/Internationalization/icudt64l/region/ka.res" 1763
"../../../Engine/Content/Internationalization/icudt64l/lang/kab.res" 1764
"../../../Engine/Content/Internationalization/icudt64l/region/kab.res" 1765
"../../../Engine/Content/Internationalization/icudt64l/lang/kam.res" 1766
"../../../Engine/Content/Internationalization/icudt64l/region/kam.res" 1767
"../../../Engine/Content/Internationalization/icudt64l/lang/kde.res" 1768
"../../../Engine/Content/Internationalization/icudt64l/region/kde.res" 1769
"../../../Engine/Content/Internationalization/icudt64l/lang/kea.res" 1770
"../../../Engine/Content/Internationalization/icudt64l/region/kea.res" 1771
"../../../Engine/Content/Internationalization/icudt64l/lang/khq.res" 1772
"../../../Engine/Content/Internationalization/icudt64l/region/khq.res" 1773
"../../../Engine/Content/Internationalization/icudt64l/lang/ki.res" 1774
"../../../Engine/Content/Internationalization/icudt64l/region/ki.res" 1775
"../../../Engine/Content/Internationalization/icudt64l/lang/kk.res" 1776
"../../../Engine/Content/Internationalization/icudt64l/region/kk.res" 1777
"../../../Engine/Content/Internationalization/icudt64l/lang/kkj.res" 1778
"../../../Engine/Content/Internationalization/icudt64l/region/kkj.res" 1779
"../../../Engine/Content/Internationalization/icudt64l/lang/kl.res" 1780
"../../../Engine/Content/Internationalization/icudt64l/region/kl.res" 1781
"../../../Engine/Content/Internationalization/icudt64l/lang/kln.res" 1782
"../../../Engine/Content/Internationalization/icudt64l/region/kln.res" 1783
"../../../Engine/Content/Internationalization/icudt64l/lang/km.res" 1784
"../../../Engine/Content/Internationalization/icudt64l/region/km.res" 1785
"../../../Engine/Content/Internationalization/icudt64l/lang/kn.res" 1786
"../../../Engine/Content/Internationalization/icudt64l/region/kn.res" 1787
"../../../Engine/Content/Internationalization/icudt64l/lang/ko.res" 1788
"../../../Engine/Content/Internationalization/icudt64l/region/ko_KP.res" 1789
"../../../Engine/Content/Internationalization/icudt64l/region/ko.res" 1790
"../../../Engine/Content/Internationalization/icudt64l/lang/kok.res" 1791
"../../../Engine/Content/Internationalization/icudt64l/region/kok.res" 1792
"../../../Engine/Content/Internationalization/icudt64l/lang/ks.res" 1793
"../../../Engine/Content/Internationalization/icudt64l/region/ks.res" 1794
"../../../Engine/Content/Internationalization/icudt64l/lang/ksb.res" 1795
"../../../Engine/Content/Internationalization/icudt64l/region/ksb.res" 1796
"../../../Engine/Content/Internationalization/icudt64l/lang/ksf.res" 1797
"../../../Engine/Content/Internationalization/icudt64l/region/ksf.res" 1798
"../../../Engine/Content/Internationalization/icudt64l/lang/ksh.res" 1799
"../../../Engine/Content/Internationalization/icudt64l/region/ksh.res" 1800
"../../../Engine/Content/Internationalization/icudt64l/lang/ku.res" 1801
"../../../Engine/Content/Internationalization/icudt64l/region/ku.res" 1802
"../../../Engine/Content/Internationalization/icudt64l/lang/kw.res" 1803
"../../../Engine/Content/Internationalization/icudt64l/region/kw.res" 1804
"../../../Engine/Content/Internationalization/icudt64l/lang/ky.res" 1805
"../../../Engine/Content/Internationalization/icudt64l/region/ky.res" 1806
"../../../Engine/Content/Internationalization/icudt64l/lang/lag.res" 1807
"../../../Engine/Content/Internationalization/icudt64l/region/lag.res" 1808
"../../../Engine/Content/Internationalization/icudt64l/lang/lb.res" 1809
"../../../Engine/Content/Internationalization/icudt64l/region/lb.res" 1810
"../../../Engine/Content/Internationalization/icudt64l/lang/lg.res" 1811
"../../../Engine/Content/Internationalization/icudt64l/region/lg.res" 1812
"../../../Engine/Content/Internationalization/icudt64l/lang/lkt.res" 1813
"../../../Engine/Content/Internationalization/icudt64l/region/lkt.res" 1814
"../../../Engine/Content/Internationalization/icudt64l/lang/ln.res" 1815
"../../../Engine/Content/Internationalization/icudt64l/region/ln.res" 1816
"../../../Engine/Content/Internationalization/icudt64l/lang/lo.res" 1817
"../../../Engine/Content/Internationalization/icudt64l/region/lo.res" 1818
"../../../Engine/Content/Internationalization/icudt64l/lang/lrc.res" 1819
"../../../Engine/Content/Internationalization/icudt64l/region/lrc.res" 1820
"../../../Engine/Content/Internationalization/icudt64l/lang/lt.res" 1821
"../../../Engine/Content/Internationalization/icudt64l/region/lt.res" 1822
"../../../Engine/Content/Internationalization/icudt64l/lang/lu.res" 1823
"../../../Engine/Content/Internationalization/icudt64l/region/lu.res" 1824
"../../../Engine/Content/Internationalization/icudt64l/lang/luo.res" 1825
"../../../Engine/Content/Internationalization/icudt64l/region/luo.res" 1826
"../../../Engine/Content/Internationalization/icudt64l/lang/luy.res" 1827
"../../../Engine/Content/Internationalization/icudt64l/region/luy.res" 1828
"../../../Engine/Content/Internationalization/icudt64l/lang/lv.res" 1829
"../../../Engine/Content/Internationalization/icudt64l/region/lv.res" 1830
"../../../Engine/Content/Internationalization/icudt64l/lang/mas.res" 1831
"../../../Engine/Content/Internationalization/icudt64l/region/mas.res" 1832
"../../../Engine/Content/Internationalization/icudt64l/lang/mer.res" 1833
"../../../Engine/Content/Internationalization/icudt64l/region/mer.res" 1834
"../../../Engine/Content/Internationalization/icudt64l/lang/mfe.res" 1835
"../../../Engine/Content/Internationalization/icudt64l/region/mfe.res" 1836
"../../../Engine/Content/Internationalization/icudt64l/lang/mg.res" 1837
"../../../Engine/Content/Internationalization/icudt64l/region/mg.res" 1838
"../../../Engine/Content/Internationalization/icudt64l/lang/mgh.res" 1839
"../../../Engine/Content/Internationalization/icudt64l/region/mgh.res" 1840
"../../../Engine/Content/Internationalization/icudt64l/lang/mgo.res" 1841
"../../../Engine/Content/Internationalization/icudt64l/region/mgo.res" 1842
"../../../Engine/Content/Internationalization/icudt64l/lang/mi.res" 1843
"../../../Engine/Content/Internationalization/icudt64l/region/mi.res" 1844
"../../../Engine/Content/Internationalization/icudt64l/lang/mk.res" 1845
"../../../Engine/Content/Internationalization/icudt64l/region/mk.res" 1846
"../../../Engine/Content/Internationalization/icudt64l/lang/ml.res" 1847
"../../../Engine/Content/Internationalization/icudt64l/region/ml.res" 1848
"../../../Engine/Content/Internationalization/icudt64l/lang/mn.res" 1849
"../../../Engine/Content/Internationalization/icudt64l/region/mn.res" 1850
"../../../Engine/Content/Internationalization/icudt64l/lang/mr.res" 1851
"../../../Engine/Content/Internationalization/icudt64l/region/mr.res" 1852
"../../../Engine/Content/Internationalization/icudt64l/lang/ms.res" 1853
"../../../Engine/Content/Internationalization/icudt64l/region/ms.res" 1854
"../../../Engine/Content/Internationalization/icudt64l/lang/mt.res" 1855
"../../../Engine/Content/Internationalization/icudt64l/region/mt.res" 1856
"../../../Engine/Content/Internationalization/icudt64l/lang/mua.res" 1857
"../../../Engine/Content/Internationalization/icudt64l/region/mua.res" 1858
"../../../Engine/Content/Internationalization/icudt64l/lang/my.res" 1859
"../../../Engine/Content/Internationalization/icudt64l/region/my.res" 1860
"../../../Engine/Content/Internationalization/icudt64l/lang/mzn.res" 1861
"../../../Engine/Content/Internationalization/icudt64l/region/mzn.res" 1862
"../../../Engine/Content/Internationalization/icudt64l/lang/naq.res" 1863
"../../../Engine/Content/Internationalization/icudt64l/region/naq.res" 1864
"../../../Engine/Content/Internationalization/icudt64l/lang/nb.res" 1865
"../../../Engine/Content/Internationalization/icudt64l/lang/nb_NO.res" 1866
"../../../Engine/Content/Internationalization/icudt64l/region/nb_NO.res" 1867
"../../../Engine/Content/Internationalization/icudt64l/region/nb.res" 1868
"../../../Engine/Content/Internationalization/icudt64l/lang/nd.res" 1869
"../../../Engine/Content/Internationalization/icudt64l/region/nd.res" 1870
"../../../Engine/Content/Internationalization/icudt64l/lang/nds.res" 1871
"../../../Engine/Content/Internationalization/icudt64l/region/nds.res" 1872
"../../../Engine/Content/Internationalization/icudt64l/lang/ne.res" 1873
"../../../Engine/Content/Internationalization/icudt64l/region/ne.res" 1874
"../../../Engine/Content/Internationalization/icudt64l/lang/nl.res" 1875
"../../../Engine/Content/Internationalization/icudt64l/region/nl.res" 1876
"../../../Engine/Content/Internationalization/icudt64l/lang/nmg.res" 1877
"../../../Engine/Content/Internationalization/icudt64l/region/nmg.res" 1878
"../../../Engine/Content/Internationalization/icudt64l/lang/nn.res" 1879
"../../../Engine/Content/Internationalization/icudt64l/lang/nn_NO.res" 1880
"../../../Engine/Content/Internationalization/icudt64l/region/nn_NO.res" 1881
"../../../Engine/Content/Internationalization/icudt64l/region/nn.res" 1882
"../../../Engine/Content/Internationalization/icudt64l/lang/nnh.res" 1883
"../../../Engine/Content/Internationalization/icudt64l/region/nnh.res" 1884
"../../../Engine/Content/Internationalization/icudt64l/lang/nus.res" 1885
"../../../Engine/Content/Internationalization/icudt64l/region/nus.res" 1886
"../../../Engine/Content/Internationalization/icudt64l/lang/nyn.res" 1887
"../../../Engine/Content/Internationalization/icudt64l/region/nyn.res" 1888
"../../../Engine/Content/Internationalization/icudt64l/lang/om.res" 1889
"../../../Engine/Content/Internationalization/icudt64l/region/om.res" 1890
"../../../Engine/Content/Internationalization/icudt64l/lang/or.res" 1891
"../../../Engine/Content/Internationalization/icudt64l/region/or.res" 1892
"../../../Engine/Content/Internationalization/icudt64l/lang/os.res" 1893
"../../../Engine/Content/Internationalization/icudt64l/region/os.res" 1894
"../../../Engine/Content/Internationalization/icudt64l/lang/pa.res" 1895
"../../../Engine/Content/Internationalization/icudt64l/lang/pa_Arab.res" 1896
"../../../Engine/Content/Internationalization/icudt64l/lang/pa_PK.res" 1897
"../../../Engine/Content/Internationalization/icudt64l/lang/pa_Arab_PK.res" 1898
"../../../Engine/Content/Internationalization/icudt64l/region/pa_PK.res" 1899
"../../../Engine/Content/Internationalization/icudt64l/region/pa_Arab_PK.res" 1900
"../../../Engine/Content/Internationalization/icudt64l/region/pa_Arab.res" 1901
"../../../Engine/Content/Internationalization/icudt64l/lang/pa_Guru.res" 1902
"../../../Engine/Content/Internationalization/icudt64l/lang/pa_IN.res" 1903
"../../../Engine/Content/Internationalization/icudt64l/lang/pa_Guru_IN.res" 1904
"../../../Engine/Content/Internationalization/icudt64l/region/pa_IN.res" 1905
"../../../Engine/Content/Internationalization/icudt64l/region/pa_Guru_IN.res" 1906
"../../../Engine/Content/Internationalization/icudt64l/region/pa_Guru.res" 1907
"../../../Engine/Content/Internationalization/icudt64l/region/pa.res" 1908
"../../../Engine/Content/Internationalization/icudt64l/lang/pl.res" 1909
"../../../Engine/Content/Internationalization/icudt64l/region/pl.res" 1910
"../../../Engine/Content/Internationalization/icudt64l/lang/ps.res" 1911
"../../../Engine/Content/Internationalization/icudt64l/region/ps.res" 1912
"../../../Engine/Content/Internationalization/icudt64l/lang/ps_PK.res" 1913
"../../../Engine/Content/Internationalization/icudt64l/region/ps_PK.res" 1914
"../../../Engine/Content/Internationalization/icudt64l/lang/pt.res" 1915
"../../../Engine/Content/Internationalization/icudt64l/lang/pt_AO.res" 1916
"../../../Engine/Content/Internationalization/icudt64l/lang/pt_PT.res" 1917
"../../../Engine/Content/Internationalization/icudt64l/region/pt_AO.res" 1918
"../../../Engine/Content/Internationalization/icudt64l/region/pt_PT.res" 1919
"../../../Engine/Content/Internationalization/icudt64l/region/pt.res" 1920
"../../../Engine/Content/Internationalization/icudt64l/lang/pt_CH.res" 1921
"../../../Engine/Content/Internationalization/icudt64l/region/pt_CH.res" 1922
"../../../Engine/Content/Internationalization/icudt64l/lang/pt_CV.res" 1923
"../../../Engine/Content/Internationalization/icudt64l/region/pt_CV.res" 1924
"../../../Engine/Content/Internationalization/icudt64l/lang/pt_GQ.res" 1925
"../../../Engine/Content/Internationalization/icudt64l/region/pt_GQ.res" 1926
"../../../Engine/Content/Internationalization/icudt64l/lang/pt_GW.res" 1927
"../../../Engine/Content/Internationalization/icudt64l/region/pt_GW.res" 1928
"../../../Engine/Content/Internationalization/icudt64l/lang/pt_LU.res" 1929
"../../../Engine/Content/Internationalization/icudt64l/region/pt_LU.res" 1930
"../../../Engine/Content/Internationalization/icudt64l/lang/pt_MO.res" 1931
"../../../Engine/Content/Internationalization/icudt64l/region/pt_MO.res" 1932
"../../../Engine/Content/Internationalization/icudt64l/lang/pt_MZ.res" 1933
"../../../Engine/Content/Internationalization/icudt64l/region/pt_MZ.res" 1934
"../../../Engine/Content/Internationalization/icudt64l/lang/pt_ST.res" 1935
"../../../Engine/Content/Internationalization/icudt64l/region/pt_ST.res" 1936
"../../../Engine/Content/Internationalization/icudt64l/lang/pt_TL.res" 1937
"../../../Engine/Content/Internationalization/icudt64l/region/pt_TL.res" 1938
"../../../Engine/Content/Internationalization/icudt64l/lang/qu.res" 1939
"../../../Engine/Content/Internationalization/icudt64l/region/qu.res" 1940
"../../../Engine/Content/Internationalization/icudt64l/lang/rm.res" 1941
"../../../Engine/Content/Internationalization/icudt64l/region/rm.res" 1942
"../../../Engine/Content/Internationalization/icudt64l/lang/rn.res" 1943
"../../../Engine/Content/Internationalization/icudt64l/region/rn.res" 1944
"../../../Engine/Content/Internationalization/icudt64l/lang/ro.res" 1945
"../../../Engine/Content/Internationalization/icudt64l/lang/ro_MD.res" 1946
"../../../Engine/Content/Internationalization/icudt64l/region/ro_MD.res" 1947
"../../../Engine/Content/Internationalization/icudt64l/region/ro.res" 1948
"../../../Engine/Content/Internationalization/icudt64l/lang/rof.res" 1949
"../../../Engine/Content/Internationalization/icudt64l/region/rof.res" 1950
"../../../Engine/Content/Internationalization/icudt64l/region/ru_UA.res" 1951
"../../../Engine/Content/Internationalization/icudt64l/lang/rw.res" 1952
"../../../Engine/Content/Internationalization/icudt64l/region/rw.res" 1953
"../../../Engine/Content/Internationalization/icudt64l/lang/rwk.res" 1954
"../../../Engine/Content/Internationalization/icudt64l/region/rwk.res" 1955
"../../../Engine/Content/Internationalization/icudt64l/lang/sah.res" 1956
"../../../Engine/Content/Internationalization/icudt64l/region/sah.res" 1957
"../../../Engine/Content/Internationalization/icudt64l/lang/saq.res" 1958
"../../../Engine/Content/Internationalization/icudt64l/region/saq.res" 1959
"../../../Engine/Content/Internationalization/icudt64l/lang/sbp.res" 1960
"../../../Engine/Content/Internationalization/icudt64l/region/sbp.res" 1961
"../../../Engine/Content/Internationalization/icudt64l/lang/sd.res" 1962
"../../../Engine/Content/Internationalization/icudt64l/region/sd.res" 1963
"../../../Engine/Content/Internationalization/icudt64l/lang/se.res" 1964
"../../../Engine/Content/Internationalization/icudt64l/lang/se_FI.res" 1965
"../../../Engine/Content/Internationalization/icudt64l/region/se_FI.res" 1966
"../../../Engine/Content/Internationalization/icudt64l/region/se.res" 1967
"../../../Engine/Content/Internationalization/icudt64l/lang/seh.res" 1968
"../../../Engine/Content/Internationalization/icudt64l/region/seh.res" 1969
"../../../Engine/Content/Internationalization/icudt64l/lang/ses.res" 1970
"../../../Engine/Content/Internationalization/icudt64l/region/ses.res" 1971
"../../../Engine/Content/Internationalization/icudt64l/lang/sg.res" 1972
"../../../Engine/Content/Internationalization/icudt64l/region/sg.res" 1973
"../../../Engine/Content/Internationalization/icudt64l/lang/shi.res" 1974
"../../../Engine/Content/Internationalization/icudt64l/lang/shi_Latn.res" 1975
"../../../Engine/Content/Internationalization/icudt64l/lang/shi_MA.res" 1976
"../../../Engine/Content/Internationalization/icudt64l/lang/shi_Tfng_MA.res" 1977
"../../../Engine/Content/Internationalization/icudt64l/lang/shi_Tfng.res" 1978
"../../../Engine/Content/Internationalization/icudt64l/region/shi_MA.res" 1979
"../../../Engine/Content/Internationalization/icudt64l/region/shi_Tfng_MA.res" 1980
"../../../Engine/Content/Internationalization/icudt64l/region/shi_Tfng.res" 1981
"../../../Engine/Content/Internationalization/icudt64l/region/shi.res" 1982
"../../../Engine/Content/Internationalization/icudt64l/region/shi_Latn.res" 1983
"../../../Engine/Content/Internationalization/icudt64l/lang/si.res" 1984
"../../../Engine/Content/Internationalization/icudt64l/region/si.res" 1985
"../../../Engine/Content/Internationalization/icudt64l/lang/sk.res" 1986
"../../../Engine/Content/Internationalization/icudt64l/region/sk.res" 1987
"../../../Engine/Content/Internationalization/icudt64l/lang/sl.res" 1988
"../../../Engine/Content/Internationalization/icudt64l/region/sl.res" 1989
"../../../Engine/Content/Internationalization/icudt64l/lang/smn.res" 1990
"../../../Engine/Content/Internationalization/icudt64l/region/smn.res" 1991
"../../../Engine/Content/Internationalization/icudt64l/lang/sn.res" 1992
"../../../Engine/Content/Internationalization/icudt64l/region/sn.res" 1993
"../../../Engine/Content/Internationalization/icudt64l/lang/so.res" 1994
"../../../Engine/Content/Internationalization/icudt64l/region/so.res" 1995
"../../../Engine/Content/Internationalization/icudt64l/lang/sq.res" 1996
"../../../Engine/Content/Internationalization/icudt64l/region/sq.res" 1997
"../../../Engine/Content/Internationalization/icudt64l/lang/sr.res" 1998
"../../../Engine/Content/Internationalization/icudt64l/lang/sr_Cyrl.res" 1999
"../../../Engine/Content/Internationalization/icudt64l/lang/sr_BA.res" 2000
"../../../Engine/Content/Internationalization/icudt64l/lang/sr_Cyrl_BA.res" 2001
"../../../Engine/Content/Internationalization/icudt64l/region/sr_BA.res" 2002
"../../../Engine/Content/Internationalization/icudt64l/region/sr_Cyrl_BA.res" 2003
"../../../Engine/Content/Internationalization/icudt64l/region/sr_Cyrl.res" 2004
"../../../Engine/Content/Internationalization/icudt64l/region/sr.res" 2005
"../../../Engine/Content/Internationalization/icudt64l/lang/sr_ME.res" 2006
"../../../Engine/Content/Internationalization/icudt64l/lang/sr_Latn_ME.res" 2007
"../../../Engine/Content/Internationalization/icudt64l/lang/sr_Latn.res" 2008
"../../../Engine/Content/Internationalization/icudt64l/region/sr_ME.res" 2009
"../../../Engine/Content/Internationalization/icudt64l/region/sr_Latn_ME.res" 2010
"../../../Engine/Content/Internationalization/icudt64l/region/sr_Latn.res" 2011
"../../../Engine/Content/Internationalization/icudt64l/lang/sr_Cyrl_ME.res" 2012
"../../../Engine/Content/Internationalization/icudt64l/region/sr_Cyrl_ME.res" 2013
"../../../Engine/Content/Internationalization/icudt64l/lang/sr_RS.res" 2014
"../../../Engine/Content/Internationalization/icudt64l/lang/sr_Cyrl_RS.res" 2015
"../../../Engine/Content/Internationalization/icudt64l/region/sr_RS.res" 2016
"../../../Engine/Content/Internationalization/icudt64l/region/sr_Cyrl_RS.res" 2017
"../../../Engine/Content/Internationalization/icudt64l/lang/sr_XK.res" 2018
"../../../Engine/Content/Internationalization/icudt64l/lang/sr_Cyrl_XK.res" 2019
"../../../Engine/Content/Internationalization/icudt64l/region/sr_XK.res" 2020
"../../../Engine/Content/Internationalization/icudt64l/region/sr_Cyrl_XK.res" 2021
"../../../Engine/Content/Internationalization/icudt64l/lang/sr_Latn_BA.res" 2022
"../../../Engine/Content/Internationalization/icudt64l/region/sr_Latn_BA.res" 2023
"../../../Engine/Content/Internationalization/icudt64l/lang/sr_Latn_RS.res" 2024
"../../../Engine/Content/Internationalization/icudt64l/region/sr_Latn_RS.res" 2025
"../../../Engine/Content/Internationalization/icudt64l/lang/sr_Latn_XK.res" 2026
"../../../Engine/Content/Internationalization/icudt64l/region/sr_Latn_XK.res" 2027
"../../../Engine/Content/Internationalization/icudt64l/lang/sv.res" 2028
"../../../Engine/Content/Internationalization/icudt64l/region/sv.res" 2029
"../../../Engine/Content/Internationalization/icudt64l/lang/sv_FI.res" 2030
"../../../Engine/Content/Internationalization/icudt64l/lang/sw.res" 2031
"../../../Engine/Content/Internationalization/icudt64l/lang/sw_CD.res" 2032
"../../../Engine/Content/Internationalization/icudt64l/region/sw_CD.res" 2033
"../../../Engine/Content/Internationalization/icudt64l/region/sw.res" 2034
"../../../Engine/Content/Internationalization/icudt64l/lang/sw_KE.res" 2035
"../../../Engine/Content/Internationalization/icudt64l/region/sw_KE.res" 2036
"../../../Engine/Content/Internationalization/icudt64l/lang/ta.res" 2037
"../../../Engine/Content/Internationalization/icudt64l/region/ta.res" 2038
"../../../Engine/Content/Internationalization/icudt64l/lang/te.res" 2039
"../../../Engine/Content/Internationalization/icudt64l/region/te.res" 2040
"../../../Engine/Content/Internationalization/icudt64l/lang/teo.res" 2041
"../../../Engine/Content/Internationalization/icudt64l/region/teo.res" 2042
"../../../Engine/Content/Internationalization/icudt64l/lang/tg.res" 2043
"../../../Engine/Content/Internationalization/icudt64l/region/tg.res" 2044
"../../../Engine/Content/Internationalization/icudt64l/lang/th.res" 2045
"../../../Engine/Content/Internationalization/icudt64l/lang/th_TH.res" 2046
"../../../Engine/Content/Internationalization/icudt64l/region/th_TH.res" 2047
"../../../Engine/Content/Internationalization/icudt64l/region/th.res" 2048
"../../../Engine/Content/Internationalization/icudt64l/lang/ti.res" 2049
"../../../Engine/Content/Internationalization/icudt64l/region/ti.res" 2050
"../../../Engine/Content/Internationalization/icudt64l/lang/tk.res" 2051
"../../../Engine/Content/Internationalization/icudt64l/region/tk.res" 2052
"../../../Engine/Content/Internationalization/icudt64l/lang/to.res" 2053
"../../../Engine/Content/Internationalization/icudt64l/region/to.res" 2054
"../../../Engine/Content/Internationalization/icudt64l/lang/tr.res" 2055
"../../../Engine/Content/Internationalization/icudt64l/region/tr.res" 2056
"../../../Engine/Content/Internationalization/icudt64l/lang/tt.res" 2057
"../../../Engine/Content/Internationalization/icudt64l/region/tt.res" 2058
"../../../Engine/Content/Internationalization/icudt64l/lang/twq.res" 2059
"../../../Engine/Content/Internationalization/icudt64l/region/twq.res" 2060
"../../../Engine/Content/Internationalization/icudt64l/lang/tzm.res" 2061
"../../../Engine/Content/Internationalization/icudt64l/region/tzm.res" 2062
"../../../Engine/Content/Internationalization/icudt64l/lang/ug.res" 2063
"../../../Engine/Content/Internationalization/icudt64l/region/ug.res" 2064
"../../../Engine/Content/Internationalization/icudt64l/lang/uk.res" 2065
"../../../Engine/Content/Internationalization/icudt64l/region/uk.res" 2066
"../../../Engine/Content/Internationalization/icudt64l/lang/ur.res" 2067
"../../../Engine/Content/Internationalization/icudt64l/lang/ur_IN.res" 2068
"../../../Engine/Content/Internationalization/icudt64l/region/ur_IN.res" 2069
"../../../Engine/Content/Internationalization/icudt64l/region/ur.res" 2070
"../../../Engine/Content/Internationalization/icudt64l/lang/uz.res" 2071
"../../../Engine/Content/Internationalization/icudt64l/lang/uz_Arab.res" 2072
"../../../Engine/Content/Internationalization/icudt64l/lang/uz_AF.res" 2073
"../../../Engine/Content/Internationalization/icudt64l/lang/uz_Arab_AF.res" 2074
"../../../Engine/Content/Internationalization/icudt64l/region/uz_AF.res" 2075
"../../../Engine/Content/Internationalization/icudt64l/region/uz_Arab_AF.res" 2076
"../../../Engine/Content/Internationalization/icudt64l/region/uz_Arab.res" 2077
"../../../Engine/Content/Internationalization/icudt64l/lang/uz_Cyrl.res" 2078
"../../../Engine/Content/Internationalization/icudt64l/lang/uz_UZ.res" 2079
"../../../Engine/Content/Internationalization/icudt64l/lang/uz_Latn_UZ.res" 2080
"../../../Engine/Content/Internationalization/icudt64l/lang/uz_Latn.res" 2081
"../../../Engine/Content/Internationalization/icudt64l/region/uz_UZ.res" 2082
"../../../Engine/Content/Internationalization/icudt64l/region/uz_Latn_UZ.res" 2083
"../../../Engine/Content/Internationalization/icudt64l/region/uz_Latn.res" 2084
"../../../Engine/Content/Internationalization/icudt64l/region/uz.res" 2085
"../../../Engine/Content/Internationalization/icudt64l/region/uz_Cyrl.res" 2086
"../../../Engine/Content/Internationalization/icudt64l/lang/vai.res" 2087
"../../../Engine/Content/Internationalization/icudt64l/lang/vai_Latn.res" 2088
"../../../Engine/Content/Internationalization/icudt64l/lang/vai_LR.res" 2089
"../../../Engine/Content/Internationalization/icudt64l/lang/vai_Vaii_LR.res" 2090
"../../../Engine/Content/Internationalization/icudt64l/lang/vai_Vaii.res" 2091
"../../../Engine/Content/Internationalization/icudt64l/region/vai_LR.res" 2092
"../../../Engine/Content/Internationalization/icudt64l/region/vai_Vaii_LR.res" 2093
"../../../Engine/Content/Internationalization/icudt64l/region/vai_Vaii.res" 2094
"../../../Engine/Content/Internationalization/icudt64l/region/vai.res" 2095
"../../../Engine/Content/Internationalization/icudt64l/region/vai_Latn.res" 2096
"../../../Engine/Content/Internationalization/icudt64l/lang/vi.res" 2097
"../../../Engine/Content/Internationalization/icudt64l/region/vi.res" 2098
"../../../Engine/Content/Internationalization/icudt64l/lang/vun.res" 2099
"../../../Engine/Content/Internationalization/icudt64l/region/vun.res" 2100
"../../../Engine/Content/Internationalization/icudt64l/lang/wae.res" 2101
"../../../Engine/Content/Internationalization/icudt64l/region/wae.res" 2102
"../../../Engine/Content/Internationalization/icudt64l/lang/wo.res" 2103
"../../../Engine/Content/Internationalization/icudt64l/region/wo.res" 2104
"../../../Engine/Content/Internationalization/icudt64l/lang/xh.res" 2105
"../../../Engine/Content/Internationalization/icudt64l/region/xh.res" 2106
"../../../Engine/Content/Internationalization/icudt64l/lang/xog.res" 2107
"../../../Engine/Content/Internationalization/icudt64l/region/xog.res" 2108
"../../../Engine/Content/Internationalization/icudt64l/lang/yav.res" 2109
"../../../Engine/Content/Internationalization/icudt64l/region/yav.res" 2110
"../../../Engine/Content/Internationalization/icudt64l/lang/yi.res" 2111
"../../../Engine/Content/Internationalization/icudt64l/region/yi.res" 2112
"../../../Engine/Content/Internationalization/icudt64l/lang/yo.res" 2113
"../../../Engine/Content/Internationalization/icudt64l/lang/yo_BJ.res" 2114
"../../../Engine/Content/Internationalization/icudt64l/region/yo_BJ.res" 2115
"../../../Engine/Content/Internationalization/icudt64l/region/yo.res" 2116
"../../../Engine/Content/Internationalization/icudt64l/lang/yue.res" 2117
"../../../Engine/Content/Internationalization/icudt64l/lang/yue_Hans.res" 2118
"../../../Engine/Content/Internationalization/icudt64l/lang/yue_CN.res" 2119
"../../../Engine/Content/Internationalization/icudt64l/lang/yue_Hans_CN.res" 2120
"../../../Engine/Content/Internationalization/icudt64l/region/yue_CN.res" 2121
"../../../Engine/Content/Internationalization/icudt64l/region/yue_Hans_CN.res" 2122
"../../../Engine/Content/Internationalization/icudt64l/region/yue_Hans.res" 2123
"../../../Engine/Content/Internationalization/icudt64l/lang/yue_Hant.res" 2124
"../../../Engine/Content/Internationalization/icudt64l/lang/yue_HK.res" 2125
"../../../Engine/Content/Internationalization/icudt64l/lang/yue_Hant_HK.res" 2126
"../../../Engine/Content/Internationalization/icudt64l/region/yue_HK.res" 2127
"../../../Engine/Content/Internationalization/icudt64l/region/yue_Hant_HK.res" 2128
"../../../Engine/Content/Internationalization/icudt64l/region/yue_Hant.res" 2129
"../../../Engine/Content/Internationalization/icudt64l/region/yue.res" 2130
"../../../Engine/Content/Internationalization/icudt64l/lang/zgh.res" 2131
"../../../Engine/Content/Internationalization/icudt64l/region/zgh.res" 2132
"../../../Engine/Content/Internationalization/icudt64l/lang/zh.res" 2133
"../../../Engine/Content/Internationalization/icudt64l/lang/zh_Hans.res" 2134
"../../../Engine/Content/Internationalization/icudt64l/lang/zh_CN.res" 2135
"../../../Engine/Content/Internationalization/icudt64l/lang/zh_Hans_CN.res" 2136
"../../../Engine/Content/Internationalization/icudt64l/region/zh_CN.res" 2137
"../../../Engine/Content/Internationalization/icudt64l/region/zh_Hans_CN.res" 2138
"../../../Engine/Content/Internationalization/icudt64l/region/zh_Hans.res" 2139
"../../../Engine/Content/Internationalization/icudt64l/region/zh.res" 2140
"../../../Engine/Content/Internationalization/icudt64l/lang/zh_HK.res" 2141
"../../../Engine/Content/Internationalization/icudt64l/lang/zh_Hant_HK.res" 2142
"../../../Engine/Content/Internationalization/icudt64l/lang/zh_Hant.res" 2143
"../../../Engine/Content/Internationalization/icudt64l/region/zh_HK.res" 2144
"../../../Engine/Content/Internationalization/icudt64l/region/zh_Hant_HK.res" 2145
"../../../Engine/Content/Internationalization/icudt64l/region/zh_Hant.res" 2146
"../../../Engine/Content/Internationalization/icudt64l/lang/zh_MO.res" 2147
"../../../Engine/Content/Internationalization/icudt64l/lang/zh_Hant_MO.res" 2148
"../../../Engine/Content/Internationalization/icudt64l/region/zh_MO.res" 2149
"../../../Engine/Content/Internationalization/icudt64l/region/zh_Hant_MO.res" 2150
"../../../Engine/Content/Internationalization/icudt64l/lang/zh_SG.res" 2151
"../../../Engine/Content/Internationalization/icudt64l/lang/zh_Hans_SG.res" 2152
"../../../Engine/Content/Internationalization/icudt64l/region/zh_SG.res" 2153
"../../../Engine/Content/Internationalization/icudt64l/region/zh_Hans_SG.res" 2154
"../../../Engine/Content/Internationalization/icudt64l/lang/zh_TW.res" 2155
"../../../Engine/Content/Internationalization/icudt64l/lang/zh_Hant_TW.res" 2156
"../../../Engine/Content/Internationalization/icudt64l/region/zh_TW.res" 2157
"../../../Engine/Content/Internationalization/icudt64l/region/zh_Hant_TW.res" 2158
"../../../Engine/Content/Internationalization/icudt64l/lang/zu.res" 2159
"../../../Engine/Content/Internationalization/icudt64l/region/zu.res" 2160
"../../../Engine/Content/Internationalization/icudt64l/lang/no.res" 2161
"../../../Engine/Content/Internationalization/icudt64l/lang/tl.res" 2162
"../../../Engine/Config/Android/DataDrivenPlatformInfo.ini" 2163
"../../../Engine/Config/IOS/DataDrivenPlatformInfo.ini" 2164
"../../../Engine/Config/Linux/DataDrivenPlatformInfo.ini" 2165
"../../../Engine/Config/Mac/DataDrivenPlatformInfo.ini" 2166
"../../../Engine/Config/TVOS/DataDrivenPlatformInfo.ini" 2167
"../../../Engine/Config/Unix/DataDrivenPlatformInfo.ini" 2168
"../../../Engine/Config/VulkanPC/DataDrivenPlatformInfo.ini" 2169
"../../../Engine/Config/Windows/DataDrivenPlatformInfo.ini" 2170
"../../../Engine/Platforms/VisionOS/Config/DataDrivenPlatformInfo.ini" 2171
"../../../Engine/Content/Renderer/TessellationTable.bin" 2172
"../../../Engine/DerivedDataCache/Compressed.ddp" 2173
"C:/Users/USER/AppData/Local/UnrealEngine/Common/Zen/Install/zen_plugin_versions.json" 2174
"C:/Users/USER/AppData/Local/UnrealEngine/5.8/Saved/Zen/zen.version" 2175
"C:/Users/USER/AppData/Local/UnrealEngine/Common/Zen/Install/zen.version" 2176
"C:/Users/USER/AppData/Local/UnrealEngine/Common/Zen/Install/security-config.json" 2177
"C:/Users/USER/AppData/Local/UnrealEngine/Common/Zen/Install/zenserver.runcontext" 2178
"C:/Users/USER/AppData/Local/UnrealEngine/Common/DerivedDataCache/TestData/0/TestData_4kb.dat" 2179
"C:/Users/USER/AppData/Local/UnrealEngine/Common/DerivedDataCache/TestData/1/TestData_4kb.dat" 2180
"C:/Users/USER/AppData/Local/UnrealEngine/Common/DerivedDataCache/TestData/0/TestData_8kb.dat" 2181
"C:/Users/USER/AppData/Local/UnrealEngine/Common/DerivedDataCache/TestData/1/TestData_8kb.dat" 2182
"C:/Users/USER/AppData/Local/UnrealEngine/Common/DerivedDataCache/TestData/0/TestData_16kb.dat" 2183
"C:/Users/USER/AppData/Local/UnrealEngine/Common/DerivedDataCache/TestData/1/TestData_16kb.dat" 2184
"C:/Users/USER/AppData/Local/UnrealEngine/Common/DerivedDataCache/TestData/0/TestData_64kb.dat" 2185
"C:/Users/USER/AppData/Local/UnrealEngine/Common/DerivedDataCache/TestData/1/TestData_64kb.dat" 2186
"C:/Users/USER/AppData/Local/UnrealEngine/Common/DerivedDataCache/TestData/0/TestData_128kb.dat" 2187
"C:/Users/USER/AppData/Local/UnrealEngine/Common/DerivedDataCache/TestData/1/TestData_128kb.dat" 2188
"C:/Users/USER/AppData/Local/UnrealEngine/Common/DerivedDataCache/TestData/0/TestData_256kb.dat" 2189
"C:/Users/USER/AppData/Local/UnrealEngine/Common/DerivedDataCache/TestData/1/TestData_256kb.dat" 2190
"C:/Users/USER/AppData/Roaming/Unreal Engine/UnrealBuildTool/BuildConfiguration.xml" 2191
"../../../../../../Users/USER/Documents/Unreal Projects/SoulsDistructor/Intermediate/ShaderAutogen/PCD3D_SM6/AutogenShaderHeaders.ush" 2192
"../../../Engine/Shaders/Private/HairStrands/HairStrandsVertexFactory.ush" 2193
"../../../Engine/Shaders/Private/VertexFactoryCommon.ush" 2194
"../../../Engine/Shaders/Private/Common.ush" 2195
"../../../Engine/Shaders/Public/Platform.ush" 2196
"../../../Engine/Shaders/Public/FP16Math.ush" 2197
"../../../Engine/Shaders/Public/Platform/D3D/D3DCommon.ush" 2198
"../../../Engine/Shaders/Shared/HLSLReservedSpaces.h" 2199
"../../../Engine/Shaders/Public/BindlessResources.ush" 2200
"../../../Engine/Shaders/Public/Platform/D3D/PlatformBindlessResources.ush" 2201
"../../../Engine/Shaders/Shared/RayTracingBuiltInResources.h" 2202
"../../../Engine/Shaders/Shared/RayTracingDefinitions.h" 2203
"../../../Engine/Shaders/Shared/MaterialCacheDefinitions.h" 2204
"../../../Engine/Shaders/Shared/HLSLTypeAliases.h" 2205
"../../../Engine/Shaders/Public/IndirectVirtualTexture.ush" 2206
"../../../Engine/Shaders/Shared/IndirectVirtualTextureDefinitions.h" 2207
"../../../Engine/Shaders/Public/OverloadMacros.ush" 2208
"../../../Engine/Shaders/Public/ShaderVersion.ush" 2209
"../../../Engine/Shaders/Public/NvidiaExtensionsCommon.ush" 2210
"../../../Engine/Shaders/Shared/ThirdParty/NVIDIA/nvHLSLExtns.h" 2211
"../../../Engine/Shaders/Shared/ThirdParty/NVIDIA/nvHLSLExtnsInternal.h" 2212
"../../../Engine/Shaders/Shared/ThirdParty/NVIDIA/nvShaderExtnEnums.h" 2213
"../../../Engine/Shaders/Private/PackUnpack.ush" 2214
"../../../Engine/Shaders/Private/GeneratedUniformBufferTypes.ush" 2215
"../../../Engine/Shaders/Private/Nanite/NanitePackedNaniteView.ush" 2216
"../../../Engine/Shaders/Private/HairStrands/HairStrandsVisibilityCommonStruct.ush" 2217
"../../../Engine/Shaders/Private/HairStrands/HairStrandsVoxelPageCommonStruct.ush" 2218
"../../../Engine/Shaders/Private/HairStrands/HairStrandsDeepShadowCommonStruct.ush" 2219
"../../../Engine/Shaders/Shared/LightSceneData.h" 2220
"../../../Engine/Shaders/Private/LargeWorldCoordinates.ush" 2221
"../../../Engine/Shaders/Private/DoubleFloat.ush" 2222
"../../../Engine/Shaders/Private/RandomPCG.ush" 2223
"../../../Engine/Shaders/Private/DoubleFloatOperations.ush" 2224
"../../../Engine/Shaders/Private/DoubleFloatVectorDefinition.ush" 2225
"../../../Engine/Shaders/Private/LWCOperations.ush" 2226
"../../../Engine/Shaders/Shared/LightViewData.h" 2227
"../../../Engine/Shaders/Shared/RayTracingTypes.h" 2228
"../../../Engine/Shaders/Shared/HLSLStaticAssert.h" 2229
"../../../Engine/Shaders/Shared/NaniteDefinitions.h" 2230
"../../../Engine/Shaders/Private/CommonViewUniformBuffer.ush" 2231
"../../../Engine/Shaders/Private/InstancedStereo.ush" 2232
"../../../Engine/Shaders/Private/Definitions.usf" 2233
"../../../Engine/Shaders/Private/AssertionMacros.ush" 2234
"../../../Engine/Shaders/Private/FastMath.ush" 2235
"../../../Engine/Shaders/Private/FastMathThirdParty.ush" 2236
"../../../Engine/Shaders/Private/Random.ush" 2237
"../../../Engine/Shaders/Private/RandomInterleavedGradientNoise.ush" 2238
"../../../Engine/Shaders/Private/SceneData.ush" 2239
"../../../Engine/Shaders/Private/OctahedralCommon.ush" 2240
"../../../Engine/Shaders/Private/WaveOpUtil.ush" 2241
"../../../Engine/Shaders/Private/ByteBuffer.ush" 2242
"../../../Engine/Shaders/Shared/SceneDefinitions.h" 2243
"../../../Engine/Shaders/Private/SceneDataMobileLoader.ush" 2244
"../../../Engine/Shaders/Private/LocalVertexFactoryCommon.ush" 2245
"../../../Engine/Shaders/Private/HairStrands/HairStrandsVisibilityCommon.ush" 2246
"../../../Engine/Shaders/Shared/HairStrandsDefinitions.h" 2247
"../../../Engine/Shaders/Private/HairStrands/HairStrandsVertexFactoryCommon.ush" 2248
"../../../Engine/Shaders/Private/HairStrands/HairStrandsPack.ush" 2249
"../../../Engine/Shaders/Private/HairStrands/HairStrandsAttributeCommon.ush" 2250
"../../../Engine/Shaders/Private/HairStrands/HairStrandsAttributeTemplate.ush" 2251
"../../../Engine/Shaders/Private/VertexFactoryDefaultInterface.ush" 2252
"../../../Engine/Shaders/Private/HairStrands/HairCardsVertexFactory.ush" 2253
"../../../Engine/Shaders/Private/HairStrands/HairCardsAttributeCommon.ush" 2254
"../../../Engine/Shaders/Private/RayTracing/RayTracingCommon.ush" 2255
"../../../Engine/Shaders/Private/ShadingCommon.ush" 2256
"../../../Engine/Shaders/Shared/RayTracingPayloadType.h" 2257
"../../../Engine/Shaders/Private/RayTracing/RayTracingRayCone.ush" 2258
"../../../Engine/Shaders/Private/Substrate/Substrate.ush" 2259
"../../../Engine/Shaders/Private/ShadingEnergyConservation.ush" 2260
"../../../Engine/Shaders/Private/ShadingEnergyConservationTemplate.ush" 2261
"../../../Engine/Shaders/Private/BRDF.ush" 2262
"../../../Engine/Shaders/Private/ColorSpace.ush" 2263
"../../../Engine/Shaders/Private/DeferredShadingCommon.ush" 2264
"../../../Engine/Shaders/Private/LightAccumulator.ush" 2265
"../../../Engine/Shaders/Private/SceneTexturesCommon.ush" 2266
"../../../Engine/Shaders/Private/MonteCarlo.ush" 2267
"../../../Engine/Shaders/Private/GBufferHelpers.ush" 2268
"../../../Engine/Shaders/Private/SceneTextureParameters.ush" 2269
"C:/Users/USER/Documents/Unreal Projects/SoulsDistructor/Intermediate/ShaderAutogen/PCD3D_SM6/AutogenShaderHeaders.ush" 2270
"../../../Engine/Shaders/Private/ParticipatingMediaCommon.ush" 2271
"../../../Engine/Shaders/Private/ThinFilmBSDF.ush" 2272
"../../../Engine/Shaders/Private/MortonCode.ush" 2273
"../../../Engine/Shaders/Private/SubsurfaceProfileCommon.ush" 2274
"../../../Engine/Shaders/Private/BurleyNormalizedSSSCommon.ush" 2275
"../../../Engine/Shaders/Private/GammaCorrectionCommon.ush" 2276
"../../../Engine/Shaders/Shared/SubstrateDefinitions.h" 2277
"../../../Engine/Shaders/Private/Substrate/SubstrateStatisticalOperators.ush" 2278
"../../../Engine/Shaders/Private/Substrate/SubstrateSubsurface.ush" 2279
"../../../Engine/Shaders/Private/TransmissionCommon.ush" 2280
"../../../Engine/Shaders/Private/Substrate/SubstrateExportCommon.ush" 2281
"../../../Engine/Shaders/Private/SpecularProfileCommon.ush" 2282
"../../../Engine/Shaders/Private/Substrate/SubstrateToonBSDF.ush" 2283
"../../../Engine/Shaders/Private/AreaLightCommon.ush" 2284
"../../../Engine/Shaders/Private/RectLight.ush" 2285
"../../../Engine/Shaders/Private/CapsuleLight.ush" 2286
"../../../Engine/Shaders/Private/LightData.ush" 2287
"../../../Engine/Shaders/Private/HairShadingCommon.ush" 2288
"../../../Engine/Shaders/Shared/LightDefinitions.h" 2289
"../../../Engine/Shaders/Private/ToonProfileCommon.ush" 2290
"../../../Engine/Shaders/Shared/ToonProfileDefinitions.h" 2291
"../../../Engine/Shaders/Private/RayTracing/RayTracingCommonMetal.ush" 2292
"../../../Engine/Shaders/Private/PositionReconstructionCommon.ush" 2293
"../../../Engine/Shaders/Private/RayTracing/TraceRayInline.ush" 2294
"../../../Engine/Shaders/Private/RayTracing/TraceRayInlineCommon.ush" 2295
"../../../Engine/Shaders/Private/RayTracing/TraceRayInlineVulkan.ush" 2296
"../../../Engine/Shaders/Private/RayTracing/TraceRayInlineMetal.ush" 2297
"../../../Engine/Shaders/Private/RayTracing/RayTracingHitGroupCommon.ush" 2298
"../../../Engine/Shaders/Private/Nanite/NaniteRayTrace.ush" 2299
"../../../Engine/Shaders/Private/Nanite/NaniteDataDecode.ush" 2300
"../../../Engine/Shaders/Private/BitPacking.ush" 2301
"../../../Engine/Shaders/Private/BitStreamReaderImplementation.ush" 2302
"../../../Engine/Shaders/Private/BoneTransform.ush" 2303
"../../../Engine/Shaders/Private/Quaternion.ush" 2304
"../../../Engine/Shaders/Private/Skinning/SkinningSceneDataDecode.ush" 2305
"../../../Engine/Shaders/Private/Skinning/SkinningDataDecode.ush" 2306
"../../../Engine/Shaders/Shared/SkinningDefinitions.h" 2307
"../../../Engine/Shaders/Private/Nanite/NaniteAttributeDecode.ush" 2308
"../../../Engine/Shaders/Private/Barycentrics.ush" 2309
"../../../Engine/Shaders/Private/DualNumber.ush" 2310
"../../../Engine/Shaders/Shared/ThirdParty/RayTriangleIntersection.h" 2311
"../../../Engine/Shaders/Private/Nanite/NaniteVertexFetch.ush" 2312
"../../../Engine/Shaders/Private/ViewData.ush" 2313
"../../../Engine/Shaders/Shared/ViewDefinitions.h" 2314
"../../../Engine/Shaders/Private/Nanite/NaniteSceneCommon.ush" 2315
"../../../Engine/Shaders/Private/RayTracing/TraceRayInlineD3D12.ush" 2316
"../../../Engine/Plugins/Experimental/Water/Shaders/Private/WaterMeshVertexFactory.ush" 2317
"../../../Engine/Plugins/FX/Niagara/Shaders/Private/NiagaraSpriteVertexFactory.ush" 2318
"../../../Engine/Shaders/Private/ParticleVertexFactoryCommon.ush" 2319
"../../../Engine/Plugins/FX/Niagara/Shaders/Private/NiagaraVFCommon.usf" 2320
"../../../Engine/Plugins/FX/Niagara/Shaders/Private/NiagaraVFParticleAccess.usf" 2321
"../../../Engine/Plugins/FX/Niagara/Shaders/Private/NiagaraParticleAccess.ush" 2322
"../../../Engine/Plugins/FX/Niagara/Shaders/Private/NiagaraRibbonVertexFactory.ush" 2323
"../../../Engine/Plugins/FX/Niagara/Shaders/Private/NiagaraMeshVertexFactory.ush" 2324
"../../../Engine/Plugins/FX/Niagara/Shaders/Private/NiagaraCommon.ush" 2325
"../../../Engine/Plugins/FX/Niagara/Shaders/Private/NiagaraMeshParticleUtils.ush" 2326
"../../../Engine/Shaders/Private/VectorFieldVisualizationVertexFactory.ush" 2327
"../../../Engine/Shaders/Private/Nanite/NaniteVertexFactory.ush" 2328
"../../../Engine/Shaders/Private/LightmapData.ush" 2329
"../../../Engine/Shaders/Private/SplineMeshCommon.ush" 2330
"../../../Engine/Shaders/Shared/SplineMeshShaderParams.h" 2331
"../../../Engine/Shaders/Private/ShaderPrint.ush" 2332
"../../../Engine/Shaders/Private/ShaderPrintCommon.ush" 2333
"../../../Engine/Shaders/Private/MiniFontCommon.ush" 2334
"../../../Engine/Shaders/Private/SGGX.ush" 2335
"../../../Engine/Shaders/Private/MaterialCache/MaterialCacheCommon.ush" 2336
"../../../Engine/Shaders/Private/Nanite/NaniteVertexDeformation.ush" 2337
"../../../Engine/Shaders/Private/Matrices.ush" 2338
"../../../Engine/Shaders/Private/ParticleSpriteVertexFactory.ush" 2339
"../../../Engine/Shaders/Private/ParticleGPUSpriteVertexFactory.ush" 2340
"../../../Engine/Shaders/Private/ParticleSimulationCommon.ush" 2341
"../../../Engine/Shaders/Private/ParticleBeamTrailVertexFactory.ush" 2342
"../../../Engine/Shaders/Private/MeshParticleVertexFactory.ush" 2343
"../../../Engine/Shaders/Private/LocalVertexFactory.ush" 2344
"../../../Engine/Shaders/Private/GpuSkinCommon.ush" 2345
"../../../Engine/Shaders/Private/GpuSkinVertexFactory.ush" 2346
"../../../Engine/Shaders/Private/GeometryCollectionVertexFactory.ush" 2347
"../../../Engine/Shaders/Private/GeometryCacheVertexFactory.ush" 2348
"../../../Engine/Shaders/Private/LandscapeVertexFactory.ush" 2349
"../../../Engine/Shaders/Private/Nanite/NaniteTranslucencyFactory.ush" 2350
"../../../Engine/Shaders/Private/ComputeShaderUtils.ush" 2351
"../../../Engine/Shaders/Private/Nanite/NaniteRasterizationCommon.ush" 2352
"../../../Engine/Shaders/Private/Nanite/NaniteRasterizer.ush" 2353
"../../../Engine/Shaders/Private/VirtualShadowMaps/VirtualShadowMapPageAccessCommon.ush" 2354
"../../../Engine/Shaders/Shared/VirtualShadowMapDefinitions.h" 2355
"../../../Engine/Shaders/Shared/HLSLMathAliases.h" 2356
"../../../Engine/Shaders/Private/VirtualShadowMaps/VirtualShadowMapHandle.ush" 2357
"../../../Engine/Shaders/Private/VirtualShadowMaps/VirtualShadowMapPageOverlap.ush" 2358
"../../../Engine/Shaders/Private/Nanite/NaniteHZBCull.ush" 2359
"../../../Engine/Shaders/Private/HZB.ush" 2360
"../../../Engine/Shaders/Private/VirtualShadowMaps/VirtualShadowMapPageCacheCommon.ush" 2361
"../../../Engine/Shaders/Private/VirtualShadowMaps/VirtualShadowMapProjectionStructs.ush" 2362
"../../../Engine/Shaders/Private/Nanite/NaniteWritePixel.ush" 2363
"../../../Engine/Shaders/Private/Nanite/NaniteCullingCommon.ush" 2364
"../../../Engine/Shaders/Private/Nanite/NaniteCulling.ush" 2365
"../../../Engine/Shaders/Private/Nanite/NaniteHierarchyTraversalCommon.ush" 2366
"../../../Engine/Shaders/Private/MaterialTemplate.ush" 2367
"../../../Engine/Shaders/Private/WorldSpaceMath.ush" 2368
"../../../Engine/Shaders/Private/EyeAdaptationCommon.ush" 2369
"../../../Engine/Shaders/Private/SobolRandom.ush" 2370
"../../../Engine/Shaders/Private/DepthOfFieldCommon.ush" 2371
"../../../Engine/Shaders/Private/CircleDOFCommon.ush" 2372
"../../../Engine/Shaders/Private/DistanceField/GlobalDistanceFieldShared.ush" 2373
"../../../Engine/Shaders/Private/PhysicsFieldSampler.ush" 2374
"../../../Engine/Shaders/Private/PhysicsFieldShared.ush" 2375
"../../../Engine/Shaders/Private/PhysicsFieldEval.ush" 2376
"../../../Engine/Shaders/Private/SparseVolumeTexture/SparseVolumeTextureCommon.ush" 2377
"../../../Engine/Shaders/Shared/EnvironmentComponentsFlags.h" 2378
"../../../Engine/Shaders/Private/MeshPaintTextureCommon.ush" 2379
"../../../Engine/Shaders/Private/VirtualTextureMaterial.ush" 2380
"../../../Engine/Shaders/Private/MaterialCache/MaterialCacheMaterialCommon.ush" 2381
"../../../Engine/Shaders/Private/VirtualTextureCommon.ush" 2382
"../../../Engine/Shaders/Shared/VirtualTextureDefinitions.h" 2383
"../../../Engine/Shaders/Private/BlueNoiseCommon.ush" 2384
"../../../Engine/Shaders/Private/Quantization.ush" 2385
"../../../Engine/Shaders/Private/SpeedTreeCommon.ush" 2386
"../../../Engine/Shaders/Public/IndirectVirtualTextureCommon.ush" 2387
"../../../Engine/Shaders/Private/MaterialTexture.ush" 2388
"../../../Engine/Shaders/Private/MinMaterialTexCoords.ush" 2389
"../../../Engine/Shaders/Private/SkyAtmosphereCommon.ush" 2390
"../../../Engine/Shaders/Private/SingleLayerWaterCommon.ush" 2391
"../../../Engine/Shaders/Private/TextureSampling.ush" 2392
"../../../Engine/Shaders/Private/PaniniProjection.ush" 2393
"../../../Engine/Shaders/Private/DBufferNormalReprojection.ush" 2394
"../../../Engine/Shaders/Public/SubstratePublic.ush" 2395
"../../../Engine/Shaders/Private/Substrate/SubstrateRead.ush" 2396
"../../../Engine/Shaders/Private/Substrate/SubstrateTree.ush" 2397
"../../../Engine/Shaders/Private/Substrate/SubstrateEvaluation.ush" 2398
"../../../Engine/Shaders/Private/Substrate/Glint/GlintThirdParty.ush" 2399
"../../../Engine/Shaders/Private/BlueNoise.ush" 2400
"../../../Engine/Shaders/Private/SHCommon.ush" 2401
"../../../Engine/Shaders/Private/ShadingModels.ush" 2402
"../../../Engine/Shaders/Private/HairBsdf.ush" 2403
"../../../Engine/Shaders/Private/PathTracing/Utilities/PathTracingRandomSequence.ush" 2404
"../../../Engine/Shaders/Private/MobileGGX.ush" 2405
"../../../Engine/Shaders/Private/ShadingModelsSampling.ush" 2406
"../../../Engine/Shaders/Private/HairStrands/HairBsdfSample.ush" 2407
"../../../Engine/Shaders/Private/HairStrands/HairStrandsCommon.ush" 2408
"../../../Engine/Shaders/Private/HairStrands/HairStrandsDeepTransmittanceCommon.ush" 2409
"../../../Engine/Shaders/Private/HairStrands/HairStrandsDeepTransmittanceDualScattering.ush" 2410
"../../../Engine/Shaders/Private/HairStrands/HairStrandsEnvironmentLightingCommon.ush" 2411
"../../../Engine/Shaders/Private/Substrate/SubstrateLegacyConversion.ush" 2412
"../../../Engine/Shaders/Private/DBufferDecalShared.ush" 2413
"../../../Engine/Shaders/Private/Nanite/NaniteTessellation.ush" 2414
"../../../Engine/Shaders/Private/WorkDistribution.ush" 2415
"../../../Engine/Shaders/Public/RootConstants.ush" 2416
"../../../Engine/Shaders/Public/Platform/D3D/D3DRootConstants.ush" 2417
"../../../Engine/Plugins/NNE/NNEDenoiser/Shaders/NNEDenoiserShadersTransferFunctionOidn.usf" 2418
"../../../Engine/Plugins/NNE/NNEDenoiser/Shaders/NNEDenoiserShadersMappedCopy.usf" 2419
"../../../Engine/Plugins/NNE/NNEDenoiser/Shaders/NNEDenoiserShadersDefaultIOProcess.usf" 2420
"../../../Engine/Plugins/NNE/NNEDenoiser/Shaders/NNEDenoiserShadersAutoExposureReduceFinal.usf" 2421
"../../../Engine/Plugins/NNE/NNEDenoiser/Shaders/NNEDenoiserShadersAutoExposureReduce.usf" 2422
"../../../Engine/Plugins/NNE/NNEDenoiser/Shaders/NNEDenoiserShadersAutoExposureDownsample.usf" 2423
"../../../Engine/Plugins/Runtime/ComputeFramework/Shaders/Private/ComputeKernel.usf" 2424
"../../../Engine/Plugins/Runtime/ComputeFramework/Shaders/Private/ComputeKernelCommon.ush" 2425
"../../../Engine/Plugins/Experimental/NFORDenoise/Shaders/NFORDenoise.usf" 2426
"../../../Engine/Shaders/Private/ScreenPass.ush" 2427
"../../../Engine/Plugins/Experimental/NFORDenoise/Shaders/NFORRegressionCommon.ush" 2428
"../../../Engine/Plugins/Experimental/NFORDenoise/Shaders/NFORRegression.ush" 2429
"../../../Engine/Plugins/Compositing/CompositeCore/Shaders/Private/CompositeCoreMerge.usf" 2430
"../../../Engine/Shaders/Private/LensDistortion.ush" 2431
"../../../Engine/Plugins/Compositing/CompositeCore/Shaders/Private/CompositeCoreBlending.ush" 2432
"../../../Engine/Plugins/Compositing/CompositeCore/Shaders/Private/CompositeCoreDisplayTransform.usf" 2433
"../../../Engine/Plugins/Compositing/CompositeCore/Shaders/Private/CompositeCoreDilate.usf" 2434
"../../../Engine/Plugins/Media/WmfMedia/Shaders/Private/MediaHardwareVideoDecoding.usf" 2435
"../../../Engine/Shaders/Private/ColorUtils.ush" 2436
"../../../Engine/Plugins/Media/TmvMedia/Shaders/Private/TmvTextureYuvConverter.usf" 2437
"../../../Engine/Plugins/Media/TmvMedia/Shaders/Private/TmvColorProcessing.ush" 2438
"../../../Engine/Plugins/Media/TmvMedia/Shaders/Private/TmvTextureBufferSwizzler.usf" 2439
"../../../Engine/Plugins/Media/TmvMedia/Shaders/Private/TmvStructuredBufferSwizzler.usf" 2440
"../../../Engine/Plugins/Media/ImgMedia/Shaders/Private/ExrSwizzler.usf" 2441
"../../../Engine/Plugins/Enterprise/GLTFExporter/Shaders/Private/SimpleTexture2DPS.usf" 2442
"../../../Engine/Shaders/Private/SimpleElementNormalMapPixelShader.usf" 2443
"../../../Engine/Plugins/Runtime/HairStrands/Shaders/Private/NiagaraCopyVelocityGrid.usf" 2444
"../../../Engine/Plugins/Runtime/HairStrands/Shaders/Private/NiagaraClearVelocityGrid.usf" 2445
"../../../Engine/Plugins/Runtime/HairStrands/Shaders/Private/NiagaraClearPressureGrid.usf" 2446
"../../../Engine/Plugins/Runtime/HairStrands/Shaders/Private/NiagaraInterpolateGroomGuides.usf" 2447
"../../../Engine/Plugins/Runtime/HairStrands/Shaders/Private/NiagaraGroomInterpolationUtils.ush" 2448
"../../../Engine/Plugins/FX/Niagara/Shaders/Private/NiagaraQuaternionUtils.ush" 2449
"../../../Engine/Shaders/Private/HairStrands/HairStrandsMesh.usf" 2450
"../../../Engine/Shaders/Private/HairStrands/HairStrandsBindingCommon.ush" 2451
"../../../Engine/Shaders/Private/HairStrands/HairStrandsFollicleMask.usf" 2452
"../../../Engine/Shaders/Private/HairStrands/HairStrandsSkinUpdate.usf" 2453
"../../../Engine/Shaders/Private/HairStrands/HairStrandsClusterCulling.usf" 2454
"../../../Engine/Shaders/Private/ColorMap.ush" 2455
"../../../Engine/Shaders/Private/HairStrands/HairStrandsAABBCommon.ush" 2456
"../../../Engine/Shaders/Private/HairStrands/HairStrandsClusterCommon.ush" 2457
"../../../Engine/Shaders/Private/ThreadGroupPrefixSum.ush" 2458
"../../../Engine/Shaders/Private/HairStrands/HairStrandsRaytracingGeometry.usf" 2459
"../../../Engine/Shaders/Private/HairStrands/HairStrandsTangent.usf" 2460
"../../../Engine/Shaders/Private/HairStrands/HairCardsDeformation.usf" 2461
"../../../Engine/Shaders/Private/HairStrands/HairStrandsInterpolation.usf" 2462
"../../../Engine/Shaders/Private/HairStrands/HairStrandsGuideDeform.usf" 2463
"../../../Engine/Shaders/Private/HairStrands/HairStrandsTexturesGeneration.usf" 2464
"../../../Engine/Shaders/Private/HairStrands/HairCardsTextureCommon.ush" 2465
"../../../Engine/Shaders/Private/HairStrands/HairStrandsTranscode.usf" 2466
"../../../Engine/Shaders/Private/HairStrands/HairStrandsDebug.usf" 2467
"../../../Engine/Shaders/Private/PostProcessCommon.ush" 2468
"../../../Engine/Plugins/PCG/Shaders/Private/PCGUnwrapMesh.usf" 2469
"../../../Engine/Plugins/PCG/Shaders/Private/PCGTextureReadback.usf" 2470
"../../../Engine/Plugins/PCG/Shaders/Private/PCGTexureDownsample.usf" 2471
"../../../Engine/Plugins/PCG/Shaders/Private/PCGSceneWriter.usf" 2472
"../../../Engine/Shaders/Private/GPUScene/GPUSceneWriter.ush" 2473
"../../../Engine/Plugins/PCG/Shaders/Private/PCGRayTrace.usf" 2474
"../../../Engine/Shaders/Private/Visualization.ush" 2475
"../../../Engine/Shaders/Private/Hash.ush" 2476
"../../../Engine/Plugins/PCG/Shaders/Private/PCGGrassMapUnpackerCS.usf" 2477
"../../../Engine/Shaders/Private/Landscape/LandscapeCommon.ush" 2478
"../../../Engine/Plugins/PCG/Shaders/Private/PCGDilate.usf" 2479
"../../../Engine/Plugins/Experimental/Water/Shaders/Private/WaterQuadTreeDraws.usf" 2480
"../../../Engine/Plugins/Experimental/Water/Shaders/Private/WaterQuadTreeCommon.ush" 2481
"../../../Engine/Plugins/Experimental/Water/Shaders/Private/WaterQuadTreeBuild.usf" 2482
"../../../Engine/Plugins/Experimental/Water/Shaders/Private/WaterQuadTreeMerge.usf" 2483
"../../../Engine/Plugins/Experimental/Water/Shaders/Private/WaterQuadTreePixelShader.usf" 2484
"../../../Engine/Plugins/Experimental/Water/Shaders/Private/WaterQuadTreeVertexShader.usf" 2485
"../../../Engine/Plugins/Experimental/Water/Shaders/Private/WaterInfoFinalize.usf" 2486
"../../../Engine/Plugins/Experimental/Water/Shaders/Private/WaterInfoMerge.usf" 2487
"../../../Engine/Plugins/FX/Niagara/Shaders/Private/NiagaraVertexFactoryExport.usf" 2488
"../../../Engine/Plugins/FX/Niagara/Shaders/Private/NiagaraSortKeyGen.usf" 2489
"../../../Engine/Plugins/FX/Niagara/Shaders/Private/NiagaraGPURayTracingTransforms.usf" 2490
"../../../Engine/Plugins/FX/Niagara/Shaders/Private/NiagaraDrawIndirectArgsGen.usf" 2491
"../../../Engine/Plugins/FX/Niagara/Shaders/Private/NiagaraDispatchIndirectArgsGen.usf" 2492
"../../../Engine/Plugins/FX/Niagara/Shaders/Private/Stateless/NiagaraStatelessSimulationDefault.usf" 2493
"../../../Engine/Plugins/FX/Niagara/Shaders/Private/Stateless/NiagaraStatelessCommon.ush" 2494
"../../../Engine/Plugins/FX/Niagara/Shaders/Shared/NiagaraStatelessDefinitions.h" 2495
"../../../Engine/Plugins/FX/Niagara/Shaders/Shared/NiagaraStatelessBuiltDistribution.h" 2496
"../../../Engine/Plugins/FX/Niagara/Shaders/Private/Stateless/NiagaraStatelessDistribution.ush" 2497
"../../../Engine/Plugins/FX/Niagara/Shaders/Private/Stateless/Template/GenerateCS_PreModules.ush" 2498
"../../../Engine/Plugins/FX/Niagara/Shaders/Private/Stateless/Modules/NiagaraStatelessModule_CalculateAccurateVelocity.ush" 2499
"../../../Engine/Plugins/FX/Niagara/Shaders/Private/Stateless/Modules/NiagaraStatelessModule_CameraOffset.ush" 2500
"../../../Engine/Plugins/FX/Niagara/Shaders/Private/Stateless/Modules/NiagaraStatelessModule_DynamicMaterialParameters.ush" 2501
"../../../Engine/Plugins/FX/Niagara/Shaders/Private/Stateless/Modules/NiagaraStatelessModule_InitializeParticle.ush" 2502
"../../../Engine/Plugins/FX/Niagara/Shaders/Private/Stateless/Modules/NiagaraStatelessModule_InitialMeshOrientation.ush" 2503
"../../../Engine/Plugins/FX/Niagara/Shaders/Private/Stateless/Modules/NiagaraStatelessModule_MeshIndex.ush" 2504
"../../../Engine/Plugins/FX/Niagara/Shaders/Private/Stateless/Modules/NiagaraStatelessModule_MeshRotationRate.ush" 2505
"../../../Engine/Plugins/FX/Niagara/Shaders/Private/Stateless/Modules/NiagaraStatelessModule_RotateAroundPoint.ush" 2506
"../../../Engine/Plugins/FX/Niagara/Shaders/Private/Stateless/Modules/NiagaraStatelessModule_ShapeLocation.ush" 2507
"../../../Engine/Plugins/FX/Niagara/Shaders/Private/Stateless/Modules/NiagaraStatelessModule_ScaleColor.ush" 2508
"../../../Engine/Plugins/FX/Niagara/Shaders/Private/Stateless/Modules/NiagaraStatelessModule_ScaleRibbonWidth.ush" 2509
"../../../Engine/Plugins/FX/Niagara/Shaders/Private/Stateless/Modules/NiagaraStatelessModule_ScaleSpriteSize.ush" 2510
"../../../Engine/Plugins/FX/Niagara/Shaders/Private/Stateless/Modules/NiagaraStatelessModule_ScaleSpriteSizeBySpeed.ush" 2511
"../../../Engine/Plugins/FX/Niagara/Shaders/Private/Stateless/Modules/NiagaraStatelessModule_ScaleMeshSize.ush" 2512
"../../../Engine/Plugins/FX/Niagara/Shaders/Private/Stateless/Modules/NiagaraStatelessModule_ScaleMeshSizeBySpeed.ush" 2513
"../../../Engine/Plugins/FX/Niagara/Shaders/Private/Stateless/Modules/NiagaraStatelessModule_SolveVelocitiesAndForces.ush" 2514
"../../../Engine/Plugins/FX/Niagara/Shaders/Private/Stateless/Modules/NiagaraStatelessModule_SpriteFacingAndAlignment.ush" 2515
"../../../Engine/Plugins/FX/Niagara/Shaders/Private/Stateless/Modules/NiagaraStatelessModule_SpriteRotationRate.ush" 2516
"../../../Engine/Plugins/FX/Niagara/Shaders/Private/Stateless/Modules/NiagaraStatelessModule_SubUVAnimation.ush" 2517
"../../../Engine/Plugins/FX/Niagara/Shaders/Private/Stateless/Template/GenerateCS_PostModules.ush" 2518
"../../../Engine/Plugins/FX/Niagara/Shaders/Private/NiagaraBlendSVTsToDenseBuffer.usf" 2519
"../../../Engine/Plugins/FX/Niagara/Shaders/Private/NiagaraSVTToDenseBuffer.usf" 2520
"../../../Engine/Plugins/FX/Niagara/Shaders/Private/NiagaraFillIntBuffer.usf" 2521
"../../../Engine/Plugins/FX/Niagara/Shaders/Private/NiagaraComputeFreeIDs.usf" 2522
"../../../Engine/Plugins/FX/Niagara/Shaders/Private/NiagaraInitFreeIDBuffer.usf" 2523
"../../../Engine/Plugins/FX/Niagara/Shaders/Private/NiagaraEmitterInstanceShader.usf" 2524
"../../../Engine/Plugins/FX/Niagara/Shaders/Private/NiagaraShaderVersion.ush" 2525
"../../../Engine/Plugins/FX/Niagara/Shaders/Private/NiagaraPhysicsCommon.ush" 2526
"../../../Engine/Plugins/FX/Niagara/Shaders/Private/Ribbons/NiagaraRibbonAggregationApply.usf" 2527
"../../../Engine/Plugins/FX/Niagara/Shaders/Private/Ribbons/NiagaraRibbonCommon.ush" 2528
"../../../Engine/Plugins/FX/Niagara/Shaders/Shared/NiagaraRibbonShared.h" 2529
"../../../Engine/Plugins/FX/Niagara/Shaders/Private/Ribbons/NiagaraRibbonAggregationStep.usf" 2530
"../../../Engine/Plugins/FX/Niagara/Shaders/Private/Ribbons/NiagaraRibbonGenerateIndices.usf" 2531
"../../../Engine/Plugins/FX/Niagara/Shaders/Private/Ribbons/NiagaraRibbonInitializeIndices.usf" 2532
"../../../Engine/Plugins/FX/Niagara/Shaders/Private/Ribbons/NiagaraRibbonRibbonUVParamCalculation.usf" 2533
"../../../Engine/Plugins/FX/Niagara/Shaders/Private/Ribbons/NiagaraRibbonVertexReductionFinalization.usf" 2534
"../../../Engine/Plugins/FX/Niagara/Shaders/Private/Ribbons/NiagaraRibbonVertexReductionInitialization.usf" 2535
"../../../Engine/Plugins/FX/Niagara/Shaders/Private/Ribbons/NiagaraRibbonSortParticles.usf" 2536
"../../../Engine/Plugins/FX/Niagara/Shaders/Private/NiagaraNeighborQuerySort.usf" 2537
"../../../Engine/Plugins/FX/Niagara/Shaders/Private/NiagaraLWCHelper.usf" 2538
"../../../Engine/Plugins/FX/Niagara/Shaders/Private/NiagaraUpdateMeshGPUSceneInstances.usf" 2539
"../../../Engine/Plugins/FX/Niagara/Shaders/Private/NiagaraGenerateMips.usf" 2540
"../../../Engine/Plugins/FX/Niagara/Shaders/Private/NiagaraDebugDraw.usf" 2541
"../../../Engine/Plugins/FX/Niagara/Shaders/Private/NiagaraDebugDraw.ush" 2542
"../../../Engine/Plugins/FX/Niagara/Shaders/Private/NiagaraVisualizeTexture.usf" 2543
"../../../Engine/Plugins/FX/Niagara/Shaders/Private/NiagaraClearCounts.usf" 2544
"../../../Engine/Plugins/FX/Niagara/Shaders/Private/NiagaraBatchedElements.usf" 2545
"../../../Engine/Plugins/FX/Niagara/Shaders/Private/NiagaraRayTracingShaders.usf" 2546
"../../../Engine/Plugins/FX/Niagara/Shaders/Private/NiagaraAsyncGpuTraceCommon.ush" 2547
"../../../Engine/Shaders/Private/HashTable.ush" 2548
"../../../Engine/Shaders/Private/RayTracing/VFXTraceRay.ush" 2549
"../../../Engine/Plugins/FX/Niagara/Shaders/Private/NiagaraRayMarchingShaders.usf" 2550
"../../../Engine/Plugins/FX/Niagara/Shaders/Private/NiagaraRayTraceCollisionGroupShaders.usf" 2551
"../../../Engine/Plugins/FX/Niagara/Shaders/Private/NiagaraAsyncGpuTraceUtils.usf" 2552
"../../../Engine/Shaders/Private/VirtualTextureAdapter.usf" 2553
"../../../Engine/Shaders/Private/BlockCompressionCommon.ush" 2554
"../../../Engine/Shaders/Private/BCCompressionCommon.ush" 2555
"../../../Engine/Shaders/Private/TranslucentLightingShaders.usf" 2556
"../../../Engine/Shaders/Private/TranslucencyVolumeInjectionCommon.ush" 2557
"../../../Engine/Shaders/Private/CubemapCommon.ush" 2558
"../../../Engine/Shaders/Private/VectorFieldCompositeShaders.usf" 2559
"../../../Engine/Shaders/Private/UpdateTextureShaders.usf" 2560
"../../../Engine/Shaders/Private/StereoLayerShader.usf" 2561
"../../../Engine/Shaders/Private/SparseVolumeTexture/UpdateSparseVolumeTexture.usf" 2562
"../../../Engine/Shaders/Private/MorphTargets.usf" 2563
"../../../Engine/Shaders/Private/SimpleElementColorChannelMaskPixelShader.usf" 2564
"../../../Engine/Shaders/Private/SimpleElementHitProxyPixelShader.usf" 2565
"../../../Engine/Shaders/Private/SimpleElementPixelShader.usf" 2566
"../../../Engine/Shaders/Private/IESLightProfilesCommon.ush" 2567
"../../../Engine/Shaders/Private/SimpleElementVertexShader.usf" 2568
"../../../Engine/Shaders/Private/ScreenPixelShaderOES.usf" 2569
"../../../Engine/Shaders/Private/ScreenVertexShader.usf" 2570
"../../../Engine/Shaders/Private/ScreenPixelShader.usf" 2571
"../../../Engine/Shaders/Private/ToonProfile.usf" 2572
"../../../Engine/Shaders/Private/SSProfilePreIntegratedMobile.usf" 2573
"../../../Engine/Shaders/Private/SpecularProfile.usf" 2574
"../../../Engine/Shaders/Private/Nanite/NaniteStreaming.usf" 2575
"../../../Engine/Shaders/Private/Nanite/NaniteStreaming.ush" 2576
"../../../Engine/Shaders/Private/VolumetricLightmapStreaming.usf" 2577
"../../../Engine/Shaders/Private/PhysicsFieldReset.usf" 2578
"../../../Engine/Shaders/Private/PhysicsFieldBuilder.usf" 2579
"../../../Engine/Shaders/Private/ParticleSortKeyGen.usf" 2580
"../../../Engine/Shaders/Private/ParticleBoundsShader.usf" 2581
"../../../Engine/Shaders/Private/ParticleSimVisualizeShader.usf" 2582
"../../../Engine/Shaders/Private/ParticleInjectionShader.usf" 2583
"../../../Engine/Shaders/Private/ParticleSimulationShader.usf" 2584
"../../../Engine/Shaders/Private/ParticleCurveInjectionShader.usf" 2585
"../../../Engine/Shaders/Private/Nanite/NaniteTranscode.usf" 2586
"../../../Engine/Shaders/Private/Nanite/NaniteScatterUpdates.usf" 2587
"../../../Engine/Shaders/Private/CopyUIntBuffer.usf" 2588
"../../../Engine/Shaders/Private/RadixSortShaders.usf" 2589
"../../../Engine/Shaders/Private/RecomputeTangentsPerVertexPass.usf" 2590
"../../../Engine/Shaders/Private/RecomputeTangentsCommon.ush" 2591
"../../../Engine/Shaders/Private/RecomputeTangentsPerTrianglePass.usf" 2592
"../../../Engine/Shaders/Private/DynamicMeshBounds.usf" 2593
"../../../Engine/Shaders/Private/GpuSkinCacheComputeShader.usf" 2594
"../../../Engine/Shaders/Private/DynamicMeshBounds.ush" 2595
"../../../Engine/Shaders/Private/BitonicSort.usf" 2596
"../../../Engine/Shaders/Public/WaveBroadcastIntrinsics.ush" 2597
"../../../Engine/Shaders/Private/HeightFieldAtlasManagement.usf" 2598
"../../../Engine/Shaders/Private/Landscape/LandscapeEditLayersUtils.usf" 2599
"../../../Engine/Shaders/Private/Landscape/LandscapeEditLayersWeightmaps.usf" 2600
"../../../Engine/Shaders/Private/Landscape/LandscapeEditLayersHeightmaps.usf" 2601
"../../../Engine/Shaders/Private/LandscapeLayersPS.usf" 2602
"../../../Engine/Shaders/Private/LandscapePhysicalMaterial.usf" 2603
"../../../Engine/Shaders/Private/LandscapeGrassWeight.usf" 2604
"../../../Engine/Shaders/Private/Landscape/LandscapeCulling.usf" 2605
"../../../Engine/Shaders/Private/Landscape/LandscapeMergeTexturesPS.usf" 2606
"../../../Engine/Shaders/Private/WideCustomResolveShaders.usf" 2607
"../../../Engine/Shaders/Private/WideCustomResolve_Wide.ush" 2608
"../../../Engine/Shaders/Private/WideCustomResolve_Wider.ush" 2609
"../../../Engine/Shaders/Private/WideCustomResolve_Widest.ush" 2610
"../../../Engine/Shaders/Private/WaterInfoTextureBlur.usf" 2611
"../../../Engine/Shaders/Private/WaterInfoTextureMerge.usf" 2612
"../../../Engine/Shaders/Private/PageTableUpdate.usf" 2613
"../../../Engine/Shaders/Private/VirtualTextureCompress.usf" 2614
"../../../Engine/Shaders/Private/ASTCCompressionCommon.ush" 2615
"../../../Engine/Shaders/Private/IntegerSequenceEncoding.ush" 2616
"../../../Engine/Shaders/Private/ETCCompressionCommon.ush" 2617
"../../../Engine/Shaders/Private/VirtualTextureMaterial.usf" 2618
"../../../Engine/Shaders/Private/PixelShaderOutputCommon.ush" 2619
"../../../Engine/Shaders/Private/ShaderOutputCommon.ush" 2620
"../../../Engine/Shaders/Private/VolumetricRenderTarget.usf" 2621
"../../../Engine/Shaders/Private/HeightFogCommon.ush" 2622
"../../../Engine/Shaders/Private/ReflectionEnvironmentShared.ush" 2623
"../../../Engine/Shaders/Private/LocalFogVolumes/LocalFogVolumeCommon.ush" 2624
"../../../Engine/Shaders/Private/VolumetricFogVoxelization.usf" 2625
"../../../Engine/Shaders/Private/VolumetricCloudMaterialPixelCommon.ush" 2626
"../../../Engine/Shaders/Private/VolumetricFogLightFunction.usf" 2627
"../../../Engine/Shaders/Private/LightFunctionCommon.ush" 2628
"../../../Engine/Shaders/Private/VolumetricFog.usf" 2629
"../../../Engine/Shaders/Private/DeferredLightingCommon.ush" 2630
"../../../Engine/Shaders/Private/DynamicLightingCommon.ush" 2631
"../../../Engine/Shaders/Private/CapsuleLightIntegrate.ush" 2632
"../../../Engine/Shaders/Private/CapsuleLightSampling.ush" 2633
"../../../Engine/Shaders/Private/RectLightIntegrate.ush" 2634
"../../../Engine/Shaders/Private/ScreenSpaceShadowRayCast.ush" 2635
"../../../Engine/Shaders/Private/LightFunctionAtlas/LightFunctionAtlasCommon.usf" 2636
"../../../Engine/Shaders/Private/LightGridCommon.ush" 2637
"../../../Engine/Shaders/Private/DistanceFieldAOShared.ush" 2638
"../../../Engine/Shaders/Private/IntersectionUtils.ush" 2639
"../../../Engine/Shaders/Private/VolumeLightingCommon.ush" 2640
"../../../Engine/Shaders/Private/ShadowProjectionCommon.ush" 2641
"../../../Engine/Shaders/Private/ShadowFilteringCommon.ush" 2642
"../../../Engine/Shaders/Private/PixelQuadMessagePassing.ush" 2643
"../../../Engine/Shaders/Private/VolumeLightingCommonSampling.ush" 2644
"../../../Engine/Shaders/Private/VolumetricLightmapShared.ush" 2645
"../../../Engine/Shaders/Private/ForwardShadowingCommon.ush" 2646
"../../../Engine/Shaders/Private/LightDataUniforms.ush" 2647
"../../../Engine/Shaders/Private/Lumen/LumenTranslucencyVolumeShared.ush" 2648
"../../../Engine/Shaders/Private/Lumen/LumenRadianceCacheInterpolation.ush" 2649
"../../../Engine/Shaders/Private/VirtualShadowMaps/VirtualShadowMapProjectionCommon.ush" 2650
"../../../Engine/Shaders/Private/DiaphragmDOF/DOFCommon.ush" 2651
"../../../Engine/Shaders/Private/VolumetricCloudCommon.ush" 2652
"../../../Engine/Shaders/Private/VolumetricCloud.usf" 2653
"../../../Engine/Shaders/Private/VisualizeVolumetricLightmap.usf" 2654
"../../../Engine/Shaders/Private/Tools/VisualizeLightShape.usf" 2655
"../../../Engine/Shaders/Private/VirtualShadowMaps/VirtualShadowMapProjectionComposite.usf" 2656
"../../../Engine/Shaders/Private/LightShaderParameters.ush" 2657
"../../../Engine/Shaders/Private/VirtualShadowMaps/VirtualShadowMapMaskBitsCommon.ush" 2658
"../../../Engine/Shaders/Private/VirtualShadowMaps/VirtualShadowMapLightGrid.ush" 2659
"../../../Engine/Shaders/Private/VirtualShadowMaps/VirtualShadowMapProjection.usf" 2660
"../../../Engine/Shaders/Private/VirtualShadowMaps/VirtualShadowMapProjectionFilter.ush" 2661
"../../../Engine/Shaders/Private/VirtualShadowMaps/VirtualShadowMapProjectionDirectional.ush" 2662
"../../../Engine/Shaders/Private/VirtualShadowMaps/VirtualShadowMapSMRTCommon.ush" 2663
"../../../Engine/Shaders/Private/VirtualShadowMaps/VirtualShadowMapSMRTTemplate.ush" 2664
"../../../Engine/Shaders/Private/VirtualShadowMaps/VirtualShadowMapProjectionSpot.ush" 2665
"../../../Engine/Shaders/Private/VirtualShadowMaps/VirtualShadowMapTransmissionCommon.ush" 2666
"../../../Engine/Shaders/Private/VirtualShadowMaps/VirtualShadowMapScreenRayTrace.ush" 2667
"../../../Engine/Shaders/Private/VirtualShadowMaps/VirtualShadowMapStats.ush" 2668
"../../../Engine/Shaders/Private/HairStrands/HairStrandsVoxelPageCommon.ush" 2669
"../../../Engine/Shaders/Private/HairStrands/HairStrandsVoxelPageTraversal.ush" 2670
"../../../Engine/Shaders/Private/VirtualShadowMaps/VirtualShadowMapCacheGPUInvalidation.usf" 2671
"../../../Engine/Shaders/Private/VirtualShadowMaps/VirtualShadowMapCacheInvalidation.ush" 2672
"../../../Engine/Shaders/Private/ScreenSpaceDenoise/SSDDefinitions.ush" 2673
"../../../Engine/Shaders/Private/InstanceCulling/InstanceCullingLoadBalancer.ush" 2674
"../../../Engine/Shaders/Private/VirtualShadowMaps/VirtualShadowMapCacheLoadBalancer.usf" 2675
"../../../Engine/Shaders/Private/VirtualShadowMaps/VirtualShadowMapCopyStats.usf" 2676
"../../../Engine/Shaders/Private/VirtualShadowMaps/VirtualShadowMapShadowCasterBounds.usf" 2677
"../../../Engine/Shaders/Private/VirtualShadowMaps/VirtualShadowMapVisualize.ush" 2678
"../../../Engine/Shaders/Private/VirtualShadowMaps/VirtualShadowMapShadowCasterColor.usf" 2679
"../../../Engine/Shaders/Private/VirtualShadowMaps/VirtualShadowMapDebug.usf" 2680
"../../../Engine/Shaders/Private/VirtualShadowMaps/Desaturate.usf" 2681
"../../../Engine/Shaders/Private/VirtualShadowMaps/VirtualShadowMapPhysicalPageManagement.usf" 2682
"../../../Engine/Shaders/Private/ReductionCommon.ush" 2683
"../../../Engine/Shaders/Private/GPUMessaging.ush" 2684
"../../../Engine/Shaders/Private/VirtualShadowMaps/VirtualShadowMapPerPageDispatch.ush" 2685
"../../../Engine/Shaders/Private/VirtualShadowMaps/VirtualShadowMapComputeExplicitChunkDrawsViewMask.usf" 2686
"../../../Engine/Shaders/Shared/SceneCullingDefinitions.h" 2687
"../../../Engine/Shaders/Private/VirtualShadowMaps/VirtualShadowMapCompactViews.usf" 2688
"../../../Engine/Shaders/Private/VirtualShadowMaps/VirtualShadowMapBuildPerPageDrawCommands.usf" 2689
"../../../Engine/Shaders/Private/InstanceCulling/InstanceCullingCommon.ush" 2690
"../../../Engine/Shaders/Shared/InstanceCullingDefinitions.h" 2691
"../../../Engine/Shaders/Private/VirtualShadowMaps/VirtualShadowMapPrintStats.usf" 2692
"../../../Engine/Shaders/Private/VirtualShadowMaps/VirtualShadowMapPageManagement.usf" 2693
"../../../Engine/Shaders/Private/VirtualShadowMaps/VirtualShadowMapPageMarking.usf" 2694
"../../../Engine/Shaders/Private/VirtualShadowMaps/VirtualShadowMapPageMarking.ush" 2695
"../../../Engine/Shaders/Shared/SingleLayerWaterDefinitions.h" 2696
"../../../Engine/Shaders/Private/HairStrands/HairStrandsTileCommon.ush" 2697
"../../../Engine/Shaders/Private/Froxel/Froxel.ush" 2698
"../../../Engine/Shaders/Shared/FroxelDefinitions.h" 2699
"../../../Engine/Shaders/Private/VirtualShadowMaps/VirtualShadowMapThrottle.usf" 2700
"../../../Engine/Shaders/Private/VelocityUpdate.usf" 2701
"../../../Engine/Shaders/Private/VelocityCommon.ush" 2702
"../../../Engine/Shaders/Private/VelocityShader.usf" 2703
"../../../Engine/Shaders/Private/BasePassCommonFunctions.ush" 2704
"../../../Engine/Shaders/Private/VariableRateShading/VRSShadingRatePreview.usf" 2705
"../../../Engine/Shaders/Private/VariableRateShading/VRSShadingRateCommon.ush" 2706
"../../../Engine/Shaders/Private/VariableRateShading/VRSShadingRateCombine.usf" 2707
"../../../Engine/Shaders/Private/VariableRateShading/VRSShadingRateFoveated.usf" 2708
"../../../Engine/Shaders/Private/VariableRateShading/VRSShadingRateReproject.usf" 2709
"../../../Engine/Shaders/Private/VariableRateShading/VRSShadingRateCalculate.usf" 2710
"../../../Engine/Shaders/Private/TranslucencyUpsampling.usf" 2711
"../../../Engine/Shaders/Private/ComposeSeparateTranslucency.usf" 2712
"../../../Engine/Shaders/Private/SeparateTranslucency.ush" 2713
"../../../Engine/Shaders/Private/TranslucencyVolumeVisualize.usf" 2714
"../../../Engine/Shaders/Private/TranslucencyVolumeCommon.ush" 2715
"../../../Engine/Shaders/Private/TranslucentLightInjectionShaders.usf" 2716
"../../../Engine/Shaders/Private/HeterogeneousVolumes/HeterogeneousVolumesAdaptiveVolumetricShadowMapSampling.ush" 2717
"../../../Engine/Shaders/Private/HeterogeneousVolumes/HeterogeneousVolumesAdaptiveVolumetricShadowMapUtils.ush" 2718
"../../../Engine/Shaders/Private/HeterogeneousVolumes/HeterogeneousVolumesBeerShadowMapUtils.ush" 2719
"../../../Engine/Shaders/Private/TranslucentShadowDepthShaders.usf" 2720
"../../../Engine/Shaders/Private/ShadowDepthCommon.ush" 2721
"../../../Engine/Shaders/Private/RayTracing/RayTracingTest.usf" 2722
"../../../Engine/Shaders/Private/PostProcessSubsurfaceTile.usf" 2723
"../../../Engine/Shaders/Private/PostProcessSubsurfaceCommon.ush" 2724
"../../../Engine/Shaders/Private/Substrate/SubstrateVisualize.usf" 2725
"../../../Engine/Shaders/Private/Substrate/SubstrateTile.ush" 2726
"../../../Engine/Shaders/Shared/SubstrateVisualizeDefinitions.h" 2727
"../../../Engine/Shaders/Private/Substrate/SubstrateVisualizeCommon.ush" 2728
"../../../Engine/Shaders/Private/SkyLightingDiffuseShared.ush" 2729
"../../../Engine/Shaders/Private/SkyLightingShared.ush" 2730
"../../../Engine/Shaders/Private/ClearCoatCommon.ush" 2731
"../../../Engine/Shaders/Private/ReflectionEnvironmentComposite.ush" 2732
"../../../Engine/Shaders/Private/Substrate/SubstrateLightingCommon.ush" 2733
"../../../Engine/Shaders/Private/Substrate/SubstrateRoughRefraction.usf" 2734
"../../../Engine/Shaders/Private/PathTracing/Material/PathTracingFresnel.ush" 2735
"../../../Engine/Shaders/Private/PathTracing/Material/PathTracingGlossy.ush" 2736
"../../../Engine/Shaders/Private/Substrate/SubstrateMaterialSampling.usf" 2737
"../../../Engine/Shaders/Private/Substrate/SubstrateMaterialSampling.ush" 2738
"../../../Engine/Shaders/Private/Lumen/LumenPosition.ush" 2739
"../../../Engine/Shaders/Private/Substrate/SubstrateTile.usf" 2740
"../../../Engine/Shaders/Private/Substrate/SubstrateMaterialClassification.usf" 2741
"../../../Engine/Shaders/Private/Substrate/SubstrateDBuffer.usf" 2742
"../../../Engine/Shaders/Private/StochasticLighting/StochasticLightingTileClassification.usf" 2743
"../../../Engine/Shaders/Private/Lumen/LumenMaterial.ush" 2744
"../../../Engine/Shaders/Private/HairStrands/HairStrandsVisibilityUtils.ush" 2745
"../../../Engine/Shaders/Private/Lumen/LumenReflectionCommon.ush" 2746
"../../../Engine/Shaders/Private/Lumen/LumenReflectionsCombine.ush" 2747
"../../../Engine/Shaders/Private/Lumen/LumenScreenProbeTileClassication.ush" 2748
"../../../Engine/Shaders/Private/MegaLights/MegaLightsTileClassification.ush" 2749
"../../../Engine/Shaders/Private/StochasticLighting/StochasticLightingUpsample.ush" 2750
"../../../Engine/Shaders/Private/StochasticLighting/StochasticLightingCommon.ush" 2751
"../../../Engine/Shaders/Private/SplineMeshSceneTexture.usf" 2752
"../../../Engine/Shaders/Private/SparseVolumeTexture/VisualizeSparseVolumeTexture.usf" 2753
"../../../Engine/Shaders/Private/SkyAtmosphere.usf" 2754
"../../../Engine/Shaders/Private/Skinning/ResolveAttachments.usf" 2755
"../../../Engine/Shaders/Private/Nanite/NaniteSkinningUpdateViewData.usf" 2756
"../../../Engine/Shaders/Private/SceneCulling/SceneCulling.ush" 2757
"../../../Engine/Shaders/Private/Skinning/CopyPreviousTransforms.usf" 2758
"../../../Engine/Shaders/Private/Skinning/TransformProviders.usf" 2759
"../../../Engine/Shaders/Private/Skinning/SkinnedMeshDebug.usf" 2760
"../../../Engine/Shaders/Private/Skinning/AnimSequenceTransformProvider.usf" 2761
"../../../Engine/Shaders/Private/Skinning/AnimBankEval.usf" 2762
"../../../Engine/Shaders/Private/SingleLayerWaterComposite.usf" 2763
"../../../Engine/Shaders/Private/Froxel/FroxelBuild.ush" 2764
"../../../Engine/Shaders/Private/SingleLayerWaterRefractionCulling.usf" 2765
"../../../Engine/Shaders/Private/ScreenSpaceShadows.usf" 2766
"../../../Engine/Shaders/Private/bend_sss_gpu.ush" 2767
"../../../Engine/Shaders/Private/ShadowFactorsUpsampleCommon.ush" 2768
"../../../Engine/Shaders/Private/FirstPersonSelfShadow.usf" 2769
"../../../Engine/Shaders/Private/HZBTracing.ush" 2770
"../../../Engine/Shaders/Private/LateZDummyPS.usf" 2771
"../../../Engine/Shaders/Private/ShadowProjectionVertexShader.usf" 2772
"../../../Engine/Shaders/Private/ShadowProjectionPixelShader.usf" 2773
"../../../Engine/Shaders/Private/MobileLightingCommon.ush" 2774
"../../../Engine/Shaders/Private/PlanarReflectionShared.ush" 2775
"../../../Engine/Shaders/Private/MobileSSR.ush" 2776
"../../../Engine/Shaders/Private/SSRT/SSRTRayCast.ush" 2777
"../../../Engine/Shaders/Private/ShadowPercentageCloserFiltering.ush" 2778
"../../../Engine/Shaders/Private/TransmissionThickness.ush" 2779
"../../../Engine/Shaders/Private/CopyShadowMaps.usf" 2780
"../../../Engine/Shaders/Private/ShadowDepthPixelShader.usf" 2781
"../../../Engine/Shaders/Private/ShadowDepthVertexShader.usf" 2782
"../../../Engine/Shaders/Private/ShadingEnergyConservationTable.usf" 2783
"../../../Engine/Shaders/Shared/PathTracingDefinitions.h" 2784
"../../../Engine/Shaders/Private/ShadingFurnaceTest.usf" 2785
"../../../Engine/Shaders/Private/Substrate/SubstrateDeferredLighting.ush" 2786
"../../../Engine/Shaders/Private/ShaderPrintDraw.usf" 2787
"../../../Engine/Shaders/Private/ShaderPrintDrawPrimitive.usf" 2788
"../../../Engine/Shaders/Private/DefaultSSRTiles.usf" 2789
"../../../Engine/Shaders/Private/ScreenSpaceReflectionTileCommons.ush" 2790
"../../../Engine/Shaders/Private/SSRT/SSRTDiffuseIndirect.usf" 2791
"../../../Engine/Shaders/Private/SSRT/SSRTTileClassificationBuffer.ush" 2792
"../../../Engine/Shaders/Private/SSRT/SSRTReflections.usf" 2793
"../../../Engine/Shaders/Private/ScreenSpaceDenoise/SSDPublic.ush" 2794
"../../../Engine/Shaders/Private/SSRT/SSRTTileClassification.usf" 2795
"../../../Engine/Shaders/Private/SSRT/SSRTPrevFrameReduction.usf" 2796
"../../../Engine/Shaders/Private/ScreenSpaceDenoise/SSDComposeHarmonics.usf" 2797
"../../../Engine/Shaders/Private/ScreenSpaceDenoise/SSDPublicHarmonics.ush" 2798
"../../../Engine/Shaders/Private/ScreenSpaceDenoise/SSDSignalFramework.ush" 2799
"../../../Engine/Shaders/Private/ScreenSpaceDenoise/SSDCommon.ush" 2800
"../../../Engine/Shaders/Private/SphericalGaussian.ush" 2801
"../../../Engine/Shaders/Private/ScreenSpaceDenoise/SSDMetadata.ush" 2802
"../../../Engine/Shaders/Private/ScreenSpaceDenoise/SSDSignalCore.ush" 2803
"../../../Engine/Shaders/Private/ScreenSpaceDenoise/DenoisingCommon.ush" 2804
"../../../Engine/Shaders/Private/ScreenSpaceDenoise/SSDSignalArray.ush" 2805
"../../../Engine/Shaders/Private/ScreenSpaceDenoise/SSDSignalBufferEncoding.ush" 2806
"../../../Engine/Shaders/Private/ScreenSpaceDenoise/SSDPublicBufferEncoding.ush" 2807
"../../../Engine/Shaders/Private/Lumen/LumenBufferEncoding.ush" 2808
"../../../Engine/Shaders/Private/ScreenSpaceDenoise/SSDTemporalAccumulation.usf" 2809
"../../../Engine/Shaders/Private/ScreenSpaceDenoise/SSDSpatialKernel.ush" 2810
"../../../Engine/Shaders/Private/ScreenSpaceDenoise/SSDSignalAccumulatorArray.ush" 2811
"../../../Engine/Shaders/Private/ScreenSpaceDenoise/SSDSignalAccumulator.ush" 2812
"../../../Engine/Shaders/Private/ScreenSpaceDenoise/SSDSignalCompression.ush" 2813
"../../../Engine/Shaders/Private/ScreenSpaceDenoise/SSDSpatialAccumulation.usf" 2814
"../../../Engine/Shaders/Private/ScreenSpaceDenoise/SSDInjest.usf" 2815
"../../../Engine/Shaders/Private/ScreenSpaceDenoise/SSDCompressMetadata.usf" 2816
"../../../Engine/Shaders/Private/DownsampleDepthPixelShader.usf" 2817
"../../../Engine/Shaders/Private/ScreenPass.usf" 2818
"../../../Engine/Shaders/Private/HZB.usf" 2819
"../../../Engine/Shaders/Private/OcclusionFeedbackShaders.usf" 2820
"../../../Engine/Shaders/Private/HZBOcclusion.usf" 2821
"../../../Engine/Shaders/Private/OcclusionQueryPixelShader.usf" 2822
"../../../Engine/Shaders/Private/OcclusionQueryVertexShader.usf" 2823
"../../../Engine/Shaders/Private/HitProxyCopy.usf" 2824
"../../../Engine/Shaders/Private/HitProxyPixelShader.usf" 2825
"../../../Engine/Shaders/Private/HitProxyVertexShader.usf" 2826
"../../../Engine/Shaders/Private/SceneCulling/SceneCullingDebugRender.usf" 2827
"../../../Engine/Shaders/Private/SceneCulling/SceneCullingBuildExplicitBounds.usf" 2828
"../../../Engine/Shaders/Private/SceneCapturePixelShader.usf" 2829
"../../../Engine/Shaders/Private/RendererUtils.usf" 2830
"../../../Engine/Shaders/Private/RTWriteMaskDecode.usf" 2831
"../../../Engine/Shaders/Private/ReflectionEnvironmentShaders.usf" 2832
"../../../Engine/Shaders/Private/RectLightAtlas.usf" 2833
"../../../Engine/Shaders/Private/RayTracing/TraceRayInlineStatistics.usf" 2834
"../../../Engine/Shaders/Private/RayTracing/CompositeSkyLightPS.usf" 2835
"../../../Engine/Shaders/Private/RayTracing/GenerateSkyLightVisibilityRaysCS.usf" 2836
"../../../Engine/Shaders/Private/RayTracing/RayTracingSkyLightCommon.ush" 2837
"../../../Engine/Shaders/Private/RayTracing/SkyLightVisibilityRaysData.ush" 2838
"../../../Engine/Shaders/Private/RayTracing/RayTracingSkyLightRGS.usf" 2839
"../../../Engine/Shaders/Private/HairStrands/HairStrandsRaytracing.ush" 2840
"../../../Engine/Shaders/Private/RayTracing/RayTracingSkyLightEvaluation.ush" 2841
"../../../Engine/Shaders/Private/RayTracing/RayTracingDeferredShadingCommon.ush" 2842
"../../../Engine/Shaders/Private/RayTracing/RayTracingOcclusionRGS.usf" 2843
"../../../Engine/Shaders/Private/RayTracing/RayTracingDirectionalLight.ush" 2844
"../../../Engine/Shaders/Private/RayTracing/RayTracingRectLight.ush" 2845
"../../../Engine/Shaders/Private/RayTracing/RayTracingSphereLight.ush" 2846
"../../../Engine/Shaders/Private/RayTracing/RayTracingCapsuleLight.ush" 2847
"../../../Engine/Shaders/Private/RayTracing/RayTracingFeedback.usf" 2848
"../../../Engine/Shaders/Shared/RayTracingDebugTypes.h" 2849
"../../../Engine/Shaders/Private/RayTracing/RayTracingPrimaryRays.usf" 2850
"../../../Engine/Shaders/Private/RayTracing/RayTracingLightingCommon.ush" 2851
"../../../Engine/Shaders/Private/RayTracing/RayTracingLightCullingCommon.ush" 2852
"../../../Engine/Shaders/Private/RayTracing/RayTracingMaterialDefaultHitShaders.usf" 2853
"../../../Engine/Shaders/Private/RayTracing/RayTracingMaterialHitShaders.usf" 2854
"../../../Engine/Shaders/Private/RayTracing/RayTracingShaderUtils.ush" 2855
"../../../Engine/Shaders/Private/RayTracing/RayTracingCalcInterpolants.ush" 2856
"../../../Engine/Shaders/Private/LightmapCommon.ush" 2857
"../../../Engine/Shaders/Private/Lumen/LumenHardwareRayTracingPayloadCommon.ush" 2858
"../../../Engine/Shaders/Shared/LumenDefinitions.h" 2859
"../../../Engine/Shaders/Private/Substrate/SubstrateExport.ush" 2860
"../../../Engine/Shaders/Private/RayTracing/RayTracingLightingMS.usf" 2861
"../../../Engine/Shaders/Private/Lumen/LumenDiffuseColorBoost.ush" 2862
"../../../Engine/Shaders/Private/RayTracing/RayTracingLightFunctionCommon.ush" 2863
"../../../Engine/Shaders/Private/RayTracing/RayTracingBuildLightGrid.usf" 2864
"../../../Engine/Shaders/Private/RayTracing/RayTracingInstanceBufferUtil.usf" 2865
"../../../Engine/Shaders/Shared/NaniteRayTracingDefinitions.h" 2866
"../../../Engine/Shaders/Private/RayTracing/RayTracingDynamicMesh.usf" 2867
"../../../Engine/Shaders/Private/RayTracing/RayTracingDefaultDecalHitShader.usf" 2868
"../../../Engine/Shaders/Private/RayTracing/RayTracingDecalMaterialShader.usf" 2869
"../../../Engine/Shaders/Private/PathTracing/PathTracingShaderUtils.ush" 2870
"../../../Engine/Shaders/Private/PathTracing/PathTracingCommon.ush" 2871
"../../../Engine/Shaders/Private/PathTracing/Material/PathTracingMaterialCommon.ush" 2872
"../../../Engine/Shaders/Private/PathTracing/Utilities/PathTracingRIS.ush" 2873
"../../../Engine/Shaders/Private/RayTracing/RayTracingBuildDecalGrid.usf" 2874
"../../../Engine/Shaders/Private/RayTracing/RayTracingDebugHitStatsUtils.usf" 2875
"../../../Engine/Shaders/Private/RayTracing/RayTracingDebugInstanceOverlap.usf" 2876
"../../../Engine/Shaders/Private/RayTracing/RayTracingDebugPicking.usf" 2877
"../../../Engine/Shaders/Private/RayTracing/RayTracingDebugUtils.ush" 2878
"../../../Engine/Shaders/Private/RayTracing/RayTracingDebugTraversal.usf" 2879
"../../../Engine/Shaders/Private/RayTracing/RayTracingDeferredMaterials.ush" 2880
"../../../Engine/Shaders/Shared/ThirdParty/AMD/ags_shader_intrinsics_dx12.h" 2881
"../../../Engine/Shaders/Shared/RaytracingDebugDefinitions.h" 2882
"../../../Engine/Shaders/Private/RayTracing/RayTracingDebugHitStatsCHS.usf" 2883
"../../../Engine/Shaders/Private/RayTracing/RayTracingDebugHitStats.usf" 2884
"../../../Engine/Shaders/Private/RayTracing/RayTracingDebugMS.usf" 2885
"../../../Engine/Shaders/Private/RayTracing/RayTracingDebugCHS.usf" 2886
"../../../Engine/Shaders/Private/RayTracing/RayTracingDebug.usf" 2887
"../../../Engine/Shaders/Private/RayTracing/RayTracingBuiltInShaders.usf" 2888
"../../../Engine/Shaders/Private/RayTracing/RayTracingBarycentrics.usf" 2889
"../../../Engine/Shaders/Private/RayTracing/RayTracingAmbientOcclusionRGS.usf" 2890
"../../../Engine/Shaders/Private/VisualizeShadingModels.usf" 2891
"../../../Engine/Shaders/Private/MotionBlur/VisualizeMotionVectors.usf" 2892
"../../../Engine/Shaders/Private/Tools/ColorGradingHistogram.usf" 2893
"../../../Engine/Shaders/Private/Tools/ColorGradingVectorScope.usf" 2894
"../../../Engine/Shaders/Private/Tools/ColorGradingParade.usf" 2895
"../../../Engine/Shaders/Private/TemporalSuperResolution/TSRVisualize.usf" 2896
"../../../Engine/Shaders/Private/TemporalSuperResolution/TSRColorSpace.ush" 2897
"../../../Engine/Shaders/Private/TemporalSuperResolution/TSRCommon.ush" 2898
"../../../Engine/Shaders/Public/DualPixelVectorization.ush" 2899
"../../../Engine/Shaders/Private/TemporalSuperResolution/TSRReprojectionField.ush" 2900
"../../../Engine/Shaders/Private/TemporalSuperResolution/TSRResolveHistory.usf" 2901
"../../../Engine/Shaders/Private/TemporalSuperResolution/TSRConvolutionNetwork.ush" 2902
"../../../Engine/Shaders/Private/TemporalSuperResolution/TSRKernels.ush" 2903
"../../../Engine/Shaders/Public/LaneVectorization.ush" 2904
"../../../Engine/Shaders/Private/TemporalSuperResolution/TSRUpdateHistory.usf" 2905
"../../../Engine/Shaders/Private/TemporalSuperResolution/TSRSpatialAntiAliasing.ush" 2906
"../../../Engine/Shaders/Private/TemporalSuperResolution/TSRSpatialAntiAliasing.usf" 2907
"../../../Engine/Shaders/Private/TemporalSuperResolution/TSRRejectShading.usf" 2908
"../../../Engine/Shaders/Private/TemporalSuperResolution/TSRShadingAnalysis.ush" 2909
"../../../Engine/Shaders/Private/TemporalSuperResolution/TSRConvolutionNetworkPass.ush" 2910
"../../../Engine/Shaders/Private/TemporalSuperResolution/TSRDecimateHistory.usf" 2911
"../../../Engine/Shaders/Private/TemporalSuperResolution/TSRDepthVelocityAnalysis.ush" 2912
"../../../Engine/Shaders/Private/TemporalSuperResolution/TSRClosestOccluder.ush" 2913
"../../../Engine/Shaders/Private/TemporalSuperResolution/TSRWeightRelaxation.usf" 2914
"../../../Engine/Shaders/Private/TemporalSuperResolution/TSRThinGeometryCommon.ush" 2915
"../../../Engine/Shaders/Private/TemporalSuperResolution/TSRDetectThinGeometry.usf" 2916
"../../../Engine/Shaders/Private/TemporalSuperResolution/TSRDilateVelocity.usf" 2917
"../../../Engine/Shaders/Private/MotionBlur/MotionBlurVelocityFlatten.ush" 2918
"../../../Engine/Shaders/Private/MotionBlur/MotionBlurCommon.ush" 2919
"../../../Engine/Shaders/Private/TemporalSuperResolution/TSRClearPrevTextures.usf" 2920
"../../../Engine/Shaders/Private/TemporalSuperResolution/TSRMeasureCoverage.usf" 2921
"../../../Engine/Shaders/Private/TemporalSuperResolution/TSRMeasureFlickeringLuma.usf" 2922
"../../../Engine/Shaders/Private/TemporalAA.usf" 2923
"../../../Engine/Shaders/Private/SMAA/SMAADebugVisualization.usf" 2924
"../../../Engine/Shaders/Private/SMAA/SMAACommon.ush" 2925
"../../../Engine/Shaders/Private/SMAA/SMAA.ush" 2926
"../../../Engine/Shaders/Private/SMAA/SMAANeighborhoodBlendingShader.usf" 2927
"../../../Engine/Shaders/Private/SMAA/SMAABlendingWeightCalculationShader.usf" 2928
"../../../Engine/Shaders/Private/SMAA/SMAAEdgeDetectionShader.usf" 2929
"../../../Engine/Shaders/Private/FilterPixelShader.usf" 2930
"../../../Engine/Shaders/Private/FilterVertexShader.usf" 2931
"../../../Engine/Shaders/Private/VisualizeVirtualTexture.usf" 2932
"../../../Engine/Shaders/Private/PostProcessVisualizeBuffer.usf" 2933
"../../../Engine/Shaders/Private/PostProcessVisualizeLocalExposure.usf" 2934
"../../../Engine/Shaders/Private/PostProcessHistogramCommon.ush" 2935
"../../../Engine/Shaders/Private/TonemapCommon.ush" 2936
"../../../Engine/Shaders/Private/ACES/ACESCommon.ush" 2937
"../../../Engine/Shaders/Private/ACES/ACESOutputTransform.ush" 2938
"../../../Engine/Shaders/Private/ACES/ACESUtilities.ush" 2939
"../../../Engine/Shaders/Private/ACES/ACESTonescale.ush" 2940
"../../../Engine/Shaders/Private/ACES/ACESDisplayEncoding.ush" 2941
"../../../Engine/Shaders/Private/ACES/ACES_v1.3.ush" 2942
"../../../Engine/Shaders/Private/PostProcessVisualizeLevelInstance.usf" 2943
"../../../Engine/Shaders/Private/PostProcessVisualizeHDR.usf" 2944
"../../../Engine/Shaders/Private/ShaderComplexityApplyPixelShader.usf" 2945
"../../../Engine/Shaders/Private/QuadOverdraw.ush" 2946
"../../../Engine/Shaders/Private/PostProcessUpscale.usf" 2947
"../../../Engine/Shaders/Private/PostProcessTonemap.usf" 2948
"../../../Engine/Shaders/Private/PostProcessing/FilmGrainPackConstants.usf" 2949
"../../../Engine/Shaders/Private/PostProcessing/FilmGrainReduce.usf" 2950
"../../../Engine/Shaders/Private/PostProcessTestImage.usf" 2951
"../../../Engine/Shaders/Private/PostProcessSubsurface.usf" 2952
"../../../Engine/Shaders/Private/PostProcessSubsurfaceDiffuse.ush" 2953
"../../../Engine/Shaders/Private/SeparableSSS.ush" 2954
"../../../Engine/Shaders/Private/SubsurfaceBurleyNormalized.ush" 2955
"../../../Engine/Shaders/Private/PostProcessSubsurfaceDiffuse.usf" 2956
"../../../Engine/Shaders/Private/PostProcessSelectionOutline.usf" 2957
"../../../Engine/Shaders/Private/MotionBlur/MotionBlurVisualize.usf" 2958
"../../../Engine/Shaders/Private/MotionBlur/MotionBlurApply.usf" 2959
"../../../Engine/Shaders/Private/MotionBlur/MotionBlurFilterTileClassify.usf" 2960
"../../../Engine/Shaders/Private/MotionBlur/MotionBlurTileScatter.usf" 2961
"../../../Engine/Shaders/Private/MotionBlur/MotionBlurTileGather.usf" 2962
"../../../Engine/Shaders/Private/MotionBlur/MotionBlurVelocityFlatten.usf" 2963
"../../../Engine/Shaders/Private/PostProcessMobile.usf" 2964
"../../../Engine/Shaders/Private/PostProcessMitchellNetravali.usf" 2965
"../../../Engine/Shaders/Private/PostProcessMaterialShaders.usf" 2966
"../../../Engine/Shaders/Private/NeuralPostProcessCommon.usf" 2967
"../../../Engine/Shaders/Private/PostProcessLocalExposure.usf" 2968
"../../../Engine/Shaders/Private/PostProcessLensFlares.usf" 2969
"../../../Engine/Shaders/Private/PostProcessGBufferHints.usf" 2970
"../../../Engine/Shaders/Private/PostProcessHMD.usf" 2971
"../../../Engine/Shaders/Private/Histogram.usf" 2972
"../../../Engine/Shaders/Private/PostProcessExposureMaterial.ush" 2973
"../../../Engine/Shaders/Private/PostProcessHistogramReduce.usf" 2974
"../../../Engine/Shaders/Private/PostProcessHistogram.usf" 2975
"../../../Engine/Shaders/Private/Bloom/BloomFinalizeApplyConstants.usf" 2976
"../../../Engine/Shaders/Private/Bloom/BloomCommon.ush" 2977
"../../../Engine/Shaders/Private/Bloom/BloomResizeKernel.usf" 2978
"../../../Engine/Shaders/Private/Bloom/BloomDownsampleKernel.usf" 2979
"../../../Engine/Shaders/Private/Bloom/BloomClampKernel.usf" 2980
"../../../Engine/Shaders/Private/Bloom/BloomPackKernelConstants.usf" 2981
"../../../Engine/Shaders/Private/Bloom/BloomSumScatterDispersionEnergy.usf" 2982
"../../../Engine/Shaders/Private/Bloom/BloomReduceKernelSurvey.usf" 2983
"../../../Engine/Shaders/Private/Bloom/BloomSurveyKernelCenterEnergy.usf" 2984
"../../../Engine/Shaders/Private/Bloom/BloomSurveyMaxScatterDispersion.usf" 2985
"../../../Engine/Shaders/Private/Bloom/BloomFindKernelCenter.usf" 2986
"../../../Engine/Shaders/Private/PostProcessEyeAdaptation.usf" 2987
"../../../Engine/Shaders/Private/PostProcessEyeAdaptationUtils.usf" 2988
"../../../Engine/Shaders/Private/PostProcessDownsample.usf" 2989
"../../../Engine/Shaders/Private/PostProcessDOF.usf" 2990
"../../../Engine/Shaders/Private/PostProcessDeviceEncodingOnly.usf" 2991
"../../../Engine/Shaders/Private/PostProcessCompositePrimitives.usf" 2992
"../../../Engine/Shaders/Private/PostProcessCombineLUTsInner.usf" 2993
"../../../Engine/Shaders/Private/PostProcessCombineLUTs.usf" 2994
"../../../Engine/Shaders/Private/PostProcessVisualizeDOF.usf" 2995
"../../../Engine/Shaders/Private/PostProcessBloom.usf" 2996
"../../../Engine/Shaders/Private/PostProcessAmbientOcclusion.usf" 2997
"../../../Engine/Shaders/Private/PostProcessAmbientOcclusionCommon.ush" 2998
"../../../Engine/Shaders/Private/FXAAShader.usf" 2999
"../../../Engine/Shaders/Private/Fxaa3_11.ush" 3000
"../../../Engine/Shaders/Private/PaniniProjection.usf" 3001
"../../../Engine/Shaders/Private/DiaphragmDOF/DOFRecombine.usf" 3002
"../../../Engine/Shaders/Private/DiaphragmDOF/DOFHybridScatterPixelShader.usf" 3003
"../../../Engine/Shaders/Private/DiaphragmDOF/DOFHybridScatterCommon.ush" 3004
"../../../Engine/Shaders/Private/DiaphragmDOF/DOFVignetteCommon.ush" 3005
"../../../Engine/Shaders/Private/DiaphragmDOF/DOFHybridScatterVertexShader.usf" 3006
"../../../Engine/Shaders/Private/DiaphragmDOF/DOFPostfiltering.usf" 3007
"../../../Engine/Shaders/Private/DiaphragmDOF/DOFGatherTileSuggest.ush" 3008
"../../../Engine/Shaders/Private/DiaphragmDOF/DOFCocTileCommon.ush" 3009
"../../../Engine/Shaders/Private/DiaphragmDOF/DOFGatherPass.usf" 3010
"../../../Engine/Shaders/Private/DiaphragmDOF/DOFGatherCommon.ush" 3011
"../../../Engine/Shaders/Private/DiaphragmDOF/DOFGatherAccumulator.ush" 3012
"../../../Engine/Shaders/Private/DiaphragmDOF/DOFGatherKernel.ush" 3013
"../../../Engine/Shaders/Private/DiaphragmDOF/DOFBokehLUT.usf" 3014
"../../../Engine/Shaders/Private/DiaphragmDOF/DOFHybridScatterCompilation.usf" 3015
"../../../Engine/Shaders/Private/DiaphragmDOF/DOFReduce.usf" 3016
"../../../Engine/Shaders/Private/DiaphragmDOF/DOFDownsample.ush" 3017
"../../../Engine/Shaders/Private/DiaphragmDOF/DOFHybridScatterCompilation.ush" 3018
"../../../Engine/Shaders/Private/DiaphragmDOF/DOFDownsample.usf" 3019
"../../../Engine/Shaders/Private/DiaphragmDOF/DOFCocTileDilate.usf" 3020
"../../../Engine/Shaders/Private/DiaphragmDOF/DOFCocTileFlatten.usf" 3021
"../../../Engine/Shaders/Private/DiaphragmDOF/DOFSetup.usf" 3022
"../../../Engine/Shaders/Private/Tools/DebugAlphaChannel.usf" 3023
"../../../Engine/Shaders/Private/PostProcessChannelMask.usf" 3024
"../../../Engine/Shaders/Private/PostProcessAlphaInvert.usf" 3025
"../../../Engine/Shaders/Private/PlanarReflectionShaders.usf" 3026
"../../../Engine/Shaders/Private/PhysicsFieldVisualizer.usf" 3027
"../../../Engine/Shaders/Private/PathTracing/PathTracingSpatialTemporalDenoising.usf" 3028
"../../../Engine/Shaders/Private/ColorDifference.ush" 3029
"../../../Engine/Shaders/Private/PathTracing/PathTracingCompositingPixelShader.usf" 3030
"../../../Engine/Shaders/Private/PathTracing/PathTracingAdaptiveUtils.ush" 3031
"../../../Engine/Shaders/Private/PathTracing/PathTracingDefaultHitShader.usf" 3032
"../../../Engine/Shaders/Private/PathTracing/PathTracingGPULightmassMaterialHitShader.usf" 3033
"../../../Engine/Shaders/Private/PathTracing/PathTracingMaterialHitShader.usf" 3034
"../../../Engine/Shaders/Private/PathTracing/Material/PathTracingSubstrateCommon.ush" 3035
"../../../Engine/Shaders/Private/PathTracing/PathTracingLightingMissShader.usf" 3036
"../../../Engine/Shaders/Private/PathTracing/PathTracingMissShader.usf" 3037
"../../../Engine/Shaders/Private/PathTracing/PathTracingAdaptiveStart.usf" 3038
"../../../Engine/Shaders/Private/PathTracing/PathTracingBuildAdaptiveError.usf" 3039
"../../../Engine/Shaders/Private/PathTracing/PathTracingVolumetricCloudMaterialShader.usf" 3040
"../../../Engine/Shaders/Private/PathTracing/Volume/PathTracingCloudsMaterialCommon.ush" 3041
"../../../Engine/Shaders/Private/PathTracing/Volume/PathTracingVolumeCommon.ush" 3042
"../../../Engine/Shaders/Private/PathTracing/Volume/PathTracingCloudsCommon.ush" 3043
"../../../Engine/Shaders/Private/PathTracing/Volume/PathTracingFog.ush" 3044
"../../../Engine/Shaders/Private/PathTracing/Volume/PathTracingAtmosphere.ush" 3045
"../../../Engine/Shaders/Private/PathTracing/Volume/PathTracingAtmosphereCommon.ush" 3046
"../../../Engine/Shaders/Private/PathTracing/Volume/PathTracingVolumeSampling.ush" 3047
"../../../Engine/Shaders/Private/PathTracing/PathTracingHeterogeneousVolumeMaterialShader.usf" 3048
"../../../Engine/Shaders/Private/HeterogeneousVolumes/HeterogeneousVolumesTracingUtils.ush" 3049
"../../../Engine/Shaders/Private/HeterogeneousVolumes/HeterogeneousVolumesVoxelGridTypes.ush" 3050
"../../../Engine/Shaders/Private/HeterogeneousVolumes/HeterogeneousVolumesVoxelGridUtils.ush" 3051
"../../../Engine/Shaders/Private/PathTracing/Volume/PathTracingHeterogeneousVolumesForwardDecl.ush" 3052
"../../../Engine/Shaders/Private/PathTracing/Volume/PathTracingHeterogeneousVolumesMaterialCommon.ush" 3053
"../../../Engine/Shaders/Private/PathTracing/Volume/PathTracingHeterogeneousVolumesTrackingCommon.ush" 3054
"../../../Engine/Shaders/Private/PathTracing/Volume/PathTracingHeterogeneousVolumesPreshadingCommon.ush" 3055
"../../../Engine/Shaders/Private/PathTracing/PathTracingBuildCloudAccelerationMap.usf" 3056
"../../../Engine/Shaders/Private/PathTracing/PathTracingBuildAtmosphereLUT.usf" 3057
"../../../Engine/Shaders/Private/PathTracing/PathTracingSwizzleScanlines.usf" 3058
"../../../Engine/Shaders/Private/PathTracing/PathTracingInitExtinctionCoefficient.usf" 3059
"../../../Engine/Shaders/Private/PathTracing/PathTracingCopyDepth.usf" 3060
"../../../Engine/Shaders/Private/PathTracing/PathTracingDebug.usf" 3061
"../../../Engine/Shaders/Private/RayTracing/RayTracingDecalGrid.ush" 3062
"../../../Engine/Shaders/Private/PathTracing/PathTracingDecals.ush" 3063
"../../../Engine/Shaders/Private/PathTracing/Material/PathTracingMaterialSampling.ush" 3064
"../../../Engine/Shaders/Private/PathTracing/Material/PathTracingLambert.ush" 3065
"../../../Engine/Shaders/Private/PathTracing/Material/PathTracingSubstrate.ush" 3066
"../../../Engine/Shaders/Private/PathTracing/Material/PathTracingEnergyConservation.ush" 3067
"../../../Engine/Shaders/Private/PathTracing/Material/PathTracingSubstrateFoliage.ush" 3068
"../../../Engine/Shaders/Private/PathTracing/Material/PathTracingSubstrateSolidGlass.ush" 3069
"../../../Engine/Shaders/Private/PathTracing/Material/PathTracingSubstrateThinGlass.ush" 3070
"../../../Engine/Shaders/Private/PathTracing/Material/PathTracingEye.ush" 3071
"../../../Engine/Shaders/Private/PathTracing/Material/PathTracingHair.ush" 3072
"../../../Engine/Shaders/Private/PathTracing/Material/PathTracingMedium.ush" 3073
"../../../Engine/Shaders/Private/PathTracing/Light/PathTracingLightSampling.ush" 3074
"../../../Engine/Shaders/Private/PathTracing/Light/PathTracingLightCommon.ush" 3075
"../../../Engine/Shaders/Private/PathTracing/Light/PathTracingDirectionalLight.ush" 3076
"../../../Engine/Shaders/Private/PathTracing/Light/PathTracingPointLight.ush" 3077
"../../../Engine/Shaders/Private/PathTracing/Light/PathTracingCapsuleLight.ush" 3078
"../../../Engine/Shaders/Private/PathTracing/Light/PathTracingRectLight.ush" 3079
"../../../Engine/Shaders/Private/PathTracing/Light/PathTracingSkyLight.ush" 3080
"../../../Engine/Shaders/Private/PathTracing/Light/PathTracingLightGrid.ush" 3081
"../../../Engine/Shaders/Private/PathTracing/PathTracing.usf" 3082
"../../../Engine/Shaders/Private/PathTracing/PathTracingCore.ush" 3083
"../../../Engine/Shaders/Private/PathTracing/Volume/PathTracingVolume.ush" 3084
"../../../Engine/Shaders/Private/PathTracing/Volume/PathTracingClouds.ush" 3085
"../../../Engine/Shaders/Private/PathTracing/Volume/PathTracingHeterogeneousVolumes.ush" 3086
"../../../Engine/Shaders/Private/HeterogeneousVolumes/HeterogeneousVolumesVoxelGridTraversal.ush" 3087
"../../../Engine/Shaders/Private/HeterogeneousVolumes/HeterogeneousVolumesFrustumVoxelGridUtils.ush" 3088
"../../../Engine/Shaders/Private/PathTracing/PathTracingBuildLightGrid.usf" 3089
"../../../Engine/Shaders/Private/PathTracing/PathTracingSkylightMISCompensation.usf" 3090
"../../../Engine/Shaders/Private/PathTracing/PathTracingSkylightPrepare.usf" 3091
"../../../Engine/Shaders/Private/OIT/OITSorting.usf" 3092
"../../../Engine/Shaders/Private/OITCombine.usf" 3093
"../../../Engine/Shaders/Private/OITCommon.ush" 3094
"../../../Engine/Shaders/Private/Nanite/Voxel/RasterizeBricks.usf" 3095
"../../../Engine/Shaders/Private/Nanite/Voxel/Brick.ush" 3096
"../../../Engine/Shaders/Private/Nanite/Voxel/Voxel.ush" 3097
"../../../Engine/Shaders/Private/Nanite/Voxel/ScatterBricks.usf" 3098
"../../../Engine/Shaders/Private/Nanite/Voxel/TileBricks.usf" 3099
"../../../Engine/Shaders/Private/Nanite/Voxel/AutoVoxel.usf" 3100
"../../../Engine/Shaders/Private/Nanite/NaniteDebugViews.usf" 3101
"../../../Engine/Shaders/Private/Nanite/NaniteEditorCommon.ush" 3102
"../../../Engine/Shaders/Private/BinarySearch.ush" 3103
"../../../Engine/Shaders/Private/Nanite/NaniteDepthDecode.usf" 3104
"../../../Engine/Shaders/Private/HTileEncoding.ush" 3105
"../../../Engine/Shaders/Private/Nanite/NaniteVisualize.usf" 3106
"../../../Engine/Shaders/Private/Nanite/NaniteTranslucency.usf" 3107
"../../../Engine/Shaders/Private/Nanite/NaniteStreamOut.usf" 3108
"../../../Engine/Shaders/Private/Nanite/NaniteHierarchyTraversal.ush" 3109
"../../../Engine/Shaders/Private/Nanite/NaniteShadeBinning.usf" 3110
"../../../Engine/Shaders/Private/Nanite/NaniteShadeCommon.ush" 3111
"../../../Engine/Shaders/Private/Nanite/NaniteFastClear.usf" 3112
"../../../Engine/Shaders/Private/Nanite/NaniteClusterRayTracing.usf" 3113
"../../../Engine/Shaders/Private/Nanite/NaniteClusterRayTracingStats.ush" 3114
"../../../Engine/Shaders/Private/Nanite/NaniteRayTracing.usf" 3115
"../../../Engine/Shaders/Private/Nanite/NaniteExportGBuffer.usf" 3116
"../../../Engine/Shaders/Private/Nanite/NaniteRasterizer.usf" 3117
"../../../Engine/Shaders/Private/Nanite/NaniteCurveCommon.ush" 3118
"../../../Engine/Shaders/Private/Nanite/NaniteDice.ush" 3119
"../../../Engine/Shaders/Private/ShaderBundleWorkGraphCommon.ush" 3120
"../../../Engine/Shaders/Private/Nanite/NaniteCurve.usf" 3121
"../../../Engine/Shaders/Private/Nanite/NaniteClusterCulling.usf" 3122
"../../../Engine/Shaders/Private/Nanite/NanitePrintStats.usf" 3123
"../../../Engine/Shaders/Private/Nanite/NaniteSplit.usf" 3124
"../../../Engine/Shaders/Private/Nanite/NaniteRasterBinning.usf" 3125
"../../../Engine/Shaders/Private/Nanite/NaniteInstanceCulling.usf" 3126
"../../../Engine/Shaders/Private/Nanite/NaniteInstanceHierarchyCulling.usf" 3127
"../../../Engine/Shaders/Private/WorkGroupLoadBalancer.ush" 3128
"../../../Engine/Shaders/Private/Nanite/NanitePrimitiveFilter.usf" 3129
"../../../Engine/Shaders/Private/Nanite/NaniteRasterClear.usf" 3130
"../../../Engine/Shaders/Private/Nanite/NaniteDepthExport.usf" 3131
"../../../Engine/Shaders/Private/Nanite/NaniteEmitShadow.usf" 3132
"../../../Engine/Shaders/Private/MobileDeferredUtils.usf" 3133
"../../../Engine/Shaders/Private/MobileFog.usf" 3134
"../../../Engine/Shaders/Private/DistortApplyScreenPS.usf" 3135
"../../../Engine/Shaders/Private/MobileDeferredShading.usf" 3136
"../../../Engine/Shaders/Private/MobileBasePassPixelShader.usf" 3137
"../../../Engine/Shaders/Private/MobileBasePassCommon.ush" 3138
"../../../Engine/Shaders/Private/BasePassCommon.ush" 3139
"../../../Engine/Shaders/Private/ShadingModelsMaterial.ush" 3140
"../../../Engine/Shaders/Private/ThinTranslucentCommon.ush" 3141
"../../../Engine/Shaders/Private/SingleLayerWaterShading.ush" 3142
"../../../Engine/Shaders/Private/DistortionCommon.ush" 3143
"../../../Engine/Shaders/Private/Substrate/SubstrateMobileForwardLighting.ush" 3144
"../../../Engine/Shaders/Private/MobileBasePassVertexShader.usf" 3145
"../../../Engine/Shaders/Private/MeshEdges.usf" 3146
"../../../Engine/Shaders/Private/MegaLights/MegaLightsLightComplexity.usf" 3147
"../../../Engine/Shaders/Private/MegaLights/MegaLightsSamplingDefinitionsCommon.ush" 3148
"../../../Engine/Shaders/Private/MegaLights/MegaLightsLightTargetPDF.ush" 3149
"../../../Engine/Shaders/Private/MegaLights/MegaLightsShading.ush" 3150
"../../../Engine/Shaders/Private/MegaLights/MegaLights.ush" 3151
"../../../Engine/Shaders/Shared/MegaLightsDefinitions.h" 3152
"../../../Engine/Shaders/Private/MegaLights/MegaLightsMaterial.ush" 3153
"../../../Engine/Shaders/Private/MegaLights/MegaLightsVolume.ush" 3154
"../../../Engine/Shaders/Private/MegaLights/MegaLightsVisibility.ush" 3155
"../../../Engine/Shaders/Private/MegaLights/MegaLightsDebug.usf" 3156
"../../../Engine/Shaders/Private/MegaLights/MegaLightsVisualizeHardwareRayTracing.usf" 3157
"../../../Engine/Shaders/Private/Lumen/LumenHardwareRayTracingCommon.ush" 3158
"../../../Engine/Shaders/Private/RayTracing/RayTracingReflectionEnvironment.ush" 3159
"../../../Engine/Shaders/Private/Lumen/LumenHardwareRayTracingPlatformCommon.ush" 3160
"../../../Engine/Shaders/Private/Lumen/LumenTracingCommon.ush" 3161
"../../../Engine/Shaders/Private/Lumen/SurfaceCache/LumenSurfaceCacheSampling.ush" 3162
"../../../Engine/Shaders/Private/Lumen/SurfaceCache/LumenSurfaceCache.ush" 3163
"../../../Engine/Shaders/Private/Lumen/LumenCardCommon.ush" 3164
"../../../Engine/Shaders/Private/Lumen/LumenCardTileShadowDownsampleFactor.ush" 3165
"../../../Engine/Shaders/Private/StochasticLighting/StochasticLightingVisualize.ush" 3166
"../../../Engine/Shaders/Private/MegaLights/MegaLightsVisualize.usf" 3167
"../../../Engine/Shaders/Private/MegaLights/MegaLightsDenoiser.ush" 3168
"../../../Engine/Shaders/Private/MegaLights/MegaLightsSampling.usf" 3169
"../../../Engine/Shaders/Private/MegaLights/MegaLightsRayTracing.ush" 3170
"../../../Engine/Shaders/Private/MegaLights/MegaLightsSampling.ush" 3171
"../../../Engine/Shaders/Private/MegaLights/MegaLightsEstimateLight.ush" 3172
"../../../Engine/Shaders/Private/MegaLights/MegaLightsVolumeSampling.usf" 3173
"../../../Engine/Shaders/Private/MegaLights/MegaLights.usf" 3174
"../../../Engine/Shaders/Private/HairStrands/HairStrandsDeepShadowCommon.ush" 3175
"../../../Engine/Shaders/Private/HairStrands/HairStrandsScreenTracing.ush" 3176
"../../../Engine/Shaders/Private/MegaLights/MegaLightsFilterVisibleLightHash.usf" 3177
"../../../Engine/Shaders/Private/MegaLights/MegaLightsShading.usf" 3178
"../../../Engine/Shaders/Private/MegaLights/MegaLightsVisibleLightHash.usf" 3179
"../../../Engine/Shaders/Private/MegaLights/MegaLightsVolumeShading.usf" 3180
"../../../Engine/Shaders/Private/MegaLights/MegaLightsVSMMarking.usf" 3181
"../../../Engine/Shaders/Private/MegaLights/MegaLightsVSMTracing.usf" 3182
"../../../Engine/Shaders/Private/MegaLights/MegaLightsRayTracing.usf" 3183
"../../../Engine/Shaders/Private/DistanceField/GlobalDistanceFieldUtils.ush" 3184
"../../../Engine/Shaders/Private/Lumen/LumenScreenTracing.ush" 3185
"../../../Engine/Shaders/Private/StochasticLighting/StochasticLightingRayTracing.ush" 3186
"../../../Engine/Shaders/Private/MegaLights/MegaLightsVolumeRayTracing.usf" 3187
"../../../Engine/Shaders/Private/MegaLights/MegaLightsVolumeHardwareRayTracing.usf" 3188
"../../../Engine/Shaders/Private/MegaLights/MegaLightsHardwareRayTracing.usf" 3189
"../../../Engine/Shaders/Private/MegaLights/MegaLightsLightPowerDelta.usf" 3190
"../../../Engine/Shaders/Private/MegaLights/MegaLightsDenoiserSpatial.usf" 3191
"../../../Engine/Shaders/Private/MegaLights/MegaLightsDenoiserTemporal.usf" 3192
"../../../Engine/Shaders/Private/MaterialCache/MaterialCacheABufferPages.usf" 3193
"../../../Engine/Shaders/Private/MaterialCache/MaterialCacheABufferBorderFillHardwarePages.usf" 3194
"../../../Engine/Shaders/Private/MaterialCache/MaterialCacheShade.usf" 3195
"../../../Engine/Shaders/Private/MaterialCache/MaterialCacheShadeCommon.ush" 3196
"../../../Engine/Shaders/Private/MaterialCache/MaterialCacheUnwrapNaniteShade.usf" 3197
"../../../Engine/Shaders/Private/MaterialCache/MaterialCacheUnwrapPixelShader.usf" 3198
"../../../Engine/Shaders/Private/MaterialCache/MaterialCacheUnwrapVertexShader.usf" 3199
"../../../Engine/Shaders/Private/Lumen/LumenVisualizeRadianceCache.usf" 3200
"../../../Engine/Shaders/Private/Lumen/LumenIrradianceFieldInterpolation.ush" 3201
"../../../Engine/Shaders/Private/Lumen/LumenVisualizeHardwareRayTracing.usf" 3202
"../../../Engine/Shaders/Private/Lumen/LumenVisualize.ush" 3203
"../../../Engine/Shaders/Private/Lumen/LumenHairTracing.ush" 3204
"../../../Engine/Shaders/Private/Lumen/LumenVisualize.usf" 3205
"../../../Engine/Shaders/Private/Lumen/LumenSoftwareRayTracing.ush" 3206
"../../../Engine/Shaders/Private/DistanceField/GlobalDistanceFieldObjectGrid.ush" 3207
"../../../Engine/Shaders/Private/DistanceFieldLightingShared.ush" 3208
"../../../Engine/Shaders/Private/Lumen/LumenRadianceCacheCommon.ush" 3209
"../../../Engine/Shaders/Private/Lumen/LumenVisualizeTraces.ush" 3210
"../../../Engine/Shaders/Private/Lumen/LumenTranslucencyVolumeLighting.usf" 3211
"../../../Engine/Shaders/Private/Lumen/LumenRadianceCacheMarkCommon.ush" 3212
"../../../Engine/Shaders/Private/Lumen/LumenTranslucencyVolumeLightingShared.ush" 3213
"../../../Engine/Shaders/Private/Lumen/LumenScreenProbeCommon.ush" 3214
"../../../Engine/Shaders/Private/RayTracing/RayGenUtils.ush" 3215
"../../../Engine/Shaders/Private/Lumen/LumenRadianceCacheTracingCommon.ush" 3216
"../../../Engine/Shaders/Private/Lumen/LumenFloatQuantization.ush" 3217
"../../../Engine/Shaders/Private/Lumen/LumenTranslucencyVolumeHardwareRayTracing.usf" 3218
"../../../Engine/Shaders/Private/Lumen/LumenTranslucencyRadianceCacheMarkShaders.usf" 3219
"../../../Engine/Shaders/Private/Lumen/SurfaceCache/LumenSurfaceCache.usf" 3220
"../../../Engine/Shaders/Private/Lumen/LumenVirtualTextureCommon.ush" 3221
"../../../Engine/Shaders/Private/Lumen/LumenShortRangeAOHardwareRayTracing.usf" 3222
"../../../Engine/Shaders/Private/Lumen/LumenScreenSpaceBentNormal.ush" 3223
"../../../Engine/Shaders/Private/Lumen/LumenScreenSpaceBentNormal.usf" 3224
"../../../Engine/Shaders/Private/Lumen/LumenScreenProbeTracing.usf" 3225
"../../../Engine/Shaders/Private/Lumen/LumenScreenProbeTracingCommon.ush" 3226
"../../../Engine/Shaders/Private/Lumen/LumenScreenProbeImportanceSampling.usf" 3227
"../../../Engine/Shaders/Private/Lumen/LumenScreenProbeImportanceSamplingShared.ush" 3228
"../../../Engine/Shaders/Private/Lumen/LumenScreenProbeGatherScreenData.usf" 3229
"../../../Engine/Shaders/Private/Lumen/LumenScreenProbeGatherTemporal.ush" 3230
"../../../Engine/Shaders/Private/Lumen/LumenScreenProbeHardwareRayTracing.usf" 3231
"../../../Engine/Shaders/Private/Lumen/LumenScreenProbeDebug.usf" 3232
"../../../Engine/Shaders/Private/Lumen/LumenScreenProbeGather.usf" 3233
"../../../Engine/Shaders/Private/Lumen/LumenUpsample.ush" 3234
"../../../Engine/Shaders/Private/Lumen/LumenScreenProbeGatherTemporal.usf" 3235
"../../../Engine/Shaders/Private/Lumen/LumenScreenProbeFiltering.usf" 3236
"../../../Engine/Shaders/Private/Lumen/LumenSceneLighting.usf" 3237
"../../../Engine/Shaders/Private/Lumen/LumenCardTile.ush" 3238
"../../../Engine/Shaders/Private/Lumen/LumenSceneLighting.ush" 3239
"../../../Engine/Shaders/Private/Lumen/Radiosity/LumenRadiosity.ush" 3240
"../../../Engine/Shaders/Private/Lumen/LumenSceneLightingDebug.usf" 3241
"../../../Engine/Shaders/Private/Lumen/LumenScene.usf" 3242
"../../../Engine/Shaders/Private/Lumen/LumenSceneDirectLightingHardwareRayTracing.usf" 3243
"../../../Engine/Shaders/Private/Lumen/LumenSceneDirectLightingStochastic.ush" 3244
"../../../Engine/Shaders/Private/Lumen/LumenSceneDirectLighting.ush" 3245
"../../../Engine/Shaders/Private/Lumen/LumenSceneDebugHardwareRayTracing.usf" 3246
"../../../Engine/Shaders/Private/Lumen/LumenSceneDirectLightingStochastic.usf" 3247
"../../../Engine/Shaders/Private/Lumen/LumenSceneDirectLightingSoftwareRayTracing.usf" 3248
"../../../Engine/Shaders/Private/DistanceFieldShadowingShared.ush" 3249
"../../../Engine/Shaders/Private/Lumen/LumenSceneDirectLightingPerLightShadowCommon.ush" 3250
"../../../Engine/Shaders/Private/Lumen/LumenSceneDirectLightingShadowMask.usf" 3251
"../../../Engine/Shaders/Private/Lumen/LumenSceneDirectLighting.usf" 3252
"../../../Engine/Shaders/Private/Lumen/LumenSceneDirectLightingCulling.usf" 3253
"../../../Engine/Shaders/Private/Lumen/LumenCardComputeShader.usf" 3254
"../../../Engine/Shaders/Private/Lumen/LumenCardBasePass.ush" 3255
"../../../Engine/Shaders/Private/Lumen/LumenCardPixelShader.usf" 3256
"../../../Engine/Shaders/Private/Lumen/LumenCardVertexShader.usf" 3257
"../../../Engine/Shaders/Private/Lumen/LumenReSTIRGather.usf" 3258
"../../../Engine/Shaders/Private/Lumen/LumenReflectionTracing.usf" 3259
"../../../Engine/Shaders/Private/Lumen/LumenReflectionDenoiserSpatial.usf" 3260
"../../../Engine/Shaders/Private/Lumen/LumenReflectionDenoiserCommon.ush" 3261
"../../../Engine/Shaders/Private/Lumen/LumenCompositeBackgroundVisibility.usf" 3262
"../../../Engine/Shaders/Private/Lumen/LumenReflectionDenoiserClear.usf" 3263
"../../../Engine/Shaders/Private/Lumen/LumenReflectionDenoiserTemporal.usf" 3264
"../../../Engine/Shaders/Private/Lumen/LumenReflectionResolve.usf" 3265
"../../../Engine/Shaders/Private/Lumen/LumenReflections.usf" 3266
"../../../Engine/Shaders/Private/Lumen/RayTracedTranslucency.usf" 3267
"../../../Engine/Shaders/Private/Lumen/LumenReflectionHardwareRayTracing.usf" 3268
"../../../Engine/Shaders/Private/Lumen/Radiosity/LumenVisualizeRadiosityProbes.usf" 3269
"../../../Engine/Shaders/Private/Lumen/Radiosity/LumenRadiosity.usf" 3270
"../../../Engine/Shaders/Private/Lumen/Radiosity/LumenRadiosityHardwareRayTracing.usf" 3271
"../../../Engine/Shaders/Private/Lumen/Radiosity/LumenRadiosityCulling.usf" 3272
"../../../Engine/Shaders/Private/Lumen/LumenRadianceCacheHardwareRayTracing.usf" 3273
"../../../Engine/Shaders/Private/Lumen/LumenRadianceCache.usf" 3274
"../../../Engine/Shaders/Private/Lumen/LumenRadianceCacheUpdate.ush" 3275
"../../../Engine/Shaders/Private/Lumen/LumenRadianceCacheDebug.usf" 3276
"../../../Engine/Shaders/Private/Lumen/LumenRadianceCacheUpdate.usf" 3277
"../../../Engine/Shaders/Private/Lumen/LumenMeshSDFCulling.usf" 3278
"../../../Engine/Shaders/Private/HybridIndirectLighting.ush" 3279
"../../../Engine/Shaders/Private/MeshDistanceFieldCommon.ush" 3280
"../../../Engine/Shaders/Private/Lumen/LumenIrradianceFieldGather.usf" 3281
"../../../Engine/Shaders/Private/Lumen/LumenHardwareRayTracingMaterials.usf" 3282
"../../../Engine/Shaders/Private/LocalFogVolumes/LocalFogVolumeSplat.usf" 3283
"../../../Engine/Shaders/Private/LocalFogVolumes/LocalFogVolumeTiledCulling.usf" 3284
"../../../Engine/Shaders/Private/LightShaftShader.usf" 3285
"../../../Engine/Shaders/Private/StationaryLightOverlapShaders.usf" 3286
"../../../Engine/Shaders/Private/DeferredLightPixelShaders.usf" 3287
"../../../Engine/Shaders/Private/DeferredLightVertexShaders.usf" 3288
"../../../Engine/Shaders/Private/LightMapDensityShader.usf" 3289
"../../../Engine/Shaders/Private/LightGridInjection.usf" 3290
"../../../Engine/Shaders/Shared/LightGridDefinitions.h" 3291
"../../../Engine/Shaders/Private/LightFunctionPixelShader.usf" 3292
"../../../Engine/Shaders/Private/LightFunctionVertexShader.usf" 3293
"../../../Engine/Shaders/Private/LightFunctionAtlas/LightFunctionAtlasRender.usf" 3294
"../../../Engine/Shaders/Private/InstanceCulling/InstanceCullingOcclusionQuery.usf" 3295
"../../../Engine/Shaders/Private/InstanceCulling/InstanceCullingSetup.ush" 3296
"../../../Engine/Shaders/Private/InstanceCulling/BuildInstanceDrawCommands.usf" 3297
"../../../Engine/Shaders/Private/InstanceCulling/InstanceCompactionCommon.ush" 3298
"../../../Engine/Shaders/Private/SceneDataMobileWriter.ush" 3299
"../../../Engine/Shaders/Private/InstanceCulling/CompactVisibleInstances.usf" 3300
"../../../Engine/Shaders/Private/ReflectionEnvironmentPixelShader.usf" 3301
"../../../Engine/Shaders/Private/AmbientCubemapComposite.usf" 3302
"../../../Engine/Shaders/Private/DiffuseIndirectComposite.usf" 3303
"../../../Engine/Shaders/Private/IESAtlas.usf" 3304
"../../../Engine/Shaders/Private/HeterogeneousVolumes/HeterogeneousVolumesVisualizeCascades.usf" 3305
"../../../Engine/Shaders/Private/HeterogeneousVolumes/HeterogeneousVolumesVoxelGridShadows.usf" 3306
"../../../Engine/Shaders/Private/HeterogeneousVolumes/HeterogeneousVolumesStochasticFiltering.ush" 3307
"../../../Engine/Shaders/Private/HeterogeneousVolumes/HeterogeneousVolumesVoxelGridRenderingUtils.ush" 3308
"../../../Engine/Shaders/Private/HeterogeneousVolumes/HeterogeneousVolumesLightingUtils.ush" 3309
"../../../Engine/Shaders/Private/HeterogeneousVolumes/HeterogeneousVolumesRayMarchingUtils.ush" 3310
"../../../Engine/Shaders/Private/HeterogeneousVolumes/HeterogeneousVolumesRayMarchingTypes.ush" 3311
"../../../Engine/Shaders/Private/HeterogeneousVolumes/HeterogeneousVolumesTransmittanceVolumeUtils.ush" 3312
"../../../Engine/Shaders/Private/HeterogeneousVolumes/HeterogeneousVolumesAdaptiveVolumetricShadowMapSampler.ush" 3313
"../../../Engine/Shaders/Private/HeterogeneousVolumes/HeterogeneousVolumesVoxelGridRendering.usf" 3314
"../../../Engine/Shaders/Private/HeterogeneousVolumes/HeterogeneousVolumesVoxelGridPipeline.usf" 3315
"../../../Engine/Shaders/Private/HeterogeneousVolumes/HeterogeneousVolumesMaterialBakingPipeline.usf" 3316
"../../../Engine/Shaders/Private/HeterogeneousVolumes/HeterogeneousVolumesLiveShadingUtils.ush" 3317
"../../../Engine/Shaders/Private/HeterogeneousVolumes/HeterogeneousVolumesFrustumVoxelGrid.usf" 3318
"../../../Engine/Shaders/Private/HeterogeneousVolumes/HeterogeneousVolumesSparseVoxelPipeline.usf" 3319
"../../../Engine/Shaders/Private/HeterogeneousVolumes/HeterogeneousVolumesSparseVoxelUtils.ush" 3320
"../../../Engine/Shaders/Private/HeterogeneousVolumes/HeterogeneousVolumesSparseVoxelUniformBufferUtils.ush" 3321
"../../../Engine/Shaders/Private/HeterogeneousVolumes/HeterogeneousVolumesPreshadingPipeline.usf" 3322
"../../../Engine/Shaders/Private/HeterogeneousVolumes/HeterogeneousVolumesPreshadingUniformBufferUtils.ush" 3323
"../../../Engine/Shaders/Private/HeterogeneousVolumes/HeterogeneousVolumesPreshadingUtils.ush" 3324
"../../../Engine/Shaders/Private/HeterogeneousVolumes/HeterogeneousVolumesShadowMask.usf" 3325
"../../../Engine/Shaders/Private/HeterogeneousVolumes/HeterogeneousVolumesLiveShadingShadows.usf" 3326
"../../../Engine/Shaders/Private/HeterogeneousVolumes/HeterogeneousVolumesLiveShadingGlobalPipeline.usf" 3327
"../../../Engine/Shaders/Private/HeterogeneousVolumes/HeterogeneousVolumesLiveShadingPipeline.usf" 3328
"../../../Engine/Shaders/Private/HeterogeneousVolumes/HeterogeneousVolumesHardwareRayTracing.usf" 3329
"../../../Engine/Shaders/Private/HeterogeneousVolumes/HeterogeneousVolumesAmbientOcclusionPipeline.usf" 3330
"../../../Engine/Shaders/Private/HeterogeneousVolumes/HeterogeneousVolumesComposite.usf" 3331
"../../../Engine/Shaders/Private/HdrCustomResolveShaders.usf" 3332
"../../../Engine/Shaders/Private/HairStrands/RenderCurveRaster.usf" 3333
"../../../Engine/Shaders/Shared/RenderCurveDefinitions.h" 3334
"../../../Engine/Shaders/Private/HairStrands/HairStrandsVoxelRasterCompute.usf" 3335
"../../../Engine/Shaders/Private/HairStrands/HairStrandsHitProxy.usf" 3336
"../../../Engine/Shaders/Private/HairStrands/HairStrandsVisibilityRasterComputeNaive.usf" 3337
"../../../Engine/Shaders/Private/HairStrands/HairStrandsVisibilityRasterHW.usf" 3338
"../../../Engine/Shaders/Private/HairStrands/HairStrandsVisibilityRasterCompute.usf" 3339
"../../../Engine/Shaders/Private/HairStrands/HairStrandsVisibilityRasterClassification.usf" 3340
"../../../Engine/Shaders/Private/HairStrands/HairStrandsCoverage.usf" 3341
"../../../Engine/Shaders/Private/HairStrands/HairStrandsVisibilityDepthPS.usf" 3342
"../../../Engine/Shaders/Private/HairStrands/HairStrandsVisibilityTransmittanceDepthPS.usf" 3343
"../../../Engine/Shaders/Private/HairStrands/HairStrandsVisibilityFillOpaqueDepthPS.usf" 3344
"../../../Engine/Shaders/Private/HairStrands/HairStrandsVisibilityCompactionComputeRaster.usf" 3345
"../../../Engine/Shaders/Private/HairStrands/HairStrandsVisibilityCompaction.usf" 3346
"../../../Engine/Shaders/Private/HairStrands/HairStrandsVisibilityCopyIndirectArg.usf" 3347
"../../../Engine/Shaders/Private/HairStrands/HairStrandsVisibilityClearPS.usf" 3348
"../../../Engine/Shaders/Private/HairStrands/HairStrandsVisibilityPS.usf" 3349
"../../../Engine/Shaders/Private/HairStrands/HairStrandsVisibilityVS.usf" 3350
"../../../Engine/Shaders/Private/HairStrands/HairStrandsVelocity.usf" 3351
"../../../Engine/Shaders/Private/HairStrands/HairStrandsVisibilityComputeSampleCoverage.usf" 3352
"../../../Engine/Shaders/Private/HairStrands/HairStrandsMaterialPS.usf" 3353
"../../../Engine/Shaders/Private/HairStrands/HairStrandsMaterialCommon.ush" 3354
"../../../Engine/Shaders/Private/HairStrands/HairStrandsMaterialVS.usf" 3355
"../../../Engine/Shaders/Private/HairStrands/HairStrandsLightSample.usf" 3356
"../../../Engine/Shaders/Private/HairStrands/HairStrandsDeepShadowMask.usf" 3357
"../../../Engine/Shaders/Private/HairStrands/HairStrandsDeepTransmittanceMask.usf" 3358
"../../../Engine/Shaders/Private/HairStrands/HairStrandsVisibilityTile.usf" 3359
"../../../Engine/Shaders/Private/HairStrands/HairStrandsDeepShadowPS.usf" 3360
"../../../Engine/Shaders/Private/HairStrands/HairStrandsDeepShadowVS.usf" 3361
"../../../Engine/Shaders/Private/HairStrands/HairStrandsAABB.usf" 3362
"../../../Engine/Shaders/Private/HairStrands/HairStrandsLUT.usf" 3363
"../../../Engine/Shaders/Private/HairStrands/HairStrandsForwardRaster.usf" 3364
"../../../Engine/Shaders/Private/HairStrands/HairStrandsForwardCulling.usf" 3365
"../../../Engine/Shaders/Private/HairStrands/HairStrandsEnvironmentLighting.usf" 3366
"../../../Engine/Shaders/Private/HairStrands/HairStrandsDebugCommonStruct.ush" 3367
"../../../Engine/Shaders/Private/HairStrands/HairStrandsEnvironmentAO.usf" 3368
"../../../Engine/Shaders/Private/HairStrands/HairStrandsDeepShadowAllocation.usf" 3369
"../../../Engine/Shaders/Private/HairStrands/HairStrandsVoxelDebug.usf" 3370
"../../../Engine/Shaders/Private/HairStrands/HairStrandsComposition.usf" 3371
"../../../Engine/Shaders/Private/HairStrands/HairStrandsGBufferCommon.ush" 3372
"../../../Engine/Shaders/Private/GPUScene/GPUSceneDataManagement.usf" 3373
"../../../Engine/Shaders/Private/GPUSceneDebugRender.usf" 3374
"../../../Engine/Shaders/Private/GPUFeedbackCompaction.usf" 3375
"../../../Engine/Shaders/Private/GPUFastFourierTransform.usf" 3376
"../../../Engine/Shaders/Private/GPUFastFourierTransform2DCore.ush" 3377
"../../../Engine/Shaders/Private/GPUFastFourierTransformCore.ush" 3378
"../../../Engine/Shaders/Private/GPUBenchmark.usf" 3379
"../../../Engine/Shaders/Private/DistanceField/GlobalDistanceFieldDebug.usf" 3380
"../../../Engine/Shaders/Private/DistanceField/GlobalDistanceFieldUpdate.ush" 3381
"../../../Engine/Shaders/Private/DistanceField/GlobalDistanceFieldMip.usf" 3382
"../../../Engine/Shaders/Private/DistanceField/GlobalDistanceField.usf" 3383
"../../../Engine/Shaders/Private/DistanceField/GlobalDistanceFieldCompositeObjects.usf" 3384
"../../../Engine/Shaders/Private/DistanceField/GlobalDistanceFieldHeightfields.usf" 3385
"../../../Engine/Shaders/Private/HeightfieldLightingShared.ush" 3386
"../../../Engine/Shaders/Private/GenerateConservativeDepth.usf" 3387
"../../../Engine/Shaders/Private/FrontLayerTranslucency.usf" 3388
"../../../Engine/Shaders/Private/FogSeparateComposition.usf" 3389
"../../../Engine/Shaders/Private/FogScreenSpaceScattering.ush" 3390
"../../../Engine/Shaders/Private/FogSeparateComposition.ush" 3391
"../../../Engine/Shaders/Private/HeightFogPixelShader.usf" 3392
"../../../Engine/Shaders/Private/HeightFogVertexShader.usf" 3393
"../../../Engine/Shaders/Private/DistortFiltering.usf" 3394
"../../../Engine/Shaders/Private/DistortAccumulatePS.usf" 3395
"../../../Engine/Shaders/Private/DistortAccumulateVS.usf" 3396
"../../../Engine/Shaders/Private/DistanceFieldVisualization.usf" 3397
"../../../Engine/Shaders/Private/DistanceFieldStreaming.usf" 3398
"../../../Engine/Shaders/Private/DistanceFieldShadowing.usf" 3399
"../../../Engine/Shaders/Private/DistanceFieldScreenGridLighting.usf" 3400
"../../../Engine/Shaders/Private/DistanceFieldObjectCulling.usf" 3401
"../../../Engine/Shaders/Private/DistanceFieldLightingPost.usf" 3402
"../../../Engine/Shaders/Private/DitheredTransitionStencil.usf" 3403
"../../../Engine/Shaders/Private/CopyDepthTexture.usf" 3404
"../../../Engine/Shaders/Private/CopyDepthTextureCS.usf" 3405
"../../../Engine/Shaders/Private/DeferredDecal.usf" 3406
"../../../Engine/Shaders/Private/DecalCommon.ush" 3407
"../../../Engine/Shaders/Private/DebugViewModeVertexShader.usf" 3408
"../../../Engine/Shaders/Private/DebugViewModeCommon.ush" 3409
"../../../Engine/Shaders/Private/DebugViewModePixelShader.usf" 3410
"../../../Engine/Shaders/Private/DebugProbes.usf" 3411
"../../../Engine/Shaders/Private/MeshDecals.usf" 3412
"../../../Engine/Shaders/Private/ClusteredDeferredShadingPixelShader.usf" 3413
"../../../Engine/Shaders/Private/ClusteredDeferredShadingVertexShader.usf" 3414
"../../../Engine/Shaders/Private/CapsuleShadowShaders.usf" 3415
"../../../Engine/Shaders/Private/BasePassPixelShader.usf" 3416
"../../../Engine/Shaders/Private/FrontLayerTranslucencyShared.ush" 3417
"../../../Engine/Shaders/Private/ForwardLightingCommon.ush" 3418
"../../../Engine/Shaders/Private/Substrate/SubstrateForwardLighting.ush" 3419
"../../../Engine/Shaders/Private/ComputeShaderOutputCommon.ush" 3420
"../../../Engine/Shaders/Private/BasePassVertexShader.usf" 3421
"../../../Engine/Shaders/Private/BasePassVertexCommon.ush" 3422
"../../../Engine/Shaders/Private/SimpleElementVolumeTexturePreviewPixelShader.usf" 3423
"../../../Engine/Shaders/Private/SimpleElementTexture2DPreviewPixelShader.usf" 3424
"../../../Engine/Shaders/Private/meshpaintdilatepixelshader.usf" 3425
"../../../Engine/Shaders/Private/meshpaintdilatevertexshader.usf" 3426
"../../../Engine/Shaders/Private/MeshPaintPixelShader.usf" 3427
"../../../Engine/Shaders/Private/MeshPaintVertexShader.usf" 3428
"../../../Engine/Shaders/Private/SlateElementPixelShader.usf" 3429
"../../../Engine/Shaders/Private/SlateShaderCommon.ush" 3430
"../../../Engine/Shaders/Private/SlateMaskingShader.usf" 3431
"../../../Engine/Shaders/Private/SlateVertexShader.usf" 3432
"../../../Engine/Shaders/Private/CompositeUIPixelShader.usf" 3433
"../../../Engine/Shaders/Private/ColorDeficiency.ush" 3434
"../../../Engine/Shaders/Private/SlatePostProcessColorDeficiencyPixelShader.usf" 3435
"../../../Engine/Shaders/Private/SlatePostProcessPixelShader.usf" 3436
"../../../Engine/Shaders/Private/Tools/VisualizeTexture.usf" 3437
"../../../Engine/Shaders/Private/UpdateDescriptorHandle.usf" 3438
"../../../Engine/Shaders/Private/ByteBuffer.usf" 3439
"../../../Engine/Shaders/Private/ShaderBundleWorkGraphDispatch.usf" 3440
"../../../Engine/Shaders/Private/ShaderBundleDispatch.usf" 3441
"../../../Engine/Shaders/Private/ResolveVertexShader.usf" 3442
"../../../Engine/Shaders/Private/ResolvePixelShader.usf" 3443
"../../../Engine/Shaders/Private/Tools/SetupIndirectArgs.usf" 3444
"../../../Engine/Shaders/Private/ClearReplacementShaders.usf" 3445
"../../../Engine/Shaders/Private/Tools/DrawTexture.usf" 3446
"../../../Engine/Shaders/Private/RayTracing/RayTracingValidation.usf" 3447
"../../../Engine/Shaders/Private/RenderGraphUtilities.usf" 3448
"../../../Engine/Shaders/Private/OneColorShader.usf" 3449
"../../../Engine/Shaders/Private/OculusShaders.usf" 3450
"../../../Engine/Shaders/Private/MediaShaders.usf" 3451
"../../../Engine/Shaders/Private/GPUMessaging.usf" 3452
"../../../Engine/Shaders/Private/Tools/GPUDebugCrashUtils.usf" 3453
"../../../Engine/Shaders/Private/NullPixelShader.usf" 3454
"../../../Engine/Shaders/Private/ComputeGenerateMips.usf" 3455
"../../../Engine/Shaders/Private/Tools/DumpTexture.usf" 3456
"../../../Engine/Shaders/Private/CopyTextureShaders.usf" 3457
"../../../Engine/Shaders/Private/Tools/FullscreenVertexShader.usf" 3458
"../../../Engine/Shaders/Private/RayTracing/RayTracingDispatchDesc.usf" 3459
"../../../Engine/Shaders/Private/Bink.usf" 3460
"../../../Engine/Shaders/Private/DepthOnlyPixelShader.usf" 3461
"../../../Engine/Shaders/Private/PositionOnlyDepthVertexShader.usf" 3462
"../../../Engine/Shaders/Private/DepthOnlyVertexShader.usf" 3463
"../../../Engine/Shaders/Private/AnisotropyPassShader.usf" 3464
"/Engine/EngineResources/WhiteSquareTexture" 3465
"../../../Engine/Content/EngineResources/WhiteSquareTexture.uasset" 3466
"/Engine/EngineResources/GradientTexture0" 3467
"../../../Engine/Content/EngineResources/GradientTexture0.uasset" 3468
"/Engine/EngineResources/Black" 3469
"../../../Engine/Content/EngineResources/Black.uasset" 3470
"/Engine/EditorResources/S_Actor" 3471
"../../../Engine/Content/EditorResources/S_Actor.uasset" 3472
"/Engine/EngineFonts/RobotoDistanceField" 3473
"../../../Engine/Content/EngineFonts/RobotoDistanceField.uasset" 3474
"/Engine/EngineMaterials/DefaultTextMaterialOpaque" 3475
"../../../Engine/Content/EngineMaterials/DefaultTextMaterialOpaque.uasset" 3476
"/Engine/EngineMaterials/WorldGridMaterial" 3477
"/Engine/EngineMaterials/DefaultDeferredDecalMaterial" 3478
"/Engine/EngineMaterials/DefaultLightFunctionMaterial" 3479
"/Engine/EngineMaterials/DefaultPostProcessMaterial" 3480
"../../../Engine/Content/EngineMaterials/WorldGridMaterial.uasset" 3481
"../../../Engine/Content/Functions/Engine_MaterialFunctions01/Opacity/CameraDepthFade.uasset" 3482
"../../../Engine/Content/EngineMaterials/T_Default_Material_Grid_M.uasset" 3483
"../../../Engine/Content/EngineMaterials/T_Default_Material_Grid_N.uasset" 3484
"../../../Engine/Content/EngineMaterials/DefaultDeferredDecalMaterial.uasset" 3485
"../../../Engine/Content/EngineMaterials/DefaultDiffuse.uasset" 3486
"../../../Engine/Content/EngineMaterials/DefaultLightFunctionMaterial.uasset" 3487
"../../../Engine/Content/EngineMaterials/DefaultPostProcessMaterial.uasset" 3488
"../../../Engine/Content/Functions/Engine_MaterialFunctions02/Utility/BreakOutFloat2Components.uasset" 3489
"/Engine/EditorResources/S_Trigger" 3490
"../../../Engine/Content/EditorResources/S_Trigger.uasset" 3491
"/Engine/EditorResources/S_BoxReflectionCapture" 3492
"../../../Engine/Content/EditorResources/S_BoxReflectionCapture.uasset" 3493
"/Engine/EngineResources/DefaultTexture" 3494
"../../../Engine/Content/EngineResources/DefaultTexture.uasset" 3495
"/Engine/EditorResources/S_TriggerBox" 3496
"../../../Engine/Content/EditorResources/S_TriggerBox.uasset" 3497
"/Engine/EditorResources/S_TriggerCapsule" 3498
"../../../Engine/Content/EditorResources/S_TriggerCapsule.uasset" 3499
"/Engine/EditorResources/S_TriggerSphere" 3500
"../../../Engine/Content/EditorResources/S_TriggerSphere.uasset" 3501
"/Engine/EngineMeshes/Sphere" 3502
"../../../Engine/Content/EngineMeshes/Sphere.uasset" 3503
"/Engine/EngineDamageTypes/DmgTypeBP_Environmental" 3504
"../../../Engine/Content/EngineDamageTypes/DmgTypeBP_Environmental.uasset" 3505
"/Engine/EngineResources/DefaultTextureCube" 3506
"../../../Engine/Content/EngineResources/DefaultTextureCube.uasset" 3507
"/Engine/EngineResources/DefaultVolumeTexture" 3508
"../../../Engine/Content/EngineResources/DefaultVolumeTexture.uasset" 3509
"../../../Engine/Content/EngineResources/DefaultVolumeTexture2D.uasset" 3510
"/Engine/EditorMaterials/WidgetVertexColorMaterial" 3511
"../../../Engine/Content/EditorMaterials/WidgetVertexColorMaterial.uasset" 3512
"/Engine/EditorResources/S_Solver" 3513
"../../../Engine/Content/EditorResources/S_Solver.uasset" 3514
"/Engine/EngineDebugMaterials/VolumeToRender" 3515
"../../../Engine/Content/EngineDebugMaterials/VolumeToRender.uasset" 3516
"/Engine/EngineDebugMaterials/M_VolumeRenderSphereTracePP" 3517
"../../../Engine/Content/EngineDebugMaterials/M_VolumeRenderSphereTracePP.uasset" 3518
"../../../Engine/Content/Functions/Engine_MaterialFunctions02/Utility/CameraDirectionVector.uasset" 3519
"/Engine/EditorMeshes/Camera/SM_CraneRig_Base" 3520
"../../../Engine/Content/EditorMeshes/Camera/SM_CraneRig_Base.uasset" 3521
"../../../Engine/Content/EditorMaterials/Camera/MI_CineMat_Rig.uasset" 3522
"../../../Engine/Content/EditorMaterials/Camera/CineMat.uasset" 3523
"/Engine/EditorMeshes/Camera/SM_CraneRig_Arm" 3524
"../../../Engine/Content/EditorMeshes/Camera/SM_CraneRig_Arm.uasset" 3525
"/Engine/EditorMeshes/Camera/SM_CraneRig_Mount" 3526
"../../../Engine/Content/EditorMeshes/Camera/SM_CraneRig_Mount.uasset" 3527
"/Engine/EditorMeshes/Camera/SM_CraneRig_Body" 3528
"../../../Engine/Content/EditorMeshes/Camera/SM_CraneRig_Body.uasset" 3529
"/Engine/EditorMeshes/Camera/SM_RailRig_Track" 3530
"../../../Engine/Content/EditorMeshes/Camera/SM_RailRig_Track.uasset" 3531
"/Engine/EditorMeshes/Camera/SM_RailRig_Mount" 3532
"../../../Engine/Content/EditorMeshes/Camera/SM_RailRig_Mount.uasset" 3533
"/Engine/EditorLandscapeResources/SplineEditorMesh" 3534
"../../../Engine/Content/EditorLandscapeResources/SplineEditorMesh.uasset" 3535
"../../../Engine/Content/EditorLandscapeResources/SplineEditorMeshMat.uasset" 3536
"/Water/Icons/WaterBodyIslandSprite" 3537
"../../Plugins/Experimental/Water/Content/Icons/WaterBodyIslandSprite.uasset" 3538
"/Water/Icons/WaterZoneActorSprite" 3539
"../../Plugins/Experimental/Water/Content/Icons/WaterZoneActorSprite.uasset" 3540
"/HairStrands/Materials/HairDebugMaterial" 3541
"../../Plugins/Runtime/HairStrands/Content/Materials/HairDebugMaterial.uasset" 3542
"../../../Engine/Content/Functions/Engine_MaterialFunctions02/Utility/MakeFloat2.uasset" 3543
"../../../Engine/Content/Functions/Engine_MaterialFunctions02/Utility/MakeFloat3.uasset" 3544
"../../../Engine/Content/EngineMaterials/HairColorMap.uasset" 3545
"../../../Engine/Content/EngineMaterials/HairDebugColor.uasset" 3546
"../../Plugins/Runtime/HairStrands/Content/Materials/HairGroupColors.uasset" 3547
"/HairStrands/Materials/HairDefaultMaterial" 3548
"../../Plugins/Runtime/HairStrands/Content/Materials/HairDefaultMaterial.uasset" 3549
"/HairStrands/Materials/HairCardsDefaultMaterial" 3550
"../../Plugins/Runtime/HairStrands/Content/Materials/HairCardsDefaultMaterial.uasset" 3551
"/HairStrands/Materials/HairMeshesDefaultMaterial" 3552
"../../Plugins/Runtime/HairStrands/Content/Materials/HairMeshesDefaultMaterial.uasset" 3553
"/Engine/EngineMaterials/Widget3DPassThrough_Translucent" 3554
"../../../Engine/Content/EngineMaterials/Widget3DPassThrough_Translucent.uasset" 3555
"../../../Engine/Content/EngineMaterials/Widget3DPassThrough.uasset" 3556
"/Engine/EngineMaterials/Widget3DPassThrough_Translucent_OneSided" 3557
"../../../Engine/Content/EngineMaterials/Widget3DPassThrough_Translucent_OneSided.uasset" 3558
"/Engine/EngineMaterials/Widget3DPassThrough_Opaque" 3559
"../../../Engine/Content/EngineMaterials/Widget3DPassThrough_Opaque.uasset" 3560
"/Engine/EngineMaterials/Widget3DPassThrough_Opaque_OneSided" 3561
"../../../Engine/Content/EngineMaterials/Widget3DPassThrough_Opaque_OneSided.uasset" 3562
"/Engine/EngineMaterials/Widget3DPassThrough_Masked" 3563
"../../../Engine/Content/EngineMaterials/Widget3DPassThrough_Masked.uasset" 3564
"/Engine/EngineMaterials/Widget3DPassThrough_Masked_OneSided" 3565
"../../../Engine/Content/EngineMaterials/Widget3DPassThrough_Masked_OneSided.uasset" 3566
"/Engine/VREditor/ViewportInteractionAssetContainerData" 3567
"../../../Engine/Content/VREditor/ViewportInteractionAssetContainerData.uasset" 3568
"../../../Engine/Content/VREditor/SnapGrid/SnapGridMaterial.uasset" 3569
"../../../Engine/Content/VREditor/TransformGizmo/TransformGizmoMaterial_Inst.uasset" 3570
"../../../Engine/Content/VREditor/TransformGizmo/TranslucentTransformGizmoMaterial_Inst.uasset" 3571
"../../../Engine/Content/VREditor/SnapGrid/SnapGridPlaneMesh.uasset" 3572
"../../../Engine/Content/VREditor/Sounds/UI/Drop_Item_From_ContentBrowser.uasset" 3573
"../../../Engine/Content/VREditor/Sounds/UI/Gizmo_Handle_Clicked.uasset" 3574
"../../../Engine/Content/VREditor/Sounds/UI/Object_PickUp.uasset" 3575
"../../../Engine/Content/VREditor/Sounds/UI/Object_Snaps_To_Another_Actor.uasset" 3576
"../../../Engine/Content/VREditor/Sounds/UI/Object_Snaps_To_Grid.uasset" 3577
"../../../Engine/Content/VREditor/Sounds/UI/Scaling_Down.uasset" 3578
"../../../Engine/Content/VREditor/Sounds/UI/Scaling_Up.uasset" 3579
"../../../Engine/Content/VREditor/Sounds/UI/Selection_Changes.uasset" 3580
"../../../Engine/Content/VREditor/TransformGizmo/PlaneTranslationHandle.uasset" 3581
"../../../Engine/Content/VREditor/TransformGizmo/RotationHandleFull.uasset" 3582
"../../../Engine/Content/VREditor/TransformGizmo/RotationHandleIndicator.uasset" 3583
"../../../Engine/Content/VREditor/TransformGizmo/RotationHandleQuarter.uasset" 3584
"../../../Engine/Content/VREditor/TransformGizmo/StartRotationHandleIndicator.uasset" 3585
"../../../Engine/Content/VREditor/TransformGizmo/TransformGizmoFreeRotation.uasset" 3586
"../../../Engine/Content/VREditor/TransformGizmo/TranslateArrowHandle.uasset" 3587
"../../../Engine/Content/VREditor/TransformGizmo/UniformScaleHandle.uasset" 3588
"../../../Engine/Content/Functions/Engine_MaterialFunctions02/Math/Transform3x3Matrix.uasset" 3589
"../../../Engine/Content/Functions/Engine_MaterialFunctions02/SplitComponents.uasset" 3590
"../../../Engine/Content/VREditor/TransformGizmo/TransformGizmoMaterial.uasset" 3591
"../../../Engine/Content/VREditor/TransformGizmo/TranslucentTransformGizmoMaterial.uasset" 3592
"../../../Engine/Content/Functions/Engine_MaterialFunctions02/Utility/BreakOutFloat3Components.uasset" 3593
"../../../Engine/Content/VREditor/LaserPointer/VR_LaserPower_01.uasset" 3594
"/Engine/VREditor/TransformGizmo/BoundingBoxCorner" 3595
"../../../Engine/Content/VREditor/TransformGizmo/BoundingBoxCorner.uasset" 3596
"/Engine/VREditor/TransformGizmo/BoundingBoxEdge" 3597
"../../../Engine/Content/VREditor/TransformGizmo/BoundingBoxEdge.uasset" 3598
"/Engine/ArtTools/RenderToTexture/Meshes/S_1_Unit_Plane" 3599
"../../../Engine/Content/ArtTools/RenderToTexture/Meshes/S_1_Unit_Plane.uasset" 3600
"/Engine/EngineDebugMaterials/M_SimpleUnlitTranslucent" 3601
"../../../Engine/Content/EngineDebugMaterials/M_SimpleUnlitTranslucent.uasset" 3602
"/Engine/EngineFonts/Roboto" 3603
"../../../Engine/Content/EngineFonts/Roboto.uasset" 3604
"../../../Engine/Content/EngineFonts/Faces/DroidSansFallback.uasset" 3605
"../../../Engine/Content/EngineFonts/Faces/RobotoBold.uasset" 3606
"../../../Engine/Content/EngineFonts/Faces/RobotoBoldItalic.uasset" 3607
"../../../Engine/Content/EngineFonts/Faces/RobotoItalic.uasset" 3608
"../../../Engine/Content/EngineFonts/Faces/RobotoLight.uasset" 3609
"../../../Engine/Content/EngineFonts/Faces/RobotoRegular.uasset" 3610
"../../../Engine/Content/Internationalization/icudt64l/brkitr/ru.res" 3611
"../../../Engine/Content/Internationalization/icudt64l/brkitr/root.res" 3612
"../../../Engine/Content/Internationalization/icudt64l/brkitr/char.brk" 3613
"../../../Engine/Content/Internationalization/icudt64l/brkitr/word.brk" 3614
"/Engine/EditorMaterials/ParticleSystems/PSysThumbnail_NoImage" 3615
"../../../Engine/Content/EditorMaterials/ParticleSystems/PSysThumbnail_NoImage.uasset" 3616
"/Engine/EditorMaterials/ParticleSystems/PSysThumbnail_OOD" 3617
"../../../Engine/Content/EditorMaterials/ParticleSystems/PSysThumbnail_OOD.uasset" 3618
"/Engine/EngineResources/LandscapeVisibilityLayerInfo" 3619
"../../../Engine/Content/EngineResources/LandscapeVisibilityLayerInfo.uasset" 3620
"/Water/Meshes/LakeMesh" 3621
"../../Plugins/Experimental/Water/Content/Meshes/LakeMesh.uasset" 3622
"/Water/Meshes/RiverMesh" 3623
"../../Plugins/Experimental/Water/Content/Meshes/RiverMesh.uasset" 3624
"/Water/Icons/WaterBodyExclusionVolumeSprite" 3625
"../../Plugins/Experimental/Water/Content/Icons/WaterBodyExclusionVolumeSprite.uasset" 3626
"../../../Engine/Plugins/Runtime/IOSDeviceProfileSelector/Config/DeviceModelsInfo.ini" 3627
"/ACLPlugin/ACLAnimBoneCompressionSettings" 3628
"../../Plugins/Animation/ACLPlugin/Content/ACLAnimBoneCompressionSettings.uasset" 3629
"/Engine/Animation/DefaultRecorderBoneCompression" 3630
"../../../Engine/Content/Animation/DefaultRecorderBoneCompression.uasset" 3631
"/ACLPlugin/ACLAnimCurveCompressionSettings" 3632
"../../Plugins/Animation/ACLPlugin/Content/ACLAnimCurveCompressionSettings.uasset" 3633
"/Engine/Animation/DefaultVariableFrameStrippingSettings" 3634
"../../../Engine/Content/Animation/DefaultVariableFrameStrippingSettings.uasset" 3635
"/ControlRig/Controls/ControlRigXRayMaterial" 3636
"../../Plugins/Animation/ControlRig/Content/Controls/ControlRigXRayMaterial.uasset" 3637
"/ControlRig/Controls/DefaultGizmoLibraryNormalized" 3638
"../../Plugins/Animation/ControlRig/Content/Controls/DefaultGizmoLibraryNormalized.uasset" 3639
"/AudioWidgets/Resources/ScrubHandleDown_Clamped" 3640
"../../Plugins/Runtime/AudioWidgets/Content/Resources/ScrubHandleDown_Clamped.uasset" 3641
"/ControlRig/M_Manip" 3642
"../../Plugins/Animation/ControlRig/Content/M_Manip.uasset" 3643
"../../../Engine/Content/Functions/Engine_MaterialFunctions02/WorldPositionOffset/CameraOffset.uasset" 3644
"/Paper2D/MaskedUnlitSpriteMaterial" 3645
"../../Plugins/2D/Paper2D/Content/MaskedUnlitSpriteMaterial.uasset" 3646
"../../Plugins/2D/Paper2D/Content/DefaultSpriteMaterial.uasset" 3647
"../../Plugins/2D/Paper2D/Content/PlaceholderTextures/DummySpriteTexture.uasset" 3648
"/Paper2D/OpaqueUnlitSpriteMaterial" 3649
"../../Plugins/2D/Paper2D/Content/OpaqueUnlitSpriteMaterial.uasset" 3650
"/Paper2D/DefaultPaperTerrainMaterial" 3651
"../../Plugins/2D/Paper2D/Content/DefaultPaperTerrainMaterial.uasset" 3652
"../../Plugins/2D/Paper2D/Content/DummySprite.uasset" 3653
"/Engine/EditorMaterials/Dataflow/M_Dataflow_CheckerBoard" 3654
"../../../Engine/Content/EditorMaterials/Dataflow/M_Dataflow_CheckerBoard.uasset" 3655
"../../../Engine/Content/EditorMaterials/Dataflow/T_CheckerBoard.uasset" 3656
"/Engine/EditorMaterials/Dataflow/DataflowSelection" 3657
"../../../Engine/Content/EditorMaterials/Dataflow/DataflowSelection.uasset" 3658
"../../../Engine/Content/Functions/Engine_MaterialFunctions01/Gradient/LinearGradient.uasset" 3659
"../../../Engine/Content/Functions/Engine_MaterialFunctions01/ImageAdjustment/CheapContrast.uasset" 3660
"../../../Engine/Content/Functions/Engine_MaterialFunctions01/Texturing/WorldAlignedTexture.uasset" 3661
"../../../Engine/Content/Functions/Engine_MaterialFunctions02/Utility/VectorLength.uasset" 3662
"../../../Engine/Content/Functions/Engine_MaterialFunctions02/WorldPositionOffset/ObjectScale.uasset" 3663
"../../../Engine/Content/EngineMaterials/Grid.uasset" 3664
"../../../Engine/Config/BaseUnrealInsightsSettings.ini" 3665
"/PCG/ComputeSources/PCGCS_ShaderUtils" 3666
"../../Plugins/PCG/Content/ComputeSources/PCGCS_ShaderUtils.uasset" 3667
"/PCG/ComputeSources/PCGCS_ShaderUtilsInternal" 3668
"../../Plugins/PCG/Content/ComputeSources/PCGCS_ShaderUtilsInternal.uasset" 3669
"/PCG/ComputeSources/PCGCS_Quaternion" 3670
"../../Plugins/PCG/Content/ComputeSources/PCGCS_Quaternion.uasset" 3671
"/Engine/VREditor/TransformGizmo/SM_Sequencer_Node" 3672
"../../../Engine/Content/VREditor/TransformGizmo/SM_Sequencer_Node.uasset" 3673
"../../../Engine/Content/VREditor/TransformGizmo/Main.uasset" 3674
"../../../Engine/Content/VREditor/TransformGizmo/Xray.uasset" 3675
"/MediaPlate/SM_MediaPlateScreen" 3676
"../../Plugins/Media/MediaPlate/Content/SM_MediaPlateScreen.uasset" 3677
"/MeshModelingToolsetExp/Materials/PointSetOverlaidComponentMaterial" 3678
"../../Plugins/Experimental/MeshModelingToolsetExp/Content/Materials/PointSetOverlaidComponentMaterial.uasset" 3679
"../../../Engine/Content/Functions/Engine_MaterialFunctions02/Utility/FOV.uasset" 3680
"../../../Engine/Content/Functions/Engine_MaterialFunctions02/WorldPositionOffset/V2/ObjectScale.uasset" 3681
"../../../Engine/Content/Functions/Engine_MaterialFunctions03/Viewport/MF_OrthoWidth.uasset" 3682
"../../Plugins/Experimental/MeshModelingToolsetExp/Content/Materials/GetDisplacementVectorForDepthBias.uasset" 3683
"/MeshModelingToolsetExp/Materials/LineSetOverlaidComponentMaterial" 3684
"../../Plugins/Experimental/MeshModelingToolsetExp/Content/Materials/LineSetOverlaidComponentMaterial.uasset" 3685
"../../../Engine/Content/Functions/Engine_MaterialFunctions02/Math/ProjectVectorOntoPlane.uasset" 3686
"../../../Engine/Content/Functions/Engine_MaterialFunctions02/SafeNormalize.uasset" 3687
"/Landmass/Landscape/BlueprintBrushes/Materials/Internal/BrushBounds" 3688
"../../Plugins/Experimental/Landmass/Content/Landscape/BlueprintBrushes/Materials/Internal/BrushBounds.uasset" 3689
"../../../Engine/Content/EditorMaterials/TilingAAGrid.uasset" 3690
"../../../Engine/Content/EditorMaterials/TilingAALineBoxFiltered.uasset" 3691
"../../../Engine/Content/EditorMaterials/TilingAALineIntegral.uasset" 3692
"../../../Engine/Content/Functions/Engine_MaterialFunctions01/ImageAdjustment/SCurve.uasset" 3693
"../../../Engine/Content/Functions/Engine_MaterialFunctions03/Blends/Blend_Screen.uasset" 3694
"../../../Engine/Content/Functions/Engine_MaterialFunctions03/Procedurals/ComputeFilterWidth.uasset" 3695
"../../Plugins/Experimental/Landmass/Content/Landscape/BlueprintBrushes/Materials/BrushMaterials/BasicFunctions/LandmassBrush_ShapeMask.uasset" 3696
"../../Plugins/Experimental/Landmass/Content/Landscape/BlueprintBrushes/MF/Landmass_BrushTilt.uasset" 3697
"../../Plugins/Experimental/Landmass/Content/Landscape/BlueprintBrushes/MF/LandmassBrush_EdgeFalloff.uasset" 3698
"../../Plugins/Experimental/Landmass/Content/Landscape/BlueprintBrushes/MF/LandmassBrush_Noise.uasset" 3699
"../../Plugins/Experimental/Landmass/Content/Landscape/BlueprintBrushes/MF/LandmassBrush_UVs.uasset" 3700
"../../Plugins/Experimental/Landmass/Content/Landscape/BlueprintBrushes/MF/PointSampleLandscapeUVs.uasset" 3701
"../../Plugins/Experimental/Landmass/Content/Landscape/OldPrototype_BP/Mats/MF/UnpackRG8Height.uasset" 3702
"../../Plugins/Experimental/Landmass/Content/Landscape/BlueprintBrushes/MPC/MPC_Landscape.uasset" 3703
"../../../Engine/Content/ArtTools/RenderToTexture/Textures/T_EV_BlankWhite_01.uasset" 3704
"../../../Engine/Content/EngineMaterials/BlendFunc_DefBase.uasset" 3705
"../../../Engine/Content/EngineMaterials/BlendFunc_DefBlend.uasset" 3706
"../../../Engine/Content/EngineResources/Black_Low.uasset" 3707
"/Landmass/Landscape/Meshes/S_SpritePlane" 3708
"../../Plugins/Experimental/Landmass/Content/Landscape/Meshes/S_SpritePlane.uasset" 3709
"/Landmass/Landscape/BlueprintBrushes/Materials/Sprite/M_BrushSprite_01" 3710
"../../Plugins/Experimental/Landmass/Content/Landscape/BlueprintBrushes/Materials/Sprite/M_BrushSprite_01.uasset" 3711
"../../../Engine/Content/Functions/Engine_MaterialFunctions02/WorldPositionOffset/ComponentPivotLocation.uasset" 3712
"../../../Engine/Content/Functions/Engine_MaterialFunctions02/WorldPositionOffset/Sprite.uasset" 3713
"../../../Engine/Content/EditorResources/S_Terrain.uasset" 3714
"/SpeedTreeImporter/SpeedTree9/SpeedTreeMaster" 3715
"../../Plugins/Editor/SpeedTreeImporter/Content/SpeedTree9/SpeedTreeMaster.uasset" 3716
"../../../Engine/Content/Functions/Engine_MaterialFunctions02/ObjectLocalBounds.uasset" 3717
"../../../Engine/Content/Functions/Engine_MaterialFunctions02/UVs/BoundingBoxBased_0-1_UVW.uasset" 3718
"../../Plugins/Editor/SpeedTreeImporter/Content/SpeedTree9/SpeedTreeBranchMotion.uasset" 3719
"../../Plugins/Editor/SpeedTreeImporter/Content/SpeedTree9/SpeedTreeCameraFacing.uasset" 3720
"../../Plugins/Editor/SpeedTreeImporter/Content/SpeedTree9/SpeedTreeWind.uasset" 3721
"../../Plugins/Editor/SpeedTreeImporter/Content/SpeedTree9/SpeedTreeWindMotion.uasset" 3722
"../../Plugins/Editor/SpeedTreeImporter/Content/SpeedTree9/UnpackDirection.uasset" 3723
"../../Plugins/Editor/SpeedTreeImporter/Content/SpeedTree9/UnpackInteger3.uasset" 3724
"../../Plugins/Editor/SpeedTreeImporter/Content/SpeedTree9/Empty.uasset" 3725
"../../Plugins/Editor/SpeedTreeImporter/Content/SpeedTree9/EmptyNormal.uasset" 3726
"../../Plugins/Editor/SpeedTreeImporter/Content/SpeedTree9/game_wind_noise.uasset" 3727
"/SpeedTreeImporter/SpeedTree9/SpeedTreeBillboardMaster" 3728
"../../Plugins/Editor/SpeedTreeImporter/Content/SpeedTree9/SpeedTreeBillboardMaster.uasset" 3729
"../../Plugins/Editor/SpeedTreeImporter/Content/SpeedTree9/SpeedTreeBillboard.uasset" 3730
"/Engine/BasicShapes/BasicShapeMaterial" 3731
"../../../Engine/Content/BasicShapes/BasicShapeMaterial.uasset" 3732
"/Engine/EditorMaterials/Dataflow/DataflowVertexMaterial" 3733
"../../../Engine/Content/EditorMaterials/Dataflow/DataflowVertexMaterial.uasset" 3734
"/Engine/EditorMaterials/Dataflow/DataflowTwoSidedVertexMaterial" 3735
"../../../Engine/Content/EditorMaterials/Dataflow/DataflowTwoSidedVertexMaterial.uasset" 3736
"/Engine/EditorLandscapeResources/LayerVisMaterial" 3737
"../../../Engine/Content/EditorLandscapeResources/LayerVisMaterial.uasset" 3738
"../../../Engine/Content/EditorLandscapeResources/WhiteSquareTexture.uasset" 3739
"/Engine/EditorLandscapeResources/SelectBrushMaterial_Selected" 3740
"../../../Engine/Content/EditorLandscapeResources/SelectBrushMaterial_Selected.uasset" 3741
"../../../Engine/Content/EditorLandscapeResources/SelectBrushMaterial.uasset" 3742
"../../../Engine/Content/Functions/Engine_MaterialFunctions03/Math/WithinRangeFloat2.uasset" 3743
"../../../Engine/Content/EditorLandscapeResources/DefaultAlphaTexture.uasset" 3744
"/Engine/EditorLandscapeResources/SelectBrushMaterial_SelectedRegion" 3745
"../../../Engine/Content/EditorLandscapeResources/SelectBrushMaterial_SelectedRegion.uasset" 3746
"/Engine/EditorLandscapeResources/MaskBrushMaterial_MaskedRegion" 3747
"../../../Engine/Content/EditorLandscapeResources/MaskBrushMaterial_MaskedRegion.uasset" 3748
"../../../Engine/Content/EditorLandscapeResources/MaskBrushMaterial.uasset" 3749
"/Engine/EditorLandscapeResources/ColorMaskBrushMaterial_MaskedRegion" 3750
"../../../Engine/Content/EditorLandscapeResources/ColorMaskBrushMaterial_MaskedRegion.uasset" 3751
"../../../Engine/Content/EditorLandscapeResources/ColorMaskBrushMaterial.uasset" 3752
"/Engine/EditorLandscapeResources/LandscapeDirtyMaterial" 3753
"../../../Engine/Content/EditorLandscapeResources/LandscapeDirtyMaterial.uasset" 3754
"/Engine/EditorLandscapeResources/LandscapeLayerUsageMaterial" 3755
"../../../Engine/Content/EditorLandscapeResources/LandscapeLayerUsageMaterial.uasset" 3756
"../../../Engine/Content/Functions/Engine_MaterialFunctions01/Debug/DebugIntValues.uasset" 3757
"../../../Engine/Content/Functions/Engine_MaterialFunctions01/Texturing/ScaleUVsByCenter.uasset" 3758
"../../../Engine/Content/Functions/Engine_MaterialFunctions02/WorldPositionOffset/LocalPosition.uasset" 3759
"../../../Engine/Content/Functions/Engine_MaterialFunctions01/Texturing/TextureCropping.uasset" 3760
"../../../Engine/Content/Functions/Engine_MaterialFunctions02/ExampleContent/DebugNumberStrip.uasset" 3761
"C:/Users/USER/AppData/Local/UnrealEngine/Editor/UInteractiveToolsPresetCollectionAsset_DefaultCollection.json" 3762
"/Engine/EngineMaterials/NaniteHiddenSectionMaterial" 3763
"../../../Engine/Content/EngineMaterials/NaniteHiddenSectionMaterial.uasset" 3764
"/Engine/EngineMaterials/RemoveSurfaceMaterial" 3765
"../../../Engine/Content/EngineMaterials/RemoveSurfaceMaterial.uasset" 3766
"/Engine/EngineDebugMaterials/DebugMeshMaterial" 3767
"../../../Engine/Content/EngineDebugMaterials/DebugMeshMaterial.uasset" 3768
"/Engine/EngineMaterials/EmissiveMeshMaterial" 3769
"../../../Engine/Content/EngineMaterials/EmissiveMeshMaterial.uasset" 3770
"../../../Engine/Content/EngineMaterials/DefaultWhiteGrid_Low.uasset" 3771
"/Engine/EngineMaterials/M_InvalidLightmapSettings" 3772
"../../../Engine/Content/EngineMaterials/M_InvalidLightmapSettings.uasset" 3773
"../../../Engine/Content/EngineMaterials/InvalidLightmapSettings.uasset" 3774
"/Engine/EngineMaterials/GizmoMaterial" 3775
"../../../Engine/Content/EngineMaterials/GizmoMaterial.uasset" 3776
"/Engine/EngineMaterials/PhAT_JointLimitMaterial" 3777
"../../../Engine/Content/EngineMaterials/PhAT_JointLimitMaterial.uasset" 3778
"/Engine/EngineMaterials/FlattenMaterial" 3779
"../../../Engine/Content/EngineMaterials/FlattenMaterial.uasset" 3780
"../../../Engine/Content/EngineMaterials/BaseFlattenDiffuseMap.uasset" 3781
"../../../Engine/Content/EngineMaterials/BaseFlattenEmissiveMap.uasset" 3782
"../../../Engine/Content/EngineMaterials/BaseFlattenGrayscaleMap.uasset" 3783
"../../../Engine/Content/EngineMaterials/BaseFlattenLinearColor.uasset" 3784
"../../../Engine/Content/EngineMaterials/BaseFlattenNormalMap.uasset" 3785
"../../../Engine/Content/Functions/Engine_MaterialFunctions02/PivotPainter2/Black_1x1_EXR_Texture.uasset" 3786
"/Engine/EngineMaterials/FlattenMaterial_VT" 3787
"../../../Engine/Content/EngineMaterials/FlattenMaterial_VT.uasset" 3788
"../../../Engine/Content/EngineMaterials/BaseFlattenDiffuseMap_VT.uasset" 3789
"../../../Engine/Content/EngineMaterials/BaseFlattenEmissiveMap_VT.uasset" 3790
"../../../Engine/Content/EngineMaterials/BaseFlattenGrayscaleMap_VT.uasset" 3791
"../../../Engine/Content/EngineMaterials/BaseFlattenLinearColor_VT.uasset" 3792
"../../../Engine/Content/EngineMaterials/BaseFlattenNormalMap_VT.uasset" 3793
"../../../Engine/Content/EngineMaterials/Black_1x1_EXR_Texture_VT.uasset" 3794
"/Engine/EngineMaterials/FlattenMaterial_WS_Normal_VT" 3795
"../../../Engine/Content/EngineMaterials/FlattenMaterial_WS_Normal_VT.uasset" 3796
"/Engine/EngineMaterials/Good64x64TilingNoiseHighFreq" 3797
"../../../Engine/Content/EngineMaterials/Good64x64TilingNoiseHighFreq.uasset" 3798
"/Engine/EngineMaterials/DefaultBokeh" 3799
"../../../Engine/Content/EngineMaterials/DefaultBokeh.uasset" 3800
"/Engine/EngineMaterials/MiniFont" 3801
"../../../Engine/Content/EngineMaterials/MiniFont.uasset" 3802
"/Engine/EngineMaterials/WeightMapPlaceholderTexture" 3803
"../../../Engine/Content/EngineMaterials/WeightMapPlaceholderTexture.uasset" 3804
"/Engine/EngineMaterials/WeightMapArrayPlaceholderTexture" 3805
"../../../Engine/Content/EngineMaterials/WeightMapArrayPlaceholderTexture.uasset" 3806
"/Engine/EngineMaterials/DefaultWhiteGrid" 3807
"../../../Engine/Content/EngineMaterials/DefaultWhiteGrid.uasset" 3808
"/Engine/EngineMaterials/PreintegratedSkinBRDF" 3809
"../../../Engine/Content/EngineMaterials/PreintegratedSkinBRDF.uasset" 3810
"/Engine/EngineMaterials/LTC/GGX_LTCAmp" 3811
"../../../Engine/Content/EngineMaterials/LTC/GGX_LTCAmp.uasset" 3812
"/Engine/EngineMaterials/LTC/GGX_LTCMat" 3813
"../../../Engine/Content/EngineMaterials/LTC/GGX_LTCMat.uasset" 3814
"/Engine/EngineMaterials/LTC/Sheen_LTC" 3815
"../../../Engine/Content/EngineMaterials/LTC/Sheen_LTC.uasset" 3816
"/Engine/EngineMaterials/EnergyConservation/GGX_ReflectionEnergy" 3817
"../../../Engine/Content/EngineMaterials/EnergyConservation/GGX_ReflectionEnergy.uasset" 3818
"/Engine/EngineMaterials/EnergyConservation/GGX_MaxSpecEnergy" 3819
"../../../Engine/Content/EngineMaterials/EnergyConservation/GGX_MaxSpecEnergy.uasset" 3820
"/Engine/EngineMaterials/EnergyConservation/GGX_TransmissionEnergyArray" 3821
"../../../Engine/Content/EngineMaterials/EnergyConservation/GGX_TransmissionEnergyArray.uasset" 3822
"/Engine/EngineMaterials/EnergyConservation/Sheen_Energy" 3823
"../../../Engine/Content/EngineMaterials/EnergyConservation/Sheen_Energy.uasset" 3824
"/Engine/EngineMaterials/EnergyConservation/Diffuse_Energy" 3825
"../../../Engine/Content/EngineMaterials/EnergyConservation/Diffuse_Energy.uasset" 3826
"/Engine/EngineMaterials/DefaultPhysicalMaterial" 3827
"../../../Engine/Content/EngineMaterials/DefaultPhysicalMaterial.uasset" 3828
"/Engine/EngineMaterials/DefaultDestructiblePhysicalMaterial" 3829
"../../../Engine/Content/EngineMaterials/DefaultDestructiblePhysicalMaterial.uasset" 3830
"/Water/Materials/MPC/MPC_Water" 3831
"../../Plugins/Experimental/Water/Content/Materials/MPC/MPC_Water.uasset" 3832
"/Niagara/ParameterDefinitions/CoreParameters" 3833
"../../Plugins/FX/Niagara/Content/ParameterDefinitions/CoreParameters.uasset" 3834
"/Niagara/ParameterDefinitions/DecalRenderer" 3835
"../../Plugins/FX/Niagara/Content/ParameterDefinitions/DecalRenderer.uasset" 3836
"/Niagara/ParameterDefinitions/LightRenderer" 3837
"../../Plugins/FX/Niagara/Content/ParameterDefinitions/LightRenderer.uasset" 3838
"/Niagara/ParameterDefinitions/MeshRenderer" 3839
"../../Plugins/FX/Niagara/Content/ParameterDefinitions/MeshRenderer.uasset" 3840
"/Niagara/ParameterDefinitions/RibbonRenderer" 3841
"../../Plugins/FX/Niagara/Content/ParameterDefinitions/RibbonRenderer.uasset" 3842
"/Niagara/ParameterDefinitions/SpriteRenderer" 3843
"../../Plugins/FX/Niagara/Content/ParameterDefinitions/SpriteRenderer.uasset" 3844
"/DeformerGraph/Deformers/DG_LinearBlendSkin_Morph_Cloth" 3845
"../../Plugins/Animation/DeformerGraph/Content/Deformers/DG_LinearBlendSkin_Morph_Cloth.uasset" 3846
"../../Plugins/Animation/DeformerGraph/Content/DeformerFunctions/DG_Function_LinearBlendSkin_Morph_Cloth.uasset" 3847
"/DeformerGraph/Deformers/DG_LinearBlendSkin_Morph_Cloth_RecomputeNormals" 3848
"../../Plugins/Animation/DeformerGraph/Content/Deformers/DG_LinearBlendSkin_Morph_Cloth_RecomputeNormals.uasset" 3849
"../../Plugins/Animation/DeformerGraph/Content/DeformerFunctions/DG_Function_ComputeNormalsTangents.uasset" 3850
"../../Plugins/Animation/DeformerGraph/Content/DeformerFunctions/DG_Function_LinearBlendSkin_Morph_Cloth_PositionOnly.uasset" 3851
"/Engine/EditorResources/SequenceRecorder/Countdown" 3852
"../../../Engine/Content/EditorResources/SequenceRecorder/Countdown.uasset" 3853
"/Engine/EditorResources/SequenceRecorder/RecordingIndicator" 3854
"../../../Engine/Content/EditorResources/SequenceRecorder/RecordingIndicator.uasset" 3855
"/Engine/EditorMaterials/PhAT_UnselectedMaterial" 3856
"../../../Engine/Content/EditorMaterials/PhAT_UnselectedMaterial.uasset" 3857
"/Engine/EditorMaterials/PhAT_NoCollisionMaterial" 3858
"../../../Engine/Content/EditorMaterials/PhAT_NoCollisionMaterial.uasset" 3859
"/Water/Curves/FloatCurve" 3860
"../../Plugins/Experimental/Water/Content/Curves/FloatCurve.uasset" 3861
"/Water/Curves/FloatCurve_WaterBodyIsland" 3862
"../../Plugins/Experimental/Water/Content/Curves/FloatCurve_WaterBodyIsland.uasset" 3863
"/Water/Waves/GerstnerWaves_Lake" 3864
"../../Plugins/Experimental/Water/Content/Waves/GerstnerWaves_Lake.uasset" 3865
"/Water/Waves/GerstnerWaves_Ocean" 3866
"../../Plugins/Experimental/Water/Content/Waves/GerstnerWaves_Ocean.uasset" 3867
"/Water/Icons/WaterSprite" 3868
"../../Plugins/Experimental/Water/Content/Icons/WaterSprite.uasset" 3869
"/Water/Icons/WaterErrorSprite" 3870
"../../Plugins/Experimental/Water/Content/Icons/WaterErrorSprite.uasset" 3871
"/Water/Icons/WaterLandscapeBrushSprite" 3872
"../../Plugins/Experimental/Water/Content/Icons/WaterLandscapeBrushSprite.uasset" 3873
"/Engine/BasicShapes/Cube" 3874
"../../../Engine/Content/BasicShapes/Cube.uasset" 3875
"/Engine/BasicShapes/Sphere" 3876
"../../../Engine/Content/BasicShapes/Sphere.uasset" 3877
"../../../Engine/Content/EngineMaterials/DefaultMaterial.uasset" 3878
"/Engine/BasicShapes/Cylinder" 3879
"../../../Engine/Content/BasicShapes/Cylinder.uasset" 3880
"/Engine/BasicShapes/Cone" 3881
"../../../Engine/Content/BasicShapes/Cone.uasset" 3882
"/Engine/BasicShapes/Plane" 3883
"../../../Engine/Content/BasicShapes/Plane.uasset" 3884
"../../../Engine/Plugins/FX/Niagara/Shaders/Private/NiagaraDataInterfaceTexture2DArrayTemplate.ush" 3885
"../../../Engine/Plugins/FX/Niagara/Shaders/Private/NiagaraDataInterfaceActorComponentTemplate.ush" 3886
"../../../Engine/Plugins/FX/Niagara/Shaders/Private/NiagaraDataInterfaceArrayTemplate.ush" 3887
"../../../Engine/Plugins/FX/Niagara/Shaders/Private/NiagaraDataInterfaceArrayRWTemplate.ush" 3888
"../../../Engine/Plugins/FX/Niagara/Shaders/Private/NiagaraDataInterfaceArrayDistributionIntTemplate.ush" 3889
"../../../Engine/Plugins/FX/Niagara/Shaders/Private/NiagaraDataInterfaceAsyncGpuTrace.ush" 3890
"../../../Engine/Shaders/Public/Platform/Metal/MetalCommon.ush" 3891
"../../../Engine/Shaders/Public/Platform/Vulkan/VulkanCommon.ush" 3892
"../../../Engine/Shaders/Public/Platform/GL/GLCommon.ush" 3893
"../../../Engine/Plugins/FX/Niagara/Shaders/Private/NiagaraDataInterfaceAsyncGpuTraceTemplate.ush" 3894
"../../../Engine/Plugins/FX/Niagara/Shaders/Private/NiagaraDataInterfaceAudioCommon.ush" 3895
"../../../Engine/Plugins/FX/Niagara/Shaders/Private/NiagaraDataInterfaceAudioOscilloscopeTemplate.ush" 3896
"../../../Engine/Plugins/FX/Niagara/Shaders/Private/NiagaraDataInterfaceAudioSpectrumTemplate.ush" 3897
"../../../Engine/Plugins/FX/Niagara/Shaders/Private/NiagaraDataInterfaceCamera.ush" 3898
"../../../Engine/Plugins/Experimental/ChaosNiagara/Shaders/NiagaraDataInterfaceChaosDestruction.ush" 3899
"../../../Engine/Plugins/FX/Niagara/Shaders/Private/NiagaraDataInterfaceCollisionQuery.ush" 3900
"../../../Engine/Shaders/Public/Platform/Vulkan/VulkanSubpassSupport.ush" 3901
"../../../Engine/Shaders/Public/Platform/GL/GLSubpassSupport.ush" 3902
"../../../Engine/Shaders/Public/Platform/Metal/MetalSubpassSupport.ush" 3903
"../../../Engine/Plugins/FX/Niagara/Shaders/Private/NiagaraDataInterfaceCollisionQueryTemplate.ush" 3904
"../../../Engine/Plugins/FX/Niagara/Shaders/Private/NiagaraDataInterfaceCurveTemplate.ush" 3905
"../../../Engine/Plugins/FX/Niagara/Shaders/Private/NiagaraDataInterfaceCubeTextureTemplate.ush" 3906
"../../../Engine/Plugins/FX/Niagara/Shaders/Private/DataChannel/NiagaraDataInterfaceDataChannelCommon.ush" 3907
"../../../Engine/Plugins/FX/Niagara/Shaders/Private/DataChannel/NiagaraDataInterfaceDataChannelTemplateCommon.ush" 3908
"../../../Engine/Plugins/FX/Niagara/Shaders/Private/DataChannel/NiagaraDataInterfaceDataChannelTemplateReadCommon.ush" 3909
"../../../Engine/Plugins/FX/Niagara/Shaders/Private/DataChannel/NiagaraDataInterfaceDataChannelTemplate_Read.ush" 3910
"../../../Engine/Plugins/FX/Niagara/Shaders/Private/DataChannel/NiagaraDataInterfaceDataChannelTemplate_Consume.ush" 3911
"../../../Engine/Plugins/FX/Niagara/Shaders/Private/DataChannel/NiagaraDataInterfaceDataChannelTemplateWriteCommon.ush" 3912
"../../../Engine/Plugins/FX/Niagara/Shaders/Private/DataChannel/NiagaraDataInterfaceDataChannelTemplate_Append.ush" 3913
"../../../Engine/Plugins/FX/Niagara/Shaders/Private/NiagaraDataInterfaceDataTableTemplate.ush" 3914
"../../../Engine/Plugins/FX/Niagara/Shaders/Private/NiagaraDataInterfaceDebugDraw.ush" 3915
"../../../Engine/Plugins/FX/Niagara/Shaders/Private/NiagaraDataInterfaceDebugDrawTemplate.ush" 3916
"../../../Engine/Plugins/FX/Niagara/Shaders/Private/NiagaraDataInterfaceDynamicMeshTemplate.ush" 3917
"../../../Engine/Plugins/FX/Niagara/Shaders/Private/NiagaraDataInterfaceEmitterPropertiesTemplate.ush" 3918
"../../../Engine/Plugins/FX/Niagara/Shaders/Private/NiagaraDataInterfaceExportTemplate.ush" 3919
"../../../Engine/Plugins/FX/Niagara/Shaders/Private/NiagaraDataInterfaceGBufferTemplate.ush" 3920
"../../../Engine/Plugins/Experimental/ChaosNiagara/Shaders/NiagaraDataInterfaceGeometryCollection.ush" 3921
"../../../Engine/Plugins/FX/Niagara/Shaders/Private/NiagaraTransformUtils.ush" 3922
"../../../Engine/Plugins/Runtime/HairStrands/Shaders/Private/NiagaraStrandsExternalForce.ush" 3923
"../../../Engine/Plugins/Runtime/HairStrands/Shaders/Private/NiagaraHookeSpringMaterial.ush" 3924
"../../../Engine/Plugins/Runtime/HairStrands/Shaders/Private/NiagaraAngularSpringMaterial.ush" 3925
"../../../Engine/Plugins/Runtime/HairStrands/Shaders/Private/NiagaraConstantVolumeMaterial.ush" 3926
"../../../Engine/Plugins/Runtime/HairStrands/Shaders/Private/NiagaraCosseratRodMaterial.ush" 3927
"../../../Engine/Plugins/Runtime/HairStrands/Shaders/Private/NiagaraStaticCollisionConstraint.ush" 3928
"../../../Engine/Plugins/Runtime/HairStrands/Shaders/Private/NiagaraDataInterfaceHairStrands.ush" 3929
"../../../Engine/Plugins/Runtime/HairStrands/Shaders/Private/NiagaraDataInterfaceHairStrandsTemplate.ush" 3930
"../../../Engine/Plugins/FX/Niagara/Shaders/Private/NiagaraDataInterfaceIntRenderTarget2D.ush" 3931
"../../../Engine/Plugins/FX/Niagara/Shaders/Private/NiagaraDataInterfaceLandscape.ush" 3932
"../../../Engine/Plugins/FX/Niagara/Shaders/Private/NiagaraDataInterfaceMemoryBufferTemplate.ush" 3933
"../../../Engine/Plugins/FX/Niagara/Shaders/Private/NiagaraDataInterfaceMeshRendererInfoTemplate.ush" 3934
"../../../Engine/Plugins/FX/Niagara/Shaders/Private/NiagaraDataInterfaceNeighborQuery.ush" 3935
"../../../Engine/Plugins/FX/Niagara/Shaders/Private/NiagaraDataInterfaceOcclusion.ush" 3936
"../../../Engine/Plugins/FX/Niagara/Shaders/Private/NiagaraDataInterfacePhysicsAsset.ush" 3937
"../../../Engine/Plugins/Experimental/ChaosNiagara/Shaders/NiagaraDataInterfacePhysicsField.ush" 3938
"../../../Engine/Plugins/FX/Niagara/Shaders/Private/NiagaraDataInterfacePlatformSetTemplate.ush" 3939
"../../../Engine/Plugins/Runtime/HairStrands/Shaders/Private/NiagaraDataInterfaceVelocityGrid.ush" 3940
"../../../Engine/Plugins/Runtime/HairStrands/Shaders/Private/NiagaraDataInterfaceVelocityGridTemplate.ush" 3941
"../../../Engine/Plugins/Runtime/HairStrands/Shaders/Private/NiagaraDataInterfacePressureGrid.ush" 3942
"../../../Engine/Plugins/Runtime/HairStrands/Shaders/Private/NiagaraDataInterfacePressureGridTemplate.ush" 3943
"../../../Engine/Plugins/FX/Niagara/Shaders/Private/NiagaraDataInterfacePropertyInterfaceTemplate.ush" 3944
"../../../Engine/Plugins/FX/Niagara/Shaders/Private/NiagaraDataInterfaceRenderTarget2DTemplate.ush" 3945
"../../../Engine/Plugins/FX/Niagara/Shaders/Private/NiagaraDataInterfaceRenderTarget2DArrayTemplate.ush" 3946
"../../../Engine/Plugins/FX/Niagara/Shaders/Private/NiagaraDataInterfaceRenderTargetCubeTemplate.ush" 3947
"../../../Engine/Plugins/FX/Niagara/Shaders/Private/NiagaraDataInterfaceRenderTargetVolumeTemplate.ush" 3948
"../../../Engine/Plugins/FX/Niagara/Shaders/Private/NiagaraDataInterfaceRigidMeshCollisionQuery.ush" 3949
"../../../Engine/Plugins/FX/Niagara/Shaders/Private/NiagaraDistanceFieldQueries.ush" 3950
"../../../Engine/Plugins/FX/Niagara/Shaders/Private/NiagaraDataInterfaceSceneCapture2DTemplate.ush" 3951
"../../../Engine/Plugins/FX/Niagara/Shaders/Private/NiagaraDataInterfaceSimCacheReaderTemplate.ush" 3952
"../../../Engine/Plugins/FX/Niagara/Shaders/Private/NiagaraDataInterfaceSimpleCounterTemplate.ush" 3953
"../../../Engine/Plugins/FX/Niagara/Shaders/Private/NiagaraDataInterfaceSkeletalMesh.ush" 3954
"../../../Engine/Plugins/FX/Niagara/Shaders/Private/NiagaraBaryCentricUtils.ush" 3955
"../../../Engine/Plugins/FX/Niagara/Shaders/Private/NiagaraDataInterfaceSkeletalMeshTemplate.ush" 3956
"../../../Engine/Plugins/FX/Niagara/Shaders/Private/NiagaraDataInterfaceSocketReaderTemplate.ush" 3957
"../../../Engine/Plugins/FX/Niagara/Shaders/Private/NiagaraDataInterfaceSparseVolumeTextureTemplate.ush" 3958
"../../../Engine/Plugins/FX/Niagara/Shaders/Private/NiagaraDataInterfaceSplineTemplate.ush" 3959
"../../../Engine/Plugins/FX/Niagara/Shaders/Private/NiagaraDataInterfaceSpriteRendererInfoTemplate.ush" 3960
"../../../Engine/Plugins/FX/Niagara/Shaders/Private/NiagaraDataInterfaceStaticMeshTemplate.ush" 3961
"../../../Engine/Plugins/FX/Niagara/Shaders/Private/NiagaraDataInterfaceStaticMeshIndirectTemplate.ush" 3962
"../../../Engine/Plugins/FX/Niagara/Shaders/Private/NiagaraSharedDataGPU_StaticMesh.ush" 3963
"../../../Engine/Plugins/FX/Niagara/Shaders/Private/NiagaraDataInterfaceTextureTemplate.ush" 3964
"../../../Engine/Plugins/FX/Niagara/Shaders/Private/NiagaraDataInterfaceVirtualTexture.ush" 3965
"../../../Engine/Plugins/FX/Niagara/Shaders/Private/NiagaraDataInterfaceVirtualTextureTemplate.ush" 3966
"../../../Engine/Plugins/FX/Niagara/Shaders/Private/NiagaraDataInterfaceVirtualTextureSampleTemplate.ush" 3967
"../../../Engine/Plugins/FX/Niagara/Shaders/Private/NiagaraDataInterfaceVolumeCache.ush" 3968
"../../../Engine/Plugins/FX/Niagara/Shaders/Private/NiagaraDataInterfaceVolumeTextureTemplate.ush" 3969
"C:/Users/USER/Documents/Unreal Projects/SoulsDistructor/Saved/Cooked/Android_ASTC/ue.projectstore" 3970
"C:/Users/USER/AppData/Local/Temp/UnrealShaderWorkingDir/40F8B13A4E97A9A056B04F89983A9D4B/3/WorkerOutputOnly.out" 3971
"C:/Users/USER/AppData/Local/Temp/UnrealShaderWorkingDir/40F8B13A4E97A9A056B04F89983A9D4B/7/WorkerOutputOnly.out" 3972
"C:/Users/USER/AppData/Local/Temp/UnrealShaderWorkingDir/40F8B13A4E97A9A056B04F89983A9D4B/2/WorkerOutputOnly.out" 3973
"C:/Users/USER/AppData/Local/Temp/UnrealShaderWorkingDir/40F8B13A4E97A9A056B04F89983A9D4B/4/WorkerOutputOnly.out" 3974
"C:/Users/USER/AppData/Local/Temp/UnrealShaderWorkingDir/40F8B13A4E97A9A056B04F89983A9D4B/5/WorkerOutputOnly.out" 3975
"C:/Users/USER/AppData/Local/Temp/UnrealShaderWorkingDir/40F8B13A4E97A9A056B04F89983A9D4B/6/WorkerOutputOnly.out" 3976
"C:/Users/USER/AppData/Local/Temp/UnrealShaderWorkingDir/40F8B13A4E97A9A056B04F89983A9D4B/8/WorkerOutputOnly.out" 3977
"C:/Users/USER/AppData/Local/Temp/UnrealShaderWorkingDir/40F8B13A4E97A9A056B04F89983A9D4B/0/WorkerOutputOnly.out" 3978
"C:/Users/USER/AppData/Local/Temp/UnrealShaderWorkingDir/40F8B13A4E97A9A056B04F89983A9D4B/1/WorkerOutputOnly.out" 3979
"C:/Users/USER/AppData/Local/UnrealEngine/Common/DerivedDataCache/Buckets/FShaderJobCacheShaders/cf/9f/fec71ec370440ce1c9f741cfdf2f50b7d9f5.udd" 3980
"../../../Engine/Content/EngineSounds/Submixes/MasterReverbEffectPreset.uasset" 3981
"../../../Engine/Content/EngineSounds/Submixes/MasterEQEffectPreset.uasset" 3982
"../../../Engine/Content/EngineSounds/Submixes/MasterEQSubmixDefault.uasset" 3983
"../../../Engine/Content/EngineSounds/Submixes/MasterSubmixDefault.uasset" 3984
"C:/Users/USER/Documents/Unreal Projects/SoulsDistructor/Content/__ExternalActors__/ThirdPerson/Lvl_ThirdPerson/D/RI/R8L7GQXCHQGMMKBPTBJTNA.uasset" 3985
"../../../Engine/Content/EngineSounds/Submixes/MasterReverbSubmixDefault.uasset" 3986
"../../../Engine/Content/MobileResources/HUD/VirtualJoystick_Background.uasset" 3987
"C:/Users/USER/Documents/Unreal Projects/SoulsDistructor/Content/Input/Touch/UI_Thumbstick.uasset" 3988
"../../../Engine/Content/MobileResources/HUD/VirtualJoystick_Thumb.uasset" 3989
"C:/Users/USER/Documents/Unreal Projects/SoulsDistructor/Content/Input/Touch/UI_TouchSimple.uasset" 3990
"C:/Users/USER/Documents/Unreal Projects/SoulsDistructor/Content/Input/IMC_MouseLook.uasset" 3991
"C:/Users/USER/Documents/Unreal Projects/SoulsDistructor/Content/ThirdPerson/Blueprints/BP_ThirdPersonPlayerController.uasset" 3992
"C:/Users/USER/Documents/Unreal Projects/SoulsDistructor/Content/Characters/Mannequins/Anims/Unarmed/Jump/MM_Land.uasset" 3993
"C:/Users/USER/Documents/Unreal Projects/SoulsDistructor/Content/Characters/Mannequins/Anims/Unarmed/Jump/MM_Jump.uasset" 3994
"C:/Users/USER/Documents/Unreal Projects/SoulsDistructor/Content/Characters/Mannequins/Anims/Unarmed/Jump/MM_Fall_Loop.uasset" 3995
"C:/Users/USER/Documents/Unreal Projects/SoulsDistructor/Content/Characters/Mannequins/Anims/Unarmed/Walk/MF_Unarmed_Walk_Right.uasset" 3996
"C:/Users/USER/Documents/Unreal Projects/SoulsDistructor/Content/Characters/Mannequins/Anims/Unarmed/Walk/MF_Unarmed_Walk_Fwd_Right.uasset" 3997
"C:/Users/USER/Documents/Unreal Projects/SoulsDistructor/Content/Characters/Mannequins/Anims/Unarmed/Walk/MF_Unarmed_Walk_Left.uasset" 3998
"/Engine/EngineSounds/Submixes/MasterReverbEffectPreset" 3999
"C:/Users/USER/Documents/Unreal Projects/SoulsDistructor/Content/Characters/Mannequins/Anims/Unarmed/Walk/MF_Unarmed_Walk_Fwd_Left.uasset" 4000
"C:/Users/USER/Documents/Unreal Projects/SoulsDistructor/Content/Characters/Mannequins/Anims/Unarmed/Walk/MF_Unarmed_Walk_Fwd.uasset" 4001
"C:/Users/USER/Documents/Unreal Projects/SoulsDistructor/Content/Characters/Mannequins/Anims/Unarmed/Walk/MF_Unarmed_Walk_Bwd_Right.uasset" 4002
"C:/Users/USER/Documents/Unreal Projects/SoulsDistructor/Content/Characters/Mannequins/Anims/Unarmed/Walk/MF_Unarmed_Walk_Bwd_Left.uasset" 4003
"C:/Users/USER/Documents/Unreal Projects/SoulsDistructor/Content/Characters/Mannequins/Anims/Unarmed/Jog/MF_Unarmed_Jog_Right.uasset" 4004
"C:/Users/USER/Documents/Unreal Projects/SoulsDistructor/Content/Characters/Mannequins/Anims/Unarmed/Jog/MF_Unarmed_Jog_Left.uasset" 4005
"C:/Users/USER/Documents/Unreal Projects/SoulsDistructor/Content/Characters/Mannequins/Anims/Unarmed/Jog/MF_Unarmed_Jog_Fwd_Right.uasset" 4006
"C:/Users/USER/Documents/Unreal Projects/SoulsDistructor/Content/Characters/Mannequins/Anims/Unarmed/Jog/MF_Unarmed_Jog_Fwd_Left.uasset" 4007
"C:/Users/USER/Documents/Unreal Projects/SoulsDistructor/Content/Characters/Mannequins/Anims/Unarmed/Jog/MF_Unarmed_Jog_Fwd.uasset" 4008
"C:/Users/USER/Documents/Unreal Projects/SoulsDistructor/Content/Characters/Mannequins/Anims/Unarmed/Jog/MF_Unarmed_Jog_Bwd_Right.uasset" 4009
"C:/Users/USER/Documents/Unreal Projects/SoulsDistructor/Content/Characters/Mannequins/Anims/Unarmed/Jog/MF_Unarmed_Jog_Bwd_Left.uasset" 4010
"C:/Users/USER/Documents/Unreal Projects/SoulsDistructor/Content/Characters/Mannequins/Anims/Unarmed/Jog/MF_Unarmed_Jog_Bwd.uasset" 4011
"/Engine/EngineSounds/Submixes/MasterEQEffectPreset" 4012
"C:/Users/USER/Documents/Unreal Projects/SoulsDistructor/Content/Characters/Mannequins/Anims/Unarmed/Walk/MF_Unarmed_Walk_Bwd.uasset" 4013
"/Engine/EngineSounds/Submixes/MasterEQSubmixDefault" 4014
"C:/Users/USER/Documents/Unreal Projects/SoulsDistructor/Content/Input/IMC_Default.uasset" 4015
"../../../Engine/Content/Animation/DefaultAnimBoneCompressionSettings.uasset" 4016
"C:/Users/USER/Documents/Unreal Projects/SoulsDistructor/Content/Characters/Mannequins/Anims/Unarmed/MM_Idle.uasset" 4017
"C:/Users/USER/Documents/Unreal Projects/SoulsDistructor/Content/Characters/Mannequins/Anims/Unarmed/BS_Idle_Walk_Run.uasset" 4018
"../../../Engine/Content/Animation/DefaultAnimCurveCompressionSettings.uasset" 4019
"C:/Users/USER/Documents/Unreal Projects/SoulsDistructor/Content/Characters/Mannequins/Rigs/CR_Mannequin_FootIK.uasset" 4020
"/Engine/MobileResources/HUD/VirtualJoystick_Background" 4021
"/Game/Input/Touch/UI_Thumbstick" 4022
"/Game/Input/Touch/UI_TouchSimple" 4023
"../../../../../../Users/USER/Documents/Unreal Projects/SoulsDistructor/Content/Input/Touch/BPI_TouchInterface.uasset" 4024
"/Game/Input/IMC_Default" 4025
"../../../../../../Users/USER/Documents/Unreal Projects/SoulsDistructor/Content/Input/Actions/IA_Jump.uasset" 4026
"../../../../../../Users/USER/Documents/Unreal Projects/SoulsDistructor/Content/Input/Actions/IA_Look.uasset" 4027
"../../../../../../Users/USER/Documents/Unreal Projects/SoulsDistructor/Content/Input/Actions/IA_Move.uasset" 4028
"/Game/ThirdPerson/Blueprints/BP_ThirdPersonPlayerController" 4029
"../../../../../../Users/USER/Documents/Unreal Projects/SoulsDistructor/Content/Input/Actions/IA_MouseLook.uasset" 4030
"/Game/__ExternalActors__/ThirdPerson/Lvl_ThirdPerson/D/RI/R8L7GQXCHQGMMKBPTBJTNA" 4031
"../../../../../../Users/USER/Documents/Unreal Projects/SoulsDistructor/Content/ThirdPerson/Lvl_ThirdPerson.umap" 4032
"../../../../../../Users/USER/Documents/Unreal Projects/SoulsDistructor/Content/ThirdPerson/Blueprints/BP_ThirdPersonGameMode.uasset" 4033
"../../../../../../Users/USER/Documents/Unreal Projects/SoulsDistructor/Content/ThirdPerson/Blueprints/BP_ThirdPersonCharacter.uasset" 4034
"../../../../../../Users/USER/Documents/Unreal Projects/SoulsDistructor/Content/Characters/Mannequins/Anims/Unarmed/ABP_Unarmed.uasset" 4035
"../../../../../../Users/USER/Documents/Unreal Projects/SoulsDistructor/Content/Characters/Mannequins/Meshes/SKM_Quinn_Simple.uasset" 4036
"../../../../../../Users/USER/Documents/Unreal Projects/SoulsDistructor/Content/Characters/Mannequins/Anims/Unarmed/MM_Idle.uasset" 4037
"../../../../../../Users/USER/Documents/Unreal Projects/SoulsDistructor/Content/Characters/Mannequins/Anims/Unarmed/BS_Idle_Walk_Run.uasset" 4038
"../../../../../../Users/USER/Documents/Unreal Projects/SoulsDistructor/Content/Characters/Mannequins/Rigs/CR_Mannequin_FootIK.uasset" 4039
"../../../../../../Users/USER/Documents/Unreal Projects/SoulsDistructor/Content/Characters/Mannequins/Meshes/SK_Mannequin.uasset" 4040
"../../../../../../Users/USER/Documents/Unreal Projects/SoulsDistructor/Content/Characters/Mannequins/Materials/Quinn/MI_Quinn_01.uasset" 4041
"../../../../../../Users/USER/Documents/Unreal Projects/SoulsDistructor/Content/Characters/Mannequins/Materials/Quinn/MI_Quinn_02.uasset" 4042
"../../../../../../Users/USER/Documents/Unreal Projects/SoulsDistructor/Content/Characters/Mannequins/Rigs/PA_Mannequin.uasset" 4043
"../../../../../../Users/USER/Documents/Unreal Projects/SoulsDistructor/Content/Characters/Mannequins/Materials/M_Mannequin.uasset" 4044
"../../../../../../Users/USER/Documents/Unreal Projects/SoulsDistructor/Content/Characters/Mannequins/Textures/Quinn/T_Quinn_01_D.uasset" 4045
"../../../../../../Users/USER/Documents/Unreal Projects/SoulsDistructor/Content/Characters/Mannequins/Textures/Quinn/T_Quinn_01_MRA.uasset" 4046
"../../../../../../Users/USER/Documents/Unreal Projects/SoulsDistructor/Content/Characters/Mannequins/Textures/Quinn/T_Quinn_01_N.uasset" 4047
"../../../../../../Users/USER/Documents/Unreal Projects/SoulsDistructor/Content/Characters/Mannequins/Textures/Quinn/T_Quinn_02_D.uasset" 4048
"../../../../../../Users/USER/Documents/Unreal Projects/SoulsDistructor/Content/Characters/Mannequins/Textures/Quinn/T_Quinn_02_MRA.uasset" 4049
"../../../../../../Users/USER/Documents/Unreal Projects/SoulsDistructor/Content/Characters/Mannequins/Textures/Quinn/T_Quinn_02_N.uasset" 4050
"../../../../../../Users/USER/Documents/Unreal Projects/SoulsDistructor/Content/Characters/Mannequins/Textures/Manny/T_Manny_01_BN.uasset" 4051
"../../../../../../Users/USER/Documents/Unreal Projects/SoulsDistructor/Content/Characters/Mannequins/Textures/Manny/T_Manny_01_D.uasset" 4052
"../../../../../../Users/USER/Documents/Unreal Projects/SoulsDistructor/Content/Characters/Mannequins/Textures/Manny/T_Manny_01_MRA.uasset" 4053
"../../../../../../Users/USER/Documents/Unreal Projects/SoulsDistructor/Content/Characters/Mannequins/Textures/Shared/T_UE_Logo_M.uasset" 4054
"../../../Engine/Plugins/Interchange/Assets/Content/gltf/MaterialFunctions/MF_RotateV2.uasset" 4055
"../../../Engine/Plugins/Interchange/Assets/Content/gltf/MaterialFunctions/MF_TransformUVs.uasset" 4056
"../../../Engine/Plugins/Interchange/Assets/Content/gltf/MaterialFunctions/MF_ScaleNormal.uasset" 4057
"../../../Engine/Plugins/Interchange/Assets/Content/gltf/MaterialFunctions/MF_Normals.uasset" 4058
"../../../Engine/Plugins/Interchange/Assets/Content/gltf/MaterialFunctions/MF_Occlusion.uasset" 4059
"../../../Engine/Plugins/Interchange/Assets/Content/Functions/MF_IridescenceNoLUT.uasset" 4060
"../../../Engine/Plugins/Interchange/Assets/Content/gltf/MaterialFunctions/MF_SpecularAnisotropy.uasset" 4061
"../../../Engine/Plugins/Interchange/Assets/Content/gltf/MaterialFunctions/MF_MetallicRoughness.uasset" 4062
"../../../Engine/Plugins/Interchange/Assets/Content/gltf/MaterialFunctions/MF_Iridescence.uasset" 4063
"../../../Engine/Plugins/Interchange/Assets/Content/gltf/MaterialFunctions/MF_Emissive.uasset" 4064
"../../../Engine/Plugins/Interchange/Assets/Content/gltf/MaterialFunctions/MF_IOR.uasset" 4065
"../../../Engine/Content/Functions/Engine_MaterialFunctions03/Math/RemapValueRange.uasset" 4066
"../../../Engine/Plugins/Interchange/Assets/Content/gltf/Textures/T_Anisotropy_Direction_Linear.uasset" 4067
"../../../Engine/Plugins/Interchange/Assets/Content/gltf/MaterialFunctions/MF_Specular.uasset" 4068
"../../../Engine/Plugins/Interchange/Assets/Content/gltf/MaterialFunctions/MF_BaseColor.uasset" 4069
"../../../Engine/Plugins/Interchange/Assets/Content/gltf/MaterialFunctions/MF_Clearcoat.uasset" 4070
"../../../Engine/Plugins/Interchange/Assets/Content/gltf/MaterialFunctions/MF_RotateNormals_TS.uasset" 4071
"../../../Engine/Plugins/Interchange/Assets/Content/gltf/Textures/T_Generic_N.uasset" 4072
"../../../Engine/Plugins/Interchange/Assets/Content/gltf/MaterialInstances/MI_ClearCoat_Mask.uasset" 4073
"../../../Engine/Plugins/Interchange/Assets/Content/gltf/Textures/T_White_srgb.uasset" 4074
"../../../Engine/Plugins/Interchange/Assets/Content/gltf/M_ClearCoat.uasset" 4075
"../../../Engine/Plugins/Interchange/Assets/Content/Functions/MF_Iridescence.uasset" 4076
"../../../Engine/Plugins/Interchange/Assets/Content/gltf/Textures/T_White_Linear.uasset" 4077
"../../../Engine/Plugins/Interchange/Assets/Content/gltf/MaterialBodies/MF_ClearCoat_Body.uasset" 4078
"../../../Engine/Plugins/Interchange/Assets/Content/Utilities/New_LUT.uasset" 4079
"../../../Engine/Content/Functions/Engine_MaterialFunctions01/Texturing/FlattenNormal.uasset" 4080
"../../../Engine/Plugins/Interchange/Assets/Content/gltf/MaterialInstances/MI_ClearCoat_Opaque.uasset" 4081
"../../../Engine/Plugins/Interchange/Assets/Content/gltf/MaterialInstances/MI_ClearCoat_Blend.uasset" 4082
"../../../Engine/Plugins/Interchange/Assets/Content/gltf/MaterialBodies/MF_Default_Body.uasset" 4083
"../../../Engine/Plugins/Interchange/Assets/Content/gltf/MaterialInstances/MI_ClearCoat_Mask_DS.uasset" 4084
"../../../Engine/Plugins/Interchange/Assets/Content/gltf/MaterialInstances/MI_ClearCoat_Blend_DS.uasset" 4085
"../../../Engine/Plugins/Interchange/Assets/Content/gltf/MaterialInstances/MI_ClearCoat_Opaque_DS.uasset" 4086
"/Game/__ExternalActors__/ThirdPerson/Lvl_ThirdPerson/0/9R/UKIMD8EYGPZFS8OC6GX24A" 4087
"/Game/__ExternalActors__/ThirdPerson/Lvl_ThirdPerson/1/EU/X5MT1GOX9C5UUGZAKRVC3R" 4088
"/Game/__ExternalActors__/ThirdPerson/Lvl_ThirdPerson/1/K3/79QZQ7KG2RXNWMD6RSPKUM" 4089
"/Game/__ExternalActors__/ThirdPerson/Lvl_ThirdPerson/1/KL/UYSRPQ5SOYIFVLEQINPH31" 4090
"/Game/__ExternalActors__/ThirdPerson/Lvl_ThirdPerson/1/MV/2U2IE6JXO1320Q32RJQKSE" 4091
"/Game/__ExternalActors__/ThirdPerson/Lvl_ThirdPerson/1/X5/JDOWWCJ7DZVSHT4Y29GQ4D" 4092
"/Game/__ExternalActors__/ThirdPerson/Lvl_ThirdPerson/2/AM/9YGDW7FMEY1CZD31VUYO11" 4093
"/Game/__ExternalActors__/ThirdPerson/Lvl_ThirdPerson/2/AX/QEPSHOMS1K2ANUR3LXWOJM" 4094
"/Game/__ExternalActors__/ThirdPerson/Lvl_ThirdPerson/2/TV/DYUIEBPX2N8UFXT326WX2O" 4095
"/Game/__ExternalActors__/ThirdPerson/Lvl_ThirdPerson/2/V0/9XTUAMN5S6UUCFB5K0ZGZM" 4096
"/Game/__ExternalActors__/ThirdPerson/Lvl_ThirdPerson/3/0N/NTRPN55OWWUSD03K29ZOSH" 4097
"/Game/__ExternalActors__/ThirdPerson/Lvl_ThirdPerson/3/C5/3LNK9WKCBL4YVMWIBXQZ1I" 4098
"/Game/__ExternalActors__/ThirdPerson/Lvl_ThirdPerson/3/D3/XWEMBL7KZTNQP83W1KTMXE" 4099
"/Game/__ExternalActors__/ThirdPerson/Lvl_ThirdPerson/3/E2/L159AMTR83MORHTF2GEOKE" 4100
"/Game/__ExternalActors__/ThirdPerson/Lvl_ThirdPerson/3/L5/790AP8RYBMX9YBLGTW6WE6" 4101
"/Game/__ExternalActors__/ThirdPerson/Lvl_ThirdPerson/4/CQ/I205QOSSXONYWBP69RVMVA" 4102
"/Game/__ExternalActors__/ThirdPerson/Lvl_ThirdPerson/5/25/3IO0LF8AOO4YLSEAEN2JO1" 4103
"/Game/__ExternalActors__/ThirdPerson/Lvl_ThirdPerson/5/9M/BJR5SDQDQW7QDFFPNUUMNX" 4104
"/Game/__ExternalActors__/ThirdPerson/Lvl_ThirdPerson/5/KG/ETKAO35ANVW90XFH3J8GJ2" 4105
"/Game/__ExternalActors__/ThirdPerson/Lvl_ThirdPerson/5/W9/ZAAGYIUQZ2W6WEO3HPXAX7" 4106
"/Game/__ExternalActors__/ThirdPerson/Lvl_ThirdPerson/6/3C/KAT90QYQLFOHNMOF9BEDZK" 4107
"/Game/__ExternalActors__/ThirdPerson/Lvl_ThirdPerson/6/8I/HFL05AWIVBP8M8UXTV4H5K" 4108
"/Game/__ExternalActors__/ThirdPerson/Lvl_ThirdPerson/6/G9/77SUGCMHUBU5E7FP1DLCVD" 4109
"/Game/__ExternalActors__/ThirdPerson/Lvl_ThirdPerson/6/UK/OT5UOZ3WBJ9P30TU3DBDEK" 4110
"/Game/__ExternalActors__/ThirdPerson/Lvl_ThirdPerson/6/XM/SN8KJL01L24VVIYC52MNFR" 4111
"/Game/__ExternalActors__/ThirdPerson/Lvl_ThirdPerson/6/YB/C5UDZYKFL5M0YW62JXMPIZ" 4112
"/Game/__ExternalActors__/ThirdPerson/Lvl_ThirdPerson/7/GV/W5DNM2FP1ON7VGU0C2BGMV" 4113
"/Game/__ExternalActors__/ThirdPerson/Lvl_ThirdPerson/7/JD/OCW0UZT4ANZZD9YHEAOMAP" 4114
"/Game/__ExternalActors__/ThirdPerson/Lvl_ThirdPerson/7/O7/IHUOIGG1MW1YZY097JJ8O7" 4115
"/Game/__ExternalActors__/ThirdPerson/Lvl_ThirdPerson/7/XU/RW3P9HUUCOCG5TL3TPG6XF" 4116
"/Game/__ExternalActors__/ThirdPerson/Lvl_ThirdPerson/8/0N/1OONKTGJMLVBN21M6JE59I" 4117
"/Game/__ExternalActors__/ThirdPerson/Lvl_ThirdPerson/8/7A/C0UVMH95QVQO1KMTVK7MSB" 4118
"/Game/__ExternalActors__/ThirdPerson/Lvl_ThirdPerson/8/HN/XXZLD30WH49IXWEHJXSVAR" 4119
"/Game/__ExternalActors__/ThirdPerson/Lvl_ThirdPerson/8/VS/XX060WNO6GEZU5BZQCLZPP" 4120
"/Game/__ExternalActors__/ThirdPerson/Lvl_ThirdPerson/8/WI/FHUVUALB8C8XRJ0PY9XXTI" 4121
"/Game/__ExternalActors__/ThirdPerson/Lvl_ThirdPerson/8/XH/SKCKQTQDTE8ZNW6C0FCBRO" 4122
"/Game/__ExternalActors__/ThirdPerson/Lvl_ThirdPerson/9/5G/29Z6AXUGZPZ0CXHLK2DICG" 4123
"/Game/__ExternalActors__/ThirdPerson/Lvl_ThirdPerson/9/6V/AV0JKCFBVPU58UEBGB0GC0" 4124
"/Game/__ExternalActors__/ThirdPerson/Lvl_ThirdPerson/9/EE/OCR348BHEJWLHO72TR249H" 4125
"/Game/__ExternalActors__/ThirdPerson/Lvl_ThirdPerson/9/UM/1F7R5WQFM2D9KH7A94JFBU" 4126
"/Game/__ExternalActors__/ThirdPerson/Lvl_ThirdPerson/A/3J/Q8CQM512VVS7UZZW0KQRSV" 4127
"/Game/__ExternalActors__/ThirdPerson/Lvl_ThirdPerson/A/8N/4L4W0MLV9WFUGRTMUBLBOP" 4128
"/Game/__ExternalActors__/ThirdPerson/Lvl_ThirdPerson/A/BN/LKN4IB4C3UPW62GHBEKTIW" 4129
"/Game/__ExternalActors__/ThirdPerson/Lvl_ThirdPerson/A/IP/MGVQPE8M923OBBJLZBI1PC" 4130
"/Game/__ExternalActors__/ThirdPerson/Lvl_ThirdPerson/B/0L/IL99N1JAI1J4A2DFQBQL53" 4131
"/Game/__ExternalActors__/ThirdPerson/Lvl_ThirdPerson/B/2F/XTDQUHCYJJV6JCH4OJSVLG" 4132
"/Game/__ExternalActors__/ThirdPerson/Lvl_ThirdPerson/B/HX/PES0ONLF01PSQTJCC5USD2" 4133
"/Game/__ExternalActors__/ThirdPerson/Lvl_ThirdPerson/B/P1/LRQT09TOYHOXK9DY22EIKE" 4134
"/Game/__ExternalActors__/ThirdPerson/Lvl_ThirdPerson/B/RX/297QBXCKTP06G7NIHIULK4" 4135
"/Game/__ExternalActors__/ThirdPerson/Lvl_ThirdPerson/C/27/6ZCCZ1F7ZO6DM3C8OLVGTF" 4136
"/Game/__ExternalActors__/ThirdPerson/Lvl_ThirdPerson/C/EE/HZ5WNBFZRJYQPUA6X8TVVT" 4137
"/Game/__ExternalActors__/ThirdPerson/Lvl_ThirdPerson/C/HY/Q7CPP7VHOXBAMAJI90W626" 4138
"/Game/__ExternalActors__/ThirdPerson/Lvl_ThirdPerson/D/13/EPTYZCFZWXT7Z7XYKZ88XK" 4139
"/Game/__ExternalActors__/ThirdPerson/Lvl_ThirdPerson/D/50/395Y4QE4IIEWI3KSE3SB6L" 4140
"/Game/__ExternalActors__/ThirdPerson/Lvl_ThirdPerson/D/8U/VKFLMM0CV8ZCC0P3TQGTTM" 4141
"/Game/__ExternalActors__/ThirdPerson/Lvl_ThirdPerson/D/AY/KLCRMXKI9WR2P0GDY96C36" 4142
"/Game/__ExternalActors__/ThirdPerson/Lvl_ThirdPerson/D/K5/NQBPXM7AM8N39CBW4ZT57P" 4143
"/Game/__ExternalActors__/ThirdPerson/Lvl_ThirdPerson/D/M3/6T1XG4EDG4ZEE1U9HMYL4C" 4144
"/Game/__ExternalActors__/ThirdPerson/Lvl_ThirdPerson/D/MG/EDRUPW3EOYDDSI6HNSIVT1" 4145
"/Game/__ExternalActors__/ThirdPerson/Lvl_ThirdPerson/E/96/RFQP83S9K0LC7IW8CXS6C0" 4146
"/Game/__ExternalActors__/ThirdPerson/Lvl_ThirdPerson/E/JR/W7S9610Y7RWELGF93FZYAE" 4147
"/Game/__ExternalActors__/ThirdPerson/Lvl_ThirdPerson/E/SS/QXUZ4IXFNKHCYFWERA1HQA" 4148
"/Game/__ExternalActors__/ThirdPerson/Lvl_ThirdPerson/F/4G/TYFCMQ9MC435YW6FZBF5FS" 4149
"../../../../../../Users/USER/Documents/Unreal Projects/SoulsDistructor/Content/__ExternalActors__/ThirdPerson/Lvl_ThirdPerson/0/9R/UKIMD8EYGPZFS8OC6GX24A.uasset" 4150
"../../../../../../Users/USER/Documents/Unreal Projects/SoulsDistructor/Content/__ExternalActors__/ThirdPerson/Lvl_ThirdPerson/1/EU/X5MT1GOX9C5UUGZAKRVC3R.uasset" 4151
"../../../../../../Users/USER/Documents/Unreal Projects/SoulsDistructor/Content/__ExternalActors__/ThirdPerson/Lvl_ThirdPerson/1/K3/79QZQ7KG2RXNWMD6RSPKUM.uasset" 4152
"../../../../../../Users/USER/Documents/Unreal Projects/SoulsDistructor/Content/__ExternalActors__/ThirdPerson/Lvl_ThirdPerson/1/KL/UYSRPQ5SOYIFVLEQINPH31.uasset" 4153
"../../../../../../Users/USER/Documents/Unreal Projects/SoulsDistructor/Content/__ExternalActors__/ThirdPerson/Lvl_ThirdPerson/1/MV/2U2IE6JXO1320Q32RJQKSE.uasset" 4154
"../../../../../../Users/USER/Documents/Unreal Projects/SoulsDistructor/Content/__ExternalActors__/ThirdPerson/Lvl_ThirdPerson/1/X5/JDOWWCJ7DZVSHT4Y29GQ4D.uasset" 4155
"../../../../../../Users/USER/Documents/Unreal Projects/SoulsDistructor/Content/__ExternalActors__/ThirdPerson/Lvl_ThirdPerson/2/AM/9YGDW7FMEY1CZD31VUYO11.uasset" 4156
"../../../../../../Users/USER/Documents/Unreal Projects/SoulsDistructor/Content/__ExternalActors__/ThirdPerson/Lvl_ThirdPerson/2/AX/QEPSHOMS1K2ANUR3LXWOJM.uasset" 4157
"../../../../../../Users/USER/Documents/Unreal Projects/SoulsDistructor/Content/__ExternalActors__/ThirdPerson/Lvl_ThirdPerson/2/TV/DYUIEBPX2N8UFXT326WX2O.uasset" 4158
"../../../../../../Users/USER/Documents/Unreal Projects/SoulsDistructor/Content/__ExternalActors__/ThirdPerson/Lvl_ThirdPerson/2/V0/9XTUAMN5S6UUCFB5K0ZGZM.uasset" 4159
"../../../../../../Users/USER/Documents/Unreal Projects/SoulsDistructor/Content/__ExternalActors__/ThirdPerson/Lvl_ThirdPerson/3/0N/NTRPN55OWWUSD03K29ZOSH.uasset" 4160
"../../../../../../Users/USER/Documents/Unreal Projects/SoulsDistructor/Content/__ExternalActors__/ThirdPerson/Lvl_ThirdPerson/3/C5/3LNK9WKCBL4YVMWIBXQZ1I.uasset" 4161
"../../../../../../Users/USER/Documents/Unreal Projects/SoulsDistructor/Content/__ExternalActors__/ThirdPerson/Lvl_ThirdPerson/3/D3/XWEMBL7KZTNQP83W1KTMXE.uasset" 4162
"../../../../../../Users/USER/Documents/Unreal Projects/SoulsDistructor/Content/__ExternalActors__/ThirdPerson/Lvl_ThirdPerson/3/E2/L159AMTR83MORHTF2GEOKE.uasset" 4163
"../../../../../../Users/USER/Documents/Unreal Projects/SoulsDistructor/Content/__ExternalActors__/ThirdPerson/Lvl_ThirdPerson/3/L5/790AP8RYBMX9YBLGTW6WE6.uasset" 4164
"../../../../../../Users/USER/Documents/Unreal Projects/SoulsDistructor/Content/__ExternalActors__/ThirdPerson/Lvl_ThirdPerson/4/CQ/I205QOSSXONYWBP69RVMVA.uasset" 4165
"../../../../../../Users/USER/Documents/Unreal Projects/SoulsDistructor/Content/__ExternalActors__/ThirdPerson/Lvl_ThirdPerson/5/25/3IO0LF8AOO4YLSEAEN2JO1.uasset" 4166
"../../../../../../Users/USER/Documents/Unreal Projects/SoulsDistructor/Content/__ExternalActors__/ThirdPerson/Lvl_ThirdPerson/5/9M/BJR5SDQDQW7QDFFPNUUMNX.uasset" 4167
"../../../../../../Users/USER/Documents/Unreal Projects/SoulsDistructor/Content/__ExternalActors__/ThirdPerson/Lvl_ThirdPerson/5/KG/ETKAO35ANVW90XFH3J8GJ2.uasset" 4168
"../../../../../../Users/USER/Documents/Unreal Projects/SoulsDistructor/Content/__ExternalActors__/ThirdPerson/Lvl_ThirdPerson/5/W9/ZAAGYIUQZ2W6WEO3HPXAX7.uasset" 4169
"../../../../../../Users/USER/Documents/Unreal Projects/SoulsDistructor/Content/__ExternalActors__/ThirdPerson/Lvl_ThirdPerson/6/3C/KAT90QYQLFOHNMOF9BEDZK.uasset" 4170
"../../../../../../Users/USER/Documents/Unreal Projects/SoulsDistructor/Content/__ExternalActors__/ThirdPerson/Lvl_ThirdPerson/6/8I/HFL05AWIVBP8M8UXTV4H5K.uasset" 4171
"../../../../../../Users/USER/Documents/Unreal Projects/SoulsDistructor/Content/__ExternalActors__/ThirdPerson/Lvl_ThirdPerson/6/G9/77SUGCMHUBU5E7FP1DLCVD.uasset" 4172
"../../../../../../Users/USER/Documents/Unreal Projects/SoulsDistructor/Content/__ExternalActors__/ThirdPerson/Lvl_ThirdPerson/6/UK/OT5UOZ3WBJ9P30TU3DBDEK.uasset" 4173
"../../../../../../Users/USER/Documents/Unreal Projects/SoulsDistructor/Content/__ExternalActors__/ThirdPerson/Lvl_ThirdPerson/6/XM/SN8KJL01L24VVIYC52MNFR.uasset" 4174
"../../../../../../Users/USER/Documents/Unreal Projects/SoulsDistructor/Content/__ExternalActors__/ThirdPerson/Lvl_ThirdPerson/6/YB/C5UDZYKFL5M0YW62JXMPIZ.uasset" 4175
"../../../../../../Users/USER/Documents/Unreal Projects/SoulsDistructor/Content/__ExternalActors__/ThirdPerson/Lvl_ThirdPerson/7/GV/W5DNM2FP1ON7VGU0C2BGMV.uasset" 4176
"../../../../../../Users/USER/Documents/Unreal Projects/SoulsDistructor/Content/__ExternalActors__/ThirdPerson/Lvl_ThirdPerson/7/JD/OCW0UZT4ANZZD9YHEAOMAP.uasset" 4177
"../../../../../../Users/USER/Documents/Unreal Projects/SoulsDistructor/Content/__ExternalActors__/ThirdPerson/Lvl_ThirdPerson/7/O7/IHUOIGG1MW1YZY097JJ8O7.uasset" 4178
"../../../../../../Users/USER/Documents/Unreal Projects/SoulsDistructor/Content/__ExternalActors__/ThirdPerson/Lvl_ThirdPerson/7/XU/RW3P9HUUCOCG5TL3TPG6XF.uasset" 4179
"../../../../../../Users/USER/Documents/Unreal Projects/SoulsDistructor/Content/__ExternalActors__/ThirdPerson/Lvl_ThirdPerson/8/0N/1OONKTGJMLVBN21M6JE59I.uasset" 4180
"../../../../../../Users/USER/Documents/Unreal Projects/SoulsDistructor/Content/__ExternalActors__/ThirdPerson/Lvl_ThirdPerson/8/7A/C0UVMH95QVQO1KMTVK7MSB.uasset" 4181
"../../../../../../Users/USER/Documents/Unreal Projects/SoulsDistructor/Content/__ExternalActors__/ThirdPerson/Lvl_ThirdPerson/8/HN/XXZLD30WH49IXWEHJXSVAR.uasset" 4182
"../../../../../../Users/USER/Documents/Unreal Projects/SoulsDistructor/Content/__ExternalActors__/ThirdPerson/Lvl_ThirdPerson/8/VS/XX060WNO6GEZU5BZQCLZPP.uasset" 4183
"../../../../../../Users/USER/Documents/Unreal Projects/SoulsDistructor/Content/__ExternalActors__/ThirdPerson/Lvl_ThirdPerson/8/WI/FHUVUALB8C8XRJ0PY9XXTI.uasset" 4184
"../../../../../../Users/USER/Documents/Unreal Projects/SoulsDistructor/Content/__ExternalActors__/ThirdPerson/Lvl_ThirdPerson/8/XH/SKCKQTQDTE8ZNW6C0FCBRO.uasset" 4185
"../../../../../../Users/USER/Documents/Unreal Projects/SoulsDistructor/Content/__ExternalActors__/ThirdPerson/Lvl_ThirdPerson/9/5G/29Z6AXUGZPZ0CXHLK2DICG.uasset" 4186
"../../../../../../Users/USER/Documents/Unreal Projects/SoulsDistructor/Content/__ExternalActors__/ThirdPerson/Lvl_ThirdPerson/9/6V/AV0JKCFBVPU58UEBGB0GC0.uasset" 4187
"../../../../../../Users/USER/Documents/Unreal Projects/SoulsDistructor/Content/__ExternalActors__/ThirdPerson/Lvl_ThirdPerson/9/EE/OCR348BHEJWLHO72TR249H.uasset" 4188
"../../../../../../Users/USER/Documents/Unreal Projects/SoulsDistructor/Content/__ExternalActors__/ThirdPerson/Lvl_ThirdPerson/9/UM/1F7R5WQFM2D9KH7A94JFBU.uasset" 4189
"../../../../../../Users/USER/Documents/Unreal Projects/SoulsDistructor/Content/__ExternalActors__/ThirdPerson/Lvl_ThirdPerson/A/3J/Q8CQM512VVS7UZZW0KQRSV.uasset" 4190
"../../../../../../Users/USER/Documents/Unreal Projects/SoulsDistructor/Content/__ExternalActors__/ThirdPerson/Lvl_ThirdPerson/A/8N/4L4W0MLV9WFUGRTMUBLBOP.uasset" 4191
"../../../../../../Users/USER/Documents/Unreal Projects/SoulsDistructor/Content/__ExternalActors__/ThirdPerson/Lvl_ThirdPerson/A/BN/LKN4IB4C3UPW62GHBEKTIW.uasset" 4192
"../../../../../../Users/USER/Documents/Unreal Projects/SoulsDistructor/Content/__ExternalActors__/ThirdPerson/Lvl_ThirdPerson/A/IP/MGVQPE8M923OBBJLZBI1PC.uasset" 4193
"../../../../../../Users/USER/Documents/Unreal Projects/SoulsDistructor/Content/__ExternalActors__/ThirdPerson/Lvl_ThirdPerson/B/0L/IL99N1JAI1J4A2DFQBQL53.uasset" 4194
"../../../../../../Users/USER/Documents/Unreal Projects/SoulsDistructor/Content/__ExternalActors__/ThirdPerson/Lvl_ThirdPerson/B/2F/XTDQUHCYJJV6JCH4OJSVLG.uasset" 4195
"../../../../../../Users/USER/Documents/Unreal Projects/SoulsDistructor/Content/__ExternalActors__/ThirdPerson/Lvl_ThirdPerson/B/HX/PES0ONLF01PSQTJCC5USD2.uasset" 4196
"../../../../../../Users/USER/Documents/Unreal Projects/SoulsDistructor/Content/__ExternalActors__/ThirdPerson/Lvl_ThirdPerson/B/P1/LRQT09TOYHOXK9DY22EIKE.uasset" 4197
"../../../../../../Users/USER/Documents/Unreal Projects/SoulsDistructor/Content/__ExternalActors__/ThirdPerson/Lvl_ThirdPerson/B/RX/297QBXCKTP06G7NIHIULK4.uasset" 4198
"../../../../../../Users/USER/Documents/Unreal Projects/SoulsDistructor/Content/__ExternalActors__/ThirdPerson/Lvl_ThirdPerson/C/27/6ZCCZ1F7ZO6DM3C8OLVGTF.uasset" 4199
"../../../../../../Users/USER/Documents/Unreal Projects/SoulsDistructor/Content/__ExternalActors__/ThirdPerson/Lvl_ThirdPerson/C/EE/HZ5WNBFZRJYQPUA6X8TVVT.uasset" 4200
"../../../../../../Users/USER/Documents/Unreal Projects/SoulsDistructor/Content/__ExternalActors__/ThirdPerson/Lvl_ThirdPerson/C/HY/Q7CPP7VHOXBAMAJI90W626.uasset" 4201
"../../../../../../Users/USER/Documents/Unreal Projects/SoulsDistructor/Content/__ExternalActors__/ThirdPerson/Lvl_ThirdPerson/D/13/EPTYZCFZWXT7Z7XYKZ88XK.uasset" 4202
"../../../../../../Users/USER/Documents/Unreal Projects/SoulsDistructor/Content/__ExternalActors__/ThirdPerson/Lvl_ThirdPerson/D/50/395Y4QE4IIEWI3KSE3SB6L.uasset" 4203
"../../../../../../Users/USER/Documents/Unreal Projects/SoulsDistructor/Content/__ExternalActors__/ThirdPerson/Lvl_ThirdPerson/D/8U/VKFLMM0CV8ZCC0P3TQGTTM.uasset" 4204
"../../../../../../Users/USER/Documents/Unreal Projects/SoulsDistructor/Content/__ExternalActors__/ThirdPerson/Lvl_ThirdPerson/D/AY/KLCRMXKI9WR2P0GDY96C36.uasset" 4205
"../../../../../../Users/USER/Documents/Unreal Projects/SoulsDistructor/Content/__ExternalActors__/ThirdPerson/Lvl_ThirdPerson/D/K5/NQBPXM7AM8N39CBW4ZT57P.uasset" 4206
"../../../../../../Users/USER/Documents/Unreal Projects/SoulsDistructor/Content/__ExternalActors__/ThirdPerson/Lvl_ThirdPerson/D/M3/6T1XG4EDG4ZEE1U9HMYL4C.uasset" 4207
"../../../../../../Users/USER/Documents/Unreal Projects/SoulsDistructor/Content/__ExternalActors__/ThirdPerson/Lvl_ThirdPerson/D/MG/EDRUPW3EOYDDSI6HNSIVT1.uasset" 4208
"../../../../../../Users/USER/Documents/Unreal Projects/SoulsDistructor/Content/__ExternalActors__/ThirdPerson/Lvl_ThirdPerson/E/96/RFQP83S9K0LC7IW8CXS6C0.uasset" 4209
"../../../../../../Users/USER/Documents/Unreal Projects/SoulsDistructor/Content/__ExternalActors__/ThirdPerson/Lvl_ThirdPerson/E/JR/W7S9610Y7RWELGF93FZYAE.uasset" 4210
"../../../../../../Users/USER/Documents/Unreal Projects/SoulsDistructor/Content/__ExternalActors__/ThirdPerson/Lvl_ThirdPerson/E/SS/QXUZ4IXFNKHCYFWERA1HQA.uasset" 4211
"../../../../../../Users/USER/Documents/Unreal Projects/SoulsDistructor/Content/__ExternalActors__/ThirdPerson/Lvl_ThirdPerson/F/4G/TYFCMQ9MC435YW6FZBF5FS.uasset" 4212
"../../../../../../Users/USER/Documents/Unreal Projects/SoulsDistructor/Content/ThirdPerson/MI_ThirdPersonColWay.uasset" 4213
"../../../../../../Users/USER/Documents/Unreal Projects/SoulsDistructor/Content/LevelPrototyping/Meshes/SM_Cube.uasset" 4214
"../../../../../../Users/USER/Documents/Unreal Projects/SoulsDistructor/Content/LevelPrototyping/Meshes/SM_Ramp.uasset" 4215
"../../../../../../Users/USER/Documents/Unreal Projects/SoulsDistructor/Content/LevelPrototyping/Meshes/SM_Cylinder.uasset" 4216
"../../../../../../Users/USER/Documents/Unreal Projects/SoulsDistructor/Content/LevelPrototyping/Meshes/SM_QuarterCylinder.uasset" 4217
"../../../Engine/Content/EngineSky/M_SimpleSkyDome.uasset" 4218
"../../../Engine/Content/EngineSky/SM_SkySphere.uasset" 4219
"../../../Engine/Content/EngineSky/VolumetricClouds/m_SimpleVolumetricCloud_Inst.uasset" 4220
"../../../../../../Users/USER/Documents/Unreal Projects/SoulsDistructor/Content/LevelPrototyping/Materials/MI_PrototypeGrid_Gray.uasset" 4221
"../../../Engine/Content/MapTemplates/SM_Template_Map_Floor.uasset" 4222
"../../../../../../Users/USER/Documents/Unreal Projects/SoulsDistructor/Content/LevelPrototyping/Materials/MI_DefaultColorway.uasset" 4223
"../../../Engine/Content/EngineSky/M_Sky_Panning_Clouds2.uasset" 4224
"../../../Engine/Content/EngineSky/VolumetricClouds/m_SimpleVolumetricCloud.uasset" 4225
"../../../Engine/Content/EngineSky/VolumetricClouds/T_CloudMask.uasset" 4226
"../../../Engine/Content/EngineSky/VolumetricClouds/T_CloudPattern.uasset" 4227
"../../../Engine/Content/EngineSky/VolumetricClouds/T_Profile_08.uasset" 4228
"../../../Engine/Content/EngineSky/VolumetricClouds/VT_PerlinWorley_Balanced.uasset" 4229
"../../../../../../Users/USER/Documents/Unreal Projects/SoulsDistructor/Content/LevelPrototyping/Materials/M_PrototypeGrid.uasset" 4230
"../../../../../../Users/USER/Documents/Unreal Projects/SoulsDistructor/Content/LevelPrototyping/Materials/M_FlatCol.uasset" 4231
"../../../Engine/Content/EngineSky/T_Sky_Blue.uasset" 4232
"../../../Engine/Content/EngineSky/T_Sky_Clouds_M.uasset" 4233
"../../../Engine/Content/EngineSky/T_Sky_Stars.uasset" 4234
"../../../Engine/Content/Functions/Engine_MaterialFunctions01/Units/Km-to-Cm.uasset" 4235
"../../../Engine/Content/Functions/Engine_MaterialFunctions02/Utility/BreakOutFloat4Components.uasset" 4236
"../../../Engine/Content/Functions/Engine_MaterialFunctions02/Utility/MakeFloat4.uasset" 4237
"../../../Engine/Content/EngineSky/VolumetricClouds/VT_Lightning.uasset" 4238
"../../../../../../Users/USER/Documents/Unreal Projects/SoulsDistructor/Content/LevelPrototyping/Materials/MF_ProcGrid.uasset" 4239
"../../../../../../Users/USER/Documents/Unreal Projects/SoulsDistructor/Content/LevelPrototyping/Textures/T_GridChecker_A.uasset" 4240
"/Engine/EditorResources/EmptyActor" 4241
"../../../Engine/Content/EditorResources/EmptyActor.uasset" 4242
"/InterchangeAssets/gltf/MaterialBodies/MF_Default_Body" 4243
"/InterchangeAssets/gltf/MaterialInstances/MI_ClearCoat_Blend_DS" 4244
"/InterchangeAssets/gltf/MaterialInstances/MI_ClearCoat_Mask_DS" 4245
"/InterchangeAssets/gltf/MaterialInstances/MI_ClearCoat_Opaque_DS" 4246
"/InterchangeAssets/gltf/MaterialInstances/MI_ClearCoat_Blend" 4247
"/InterchangeAssets/gltf/MaterialInstances/MI_ClearCoat_Mask" 4248
"/InterchangeAssets/gltf/MaterialInstances/MI_ClearCoat_Opaque" 4249
"../../../Engine/Plugins/Interchange/Assets/Content/gltf/MaterialInstances/MI_Default_Blend_DS.uasset" 4250
"../../../Engine/Plugins/Interchange/Assets/Content/gltf/MaterialInstances/MI_Default_Mask.uasset" 4251
"../../../Engine/Plugins/Interchange/Assets/Content/gltf/MaterialBodies/MF_Sheen_Body.uasset" 4252
"../../../Engine/Plugins/Interchange/Assets/Content/gltf/M_Default.uasset" 4253
"../../../Engine/Plugins/Interchange/Assets/Content/gltf/MaterialInstances/MI_Default_Mask_DS.uasset" 4254
"../../../Engine/Plugins/Interchange/Assets/Content/gltf/MaterialInstances/MI_Default_Opaque.uasset" 4255
"../../../Engine/Plugins/Interchange/Assets/Content/gltf/MaterialFunctions/MF_Sheen.uasset" 4256
"../../../Engine/Plugins/Interchange/Assets/Content/gltf/M_Sheen.uasset" 4257
"../../../Engine/Plugins/Interchange/Assets/Content/gltf/MaterialInstances/MI_Default_Blend.uasset" 4258
"../../../Engine/Plugins/Interchange/Assets/Content/gltf/MaterialInstances/MI_Sheen_Opaque.uasset" 4259
"../../../Engine/Plugins/Interchange/Assets/Content/gltf/MaterialInstances/MI_Default_Opaque_DS.uasset" 4260
"../../../Engine/Plugins/Interchange/Assets/Content/gltf/MaterialInstances/MI_Sheen_Mask.uasset" 4261
"../../../Engine/Plugins/Interchange/Assets/Content/gltf/MaterialInstances/MI_Sheen_Blend_DS.uasset" 4262
"../../../Engine/Plugins/Interchange/Assets/Content/gltf/MaterialFunctions/MF_Fresnel_DS.uasset" 4263
"../../../Engine/Plugins/Interchange/Assets/Content/gltf/MaterialInstances/MI_Sheen_Opaque_DS.uasset" 4264
"../../../Engine/Plugins/Interchange/Assets/Content/gltf/MaterialInstances/MI_Sheen_Blend.uasset" 4265
"../../../Engine/Plugins/Interchange/Assets/Content/gltf/M_Transmission.uasset" 4266
"../../../Engine/Plugins/Interchange/Assets/Content/gltf/MaterialFunctions/MF_Temporal_Blur.uasset" 4267
"../../../Engine/Plugins/Interchange/Assets/Content/gltf/MaterialInstances/MI_Transmission.uasset" 4268
"../../../Engine/Plugins/Interchange/Assets/Content/gltf/MaterialFunctions/MF_Transmission.uasset" 4269
"../../../Engine/Plugins/Interchange/Assets/Content/gltf/MaterialBodies/MF_Transmission_Body.uasset" 4270
"../../../Engine/Plugins/Interchange/Assets/Content/gltf/MaterialInstances/MI_Sheen_Mask_DS.uasset" 4271
"../../../Engine/Plugins/Interchange/Assets/Content/gltf/MaterialInstances/MI_Transmission_DS.uasset" 4272
"../../../Engine/Content/Functions/Engine_MaterialFunctions02/Texturing/ScreenAlignedPixelToPixelUVs.uasset" 4273
"../../../Engine/Plugins/Interchange/Assets/Content/gltf/MaterialFunctions/MF_SpecGlossToMetalRoughness.uasset" 4274
"../../../Engine/Plugins/Interchange/Assets/Content/gltf/MaterialFunctions/MF_PerceivedBrightness.uasset" 4275
"../../../Engine/Plugins/Interchange/Assets/Content/gltf/MaterialFunctions/MF_MaxComponentValue.uasset" 4276
"../../../Engine/Plugins/Interchange/Assets/Content/gltf/MaterialFunctions/MF_DiffuseSpecGloss.uasset" 4277
"../../../Engine/Plugins/Interchange/Assets/Content/gltf/M_SpecularGlossiness.uasset" 4278
"../../../Engine/Plugins/Interchange/Assets/Content/gltf/MaterialInstances/MI_SpecularGlossiness_Opaque.uasset" 4279
"../../../Engine/Content/Functions/Engine_MaterialFunctions02/Math/AddComponents.uasset" 4280
"../../../Engine/Plugins/Interchange/Assets/Content/gltf/MaterialBodies/MF_SpecularGlossiness_Body.uasset" 4281
"../../../Engine/Plugins/Interchange/Assets/Shaders/ThinFilmFunctions.usf" 4282
"/InterchangeAssets/gltf/MaterialInstances/MI_SpecularGlossiness_Opaque" 4283
"/InterchangeAssets/gltf/MaterialInstances/MI_Transmission_DS" 4284
"/InterchangeAssets/gltf/MaterialInstances/MI_Transmission" 4285
"/InterchangeAssets/gltf/MaterialInstances/MI_Sheen_Blend_DS" 4286
"/InterchangeAssets/gltf/MaterialInstances/MI_Sheen_Mask_DS" 4287
"/InterchangeAssets/gltf/MaterialInstances/MI_Sheen_Opaque_DS" 4288
"/InterchangeAssets/gltf/MaterialInstances/MI_Sheen_Blend" 4289
"/InterchangeAssets/gltf/MaterialInstances/MI_Sheen_Mask" 4290
"/InterchangeAssets/gltf/MaterialInstances/MI_Sheen_Opaque" 4291
"/InterchangeAssets/gltf/MaterialInstances/MI_Default_Blend_DS" 4292
"/InterchangeAssets/gltf/MaterialInstances/MI_Default_Mask_DS" 4293
"/InterchangeAssets/gltf/MaterialInstances/MI_Default_Opaque_DS" 4294
"/InterchangeAssets/gltf/MaterialInstances/MI_Default_Blend" 4295
"/InterchangeAssets/gltf/MaterialInstances/MI_Default_Mask" 4296
"/InterchangeAssets/gltf/MaterialInstances/MI_Default_Opaque" 4297
"../../../Engine/Plugins/Interchange/Assets/Content/gltf/MaterialInstances/MI_SpecularGlossiness_Mask.uasset" 4298
"../../../Engine/Plugins/Interchange/Assets/Content/gltf/MaterialBodies/MF_Unlit_Body.uasset" 4299
"../../../Engine/Plugins/Interchange/Assets/Content/gltf/MaterialInstances/MI_SpecularGlossiness_Blend.uasset" 4300
"../../../Engine/Plugins/Interchange/Assets/Content/gltf/MaterialInstances/MI_Unlit_Opaque.uasset" 4301
"../../../Engine/Plugins/Interchange/Assets/Content/gltf/MaterialInstances/MI_SpecularGlossiness_Mask_DS.uasset" 4302
"../../../Engine/Plugins/Interchange/Assets/Content/gltf/MaterialInstances/MI_Unlit_Opaque_DS.uasset" 4303
"../../../Engine/Plugins/Interchange/Assets/Content/gltf/MaterialInstances/MI_SpecularGlossiness_Blend_DS.uasset" 4304
"../../../Engine/Plugins/Interchange/Assets/Content/gltf/M_Unlit.uasset" 4305
"../../../Engine/Plugins/Interchange/Assets/Content/gltf/MaterialInstances/MI_Unlit_Mask_DS.uasset" 4306
"../../../Engine/Plugins/Interchange/Assets/Content/gltf/MaterialInstances/MI_SpecularGlossiness_Opaque_DS.uasset" 4307
"../../../Engine/Plugins/Interchange/Assets/Content/gltf/MaterialInstances/MI_Unlit_Blend_DS.uasset" 4308
"../../../Engine/Plugins/Interchange/Assets/Content/gltf/Substrate/MF_GLTFPBR.uasset" 4309
"../../../Engine/Content/Functions/Substrate/Substrate-IOR-To-F0.uasset" 4310
"../../../Engine/Plugins/Interchange/Assets/Content/gltf/MaterialInstances/MI_Unlit_Mask.uasset" 4311
"../../../Engine/Plugins/Interchange/Assets/Content/gltf/MaterialInstances/MI_Unlit_Blend.uasset" 4312
"../../../Engine/Plugins/Interchange/Assets/Content/gltf/Substrate/M_GLTF.uasset" 4313
"../../../Engine/Plugins/Interchange/Assets/Content/Functions/MX_Transmission.uasset" 4314
"../../../Engine/Plugins/Interchange/Assets/Content/Functions/MX_StandardSurface.uasset" 4315
"../../../Engine/Content/Functions/Substrate/MF_SchlickInternal.uasset" 4316
"../../../Engine/Content/Functions/Engine_MaterialFunctions01/Volumetrics/BeersLaw.uasset" 4317
"../../../Engine/Plugins/Interchange/Assets/Content/Functions/MF_OrenNayerView.uasset" 4318
"../../../Engine/Plugins/Interchange/Assets/Content/Functions/MX_TransmissionSurface.uasset" 4319
"../../../Engine/Plugins/Interchange/Assets/Content/Functions/MX_OpenPBR_Translucent.uasset" 4320
"../../../Engine/Plugins/Animation/ControlRig/Content/Controls/ControlRig_Arrow2_1mm.uasset" 4321
"../../../Engine/Plugins/Animation/ControlRig/Content/Controls/ControlRig_Arrow2_3mm.uasset" 4322
"../../../Engine/Plugins/Animation/ControlRig/Content/Controls/ControlRig_Arrow4_1mm.uasset" 4323
"../../../Engine/Plugins/Animation/ControlRig/Content/Controls/ControlRig_Arrow4_3mm.uasset" 4324
"../../../Engine/Plugins/Animation/ControlRig/Content/Controls/ControlRig_Arrow4_solid.uasset" 4325
"../../../Engine/Plugins/Interchange/Assets/Content/Functions/MX_OpenPBR_Opaque.uasset" 4326
"../../../Engine/Plugins/Animation/ControlRig/Content/Controls/ControlRig_Arrow2_solid.uasset" 4327
"../../../Engine/Plugins/Animation/ControlRig/Content/Controls/ControlRig_Sphere_solid.uasset" 4328
"../../../Engine/Plugins/Animation/ControlRig/Content/Controls/ControlRig_Arrow_1mm.uasset" 4329
"/ControlRig/Controls/ControlRig_Arrow_1mm" 4330
"/ControlRig/Controls/ControlRig_Arrow4_solid" 4331
"/ControlRig/Controls/ControlRig_Arrow4_3mm" 4332
"/ControlRig/Controls/ControlRig_Arrow4_1mm" 4333
"/ControlRig/Controls/ControlRig_Arrow2_solid" 4334
"/ControlRig/Controls/ControlRig_Arrow2_3mm" 4335
"/ControlRig/Controls/ControlRig_Arrow2_1mm" 4336
"/ControlRig/Controls/ControlRig_Sphere_solid" 4337
"/InterchangeAssets/Functions/MX_OpenPBR_Opaque" 4338
"/InterchangeAssets/Functions/MX_OpenPBR_Translucent" 4339
"/InterchangeAssets/gltf/Substrate/M_GLTF" 4340
"/InterchangeAssets/gltf/MaterialInstances/MI_Unlit_Blend_DS" 4341
"/InterchangeAssets/gltf/MaterialInstances/MI_Unlit_Mask_DS" 4342
"/InterchangeAssets/gltf/MaterialInstances/MI_Unlit_Opaque_DS" 4343
"/InterchangeAssets/gltf/MaterialInstances/MI_Unlit_Blend" 4344
"/InterchangeAssets/gltf/MaterialInstances/MI_Unlit_Mask" 4345
"/InterchangeAssets/gltf/MaterialInstances/MI_Unlit_Opaque" 4346
"/InterchangeAssets/gltf/MaterialInstances/MI_SpecularGlossiness_Blend_DS" 4347
"/InterchangeAssets/gltf/MaterialInstances/MI_SpecularGlossiness_Mask_DS" 4348
"/InterchangeAssets/gltf/MaterialInstances/MI_SpecularGlossiness_Opaque_DS" 4349
"/InterchangeAssets/gltf/MaterialInstances/MI_SpecularGlossiness_Blend" 4350
"/InterchangeAssets/gltf/MaterialInstances/MI_SpecularGlossiness_Mask" 4351
"../../../Engine/Plugins/Animation/ControlRig/Content/Controls/ControlRig_Arrow_3mm.uasset" 4352
"../../../Engine/Plugins/Animation/ControlRig/Content/Controls/ControlRig_Arrow_solid.uasset" 4353
"../../../Engine/Plugins/Animation/ControlRig/Content/Controls/ControlRig_Box_solid.uasset" 4354
"../../../Engine/Plugins/Animation/ControlRig/Content/Controls/ControlRig_Circle_1mm.uasset" 4355
"../../../Engine/Plugins/Animation/ControlRig/Content/Controls/ControlRig_Box_3mm.uasset" 4356
"../../../Engine/Plugins/Animation/ControlRig/Content/Controls/ControlRig_HalfCircle_1mm.uasset" 4357
"../../../Engine/Plugins/Animation/ControlRig/Content/Controls/ControlRig_Diamond_1mm.uasset" 4358
"../../../Engine/Plugins/Animation/ControlRig/Content/Controls/ControlRig_Diamond_3mm.uasset" 4359
"../../../Engine/Plugins/Animation/ControlRig/Content/Controls/ControlRig_Box_1mm.uasset" 4360
"../../../Engine/Plugins/Animation/ControlRig/Content/Controls/ControlRig_Diamond_solid.uasset" 4361
"../../../Engine/Plugins/Animation/ControlRig/Content/Controls/ControlRig_HalfCircle_3mm.uasset" 4362
"../../../Engine/Plugins/Animation/ControlRig/Content/Controls/ControlRig_Hexagon_1mm.uasset" 4363
"../../../Engine/Plugins/Animation/ControlRig/Content/Controls/ControlRig_Circle_solid.uasset" 4364
"../../../Engine/Plugins/Animation/ControlRig/Content/Controls/ControlRig_HalfCircle_solid.uasset" 4365
"../../../Engine/Plugins/Animation/ControlRig/Content/Controls/ControlRig_Hexagon_3mm.uasset" 4366
"../../../Engine/Plugins/Animation/ControlRig/Content/Controls/ControlRig_Hexagon_solid.uasset" 4367
"../../../Engine/Plugins/Animation/ControlRig/Content/Controls/ControlRig_Octagon_1mm.uasset" 4368
"../../../Engine/Plugins/Animation/ControlRig/Content/Controls/ControlRig_Octagon_solid.uasset" 4369
"../../../Engine/Plugins/Animation/ControlRig/Content/Controls/ControlRig_Pyramid_3mm.uasset" 4370
"../../../Engine/Plugins/Animation/ControlRig/Content/Controls/ControlRig_Octagon_3mm.uasset" 4371
"../../../Engine/Plugins/Animation/ControlRig/Content/Controls/ControlRig_Pyramid_solid.uasset" 4372
"../../../Engine/Plugins/Animation/ControlRig/Content/Controls/ControlRig_QuarterCircle_3mm.uasset" 4373
"../../../Engine/Plugins/Animation/ControlRig/Content/Controls/ControlRig_QuarterCircle_solid.uasset" 4374
"../../../Engine/Plugins/Animation/ControlRig/Content/Controls/ControlRig_RoundedSquare_1mm.uasset" 4375
"../../../Engine/Plugins/Animation/ControlRig/Content/Controls/ControlRig_RoundedSquare_3mm.uasset" 4376
"../../../Engine/Plugins/Animation/ControlRig/Content/Controls/ControlRig_Pyramid_1mm.uasset" 4377
"../../../Engine/Plugins/Animation/ControlRig/Content/Controls/ControlRig_Circle_3mm.uasset" 4378
"../../../Engine/Plugins/Animation/ControlRig/Content/Controls/ControlRig_QuarterCircle_1mm.uasset" 4379
"../../../Engine/Plugins/Animation/ControlRig/Content/Controls/ControlRig_RoundedTriangle_3mm.uasset" 4380
"../../../Engine/Plugins/Animation/ControlRig/Content/Controls/ControlRig_RoundedSquare_solid.uasset" 4381
"../../../Engine/Plugins/Animation/ControlRig/Content/Controls/ControlRig_RoundedTriangle_solid.uasset" 4382
"../../../Engine/Plugins/Animation/ControlRig/Content/Controls/ControlRig_RoundedTriangle_1mm.uasset" 4383
"/ControlRig/Controls/ControlRig_RoundedTriangle_solid" 4384
"/ControlRig/Controls/ControlRig_RoundedTriangle_3mm" 4385
"/ControlRig/Controls/ControlRig_RoundedTriangle_1mm" 4386
"/ControlRig/Controls/ControlRig_RoundedSquare_solid" 4387
"/ControlRig/Controls/ControlRig_RoundedSquare_3mm" 4388
"/ControlRig/Controls/ControlRig_RoundedSquare_1mm" 4389
"/ControlRig/Controls/ControlRig_QuarterCircle_solid" 4390
"/ControlRig/Controls/ControlRig_QuarterCircle_3mm" 4391
"/ControlRig/Controls/ControlRig_QuarterCircle_1mm" 4392
"/ControlRig/Controls/ControlRig_Pyramid_solid" 4393
"/ControlRig/Controls/ControlRig_Pyramid_3mm" 4394
"/ControlRig/Controls/ControlRig_Pyramid_1mm" 4395
"/ControlRig/Controls/ControlRig_Octagon_solid" 4396
"/ControlRig/Controls/ControlRig_Octagon_3mm" 4397
"/ControlRig/Controls/ControlRig_Octagon_1mm" 4398
"/ControlRig/Controls/ControlRig_Hexagon_solid" 4399
"/ControlRig/Controls/ControlRig_Hexagon_3mm" 4400
"/ControlRig/Controls/ControlRig_Hexagon_1mm" 4401
"/ControlRig/Controls/ControlRig_HalfCircle_solid" 4402
"/ControlRig/Controls/ControlRig_HalfCircle_3mm" 4403
"/ControlRig/Controls/ControlRig_HalfCircle_1mm" 4404
"/ControlRig/Controls/ControlRig_Diamond_solid" 4405
"/ControlRig/Controls/ControlRig_Diamond_3mm" 4406
"/ControlRig/Controls/ControlRig_Diamond_1mm" 4407
"/ControlRig/Controls/ControlRig_Circle_solid" 4408
"/ControlRig/Controls/ControlRig_Circle_3mm" 4409
"/ControlRig/Controls/ControlRig_Circle_1mm" 4410
"/ControlRig/Controls/ControlRig_Box_solid" 4411
"/ControlRig/Controls/ControlRig_Box_3mm" 4412
"/ControlRig/Controls/ControlRig_Box_1mm" 4413
"/ControlRig/Controls/ControlRig_Arrow_solid" 4414
"/ControlRig/Controls/ControlRig_Arrow_3mm" 4415
"../../../Engine/Plugins/Animation/ControlRig/Content/Controls/ControlRig_Square_1mm.uasset" 4416
"../../../Engine/Plugins/Animation/ControlRig/Content/Controls/ControlRig_Sphere_3mm.uasset" 4417
"../../../Engine/Plugins/Animation/ControlRig/Content/Controls/ControlRig_Square_3mm.uasset" 4418
"../../../Engine/Plugins/Animation/ControlRig/Content/Controls/ControlRig_Sphere_1mm.uasset" 4419
"../../../Engine/Plugins/Animation/ControlRig/Content/Controls/ControlRig_Triangle_3mm.uasset" 4420
"../../../Engine/Plugins/Animation/ControlRig/Content/Controls/ControlRig_Triangle_1mm.uasset" 4421
"../../../Engine/Plugins/Animation/ControlRig/Content/Controls/ControlRig_Star4_solid.uasset" 4422
"../../../Engine/Plugins/Animation/ControlRig/Content/Controls/ControlRig_Star4_1mm.uasset" 4423
"../../../Engine/Content/Maps/Entry.umap" 4424
"../../../Engine/Plugins/Animation/ControlRig/Content/Controls/ControlRig_Square_solid.uasset" 4425
"../../../Engine/Plugins/Animation/ControlRig/Content/Controls/ControlRig_Star4_3mm.uasset" 4426
"../../../Engine/Plugins/Animation/ControlRig/Content/Controls/ControlRig_Wedge_3mm.uasset" 4427
"../../../Engine/Plugins/Animation/ControlRig/Content/Controls/ControlRig_Wedge_solid.uasset" 4428
"../../../Engine/Plugins/Animation/ControlRig/Content/Controls/ControlRig_Wedge_1mm.uasset" 4429
"../../../Engine/Plugins/Animation/ControlRig/Content/Controls/ControlRig_Triangle_solid.uasset" 4430
"../../../Engine/Content/Maps/Entry_BuiltData.uasset" 4431
"/Engine/Maps/Entry" 4432
"/ControlRig/Controls/ControlRig_Wedge_solid" 4433
"/ControlRig/Controls/ControlRig_Wedge_3mm" 4434
"/ControlRig/Controls/ControlRig_Wedge_1mm" 4435
"/ControlRig/Controls/ControlRig_Triangle_solid" 4436
"/ControlRig/Controls/ControlRig_Triangle_3mm" 4437
"/ControlRig/Controls/ControlRig_Triangle_1mm" 4438
"/ControlRig/Controls/ControlRig_Star4_solid" 4439
"/ControlRig/Controls/ControlRig_Star4_3mm" 4440
"/ControlRig/Controls/ControlRig_Star4_1mm" 4441
"/ControlRig/Controls/ControlRig_Square_solid" 4442
"/ControlRig/Controls/ControlRig_Square_3mm" 4443
"/ControlRig/Controls/ControlRig_Square_1mm" 4444
"/ControlRig/Controls/ControlRig_Sphere_3mm" 4445
"/ControlRig/Controls/ControlRig_Sphere_1mm" 4446
"../../../Engine/Content/EditorMaterials/PreviewShadowIndicatorMaterial.uasset" 4447
"../../../Engine/Content/EditorMaterials/PreviewShadowIndicator.uasset" 4448
"../../../Engine/Content/EngineMaterials/Substrate/GLints/dict_16_192_64_0p5_0p02_0063_0008.uasset" 4449
"/Engine/EngineMaterials/Substrate/GLints/dict_16_192_64_0p5_0p02_0063_0008" 4450
"../../../Engine/Content/EngineMaterials/Substrate/GLints/dict_16_192_64_0p5_0p02_0063_0007.uasset" 4451
"../../../Engine/Content/EngineMaterials/Substrate/GLints/dict_16_192_64_0p5_0p02_0063_0006.uasset" 4452
"/Engine/EditorMaterials/PreviewShadowIndicatorMaterial" 4453
"../../../Engine/Content/EngineMaterials/Substrate/GLints/dict_16_192_64_0p5_0p02_0063_0011.uasset" 4454
"../../../Engine/Content/EngineMaterials/Substrate/GLints/dict_16_192_64_0p5_0p02_0063_0009.uasset" 4455
"../../../Engine/Content/EngineMaterials/Substrate/GLints/dict_16_192_64_0p5_0p02_0063_0010.uasset" 4456
"../../../Engine/Content/EngineMaterials/Substrate/GLints/dict_16_192_64_0p5_0p02_0063_0015.uasset" 4457
"../../../Engine/Content/EngineMaterials/Substrate/GLints/dict_16_192_64_0p5_0p02_0063_0013.uasset" 4458
"../../../Engine/Content/EngineMaterials/Substrate/GLints/dict_16_192_64_0p5_0p02_0063_0012.uasset" 4459
"../../../Engine/Content/EngineMaterials/Substrate/GLints/dict_16_192_64_0p5_0p02_0063_0005.uasset" 4460
"../../../Engine/Content/EngineMaterials/Substrate/GLints/dict_16_192_64_0p5_0p02_0063_0003.uasset" 4461
"../../../Engine/Content/EngineMaterials/Substrate/GLints/dict_16_192_64_0p5_0p02_0063_0004.uasset" 4462
"../../../Engine/Content/EngineMaterials/Substrate/GLints/dict_16_192_64_0p5_0p02_0063_0014.uasset" 4463
"../../../Engine/Content/EngineMaterials/Substrate/GLints/dict_16_192_64_0p5_0p02_0062_0013.uasset" 4464
"../../../Engine/Content/EngineMaterials/Substrate/GLints/dict_16_192_64_0p5_0p02_0062_0014.uasset" 4465
"../../../Engine/Content/EngineMaterials/Substrate/GLints/dict_16_192_64_0p5_0p02_0063_0002.uasset" 4466
"../../../Engine/Content/EngineMaterials/Substrate/GLints/dict_16_192_64_0p5_0p02_0063_0001.uasset" 4467
"../../../Engine/Content/EngineMaterials/Substrate/GLints/dict_16_192_64_0p5_0p02_0062_0015.uasset" 4468
"../../../Engine/Content/EngineMaterials/Substrate/GLints/dict_16_192_64_0p5_0p02_0063_0000.uasset" 4469
"../../../Engine/Content/EngineMaterials/Substrate/GLints/dict_16_192_64_0p5_0p02_0062_0011.uasset" 4470
"../../../Engine/Content/EngineMaterials/Substrate/GLints/dict_16_192_64_0p5_0p02_0062_0012.uasset" 4471
"../../../Engine/Content/EngineMaterials/Substrate/GLints/dict_16_192_64_0p5_0p02_0062_0009.uasset" 4472
"../../../Engine/Content/EngineMaterials/Substrate/GLints/dict_16_192_64_0p5_0p02_0062_0010.uasset" 4473
"../../../Engine/Content/EngineMaterials/Substrate/GLints/dict_16_192_64_0p5_0p02_0062_0008.uasset" 4474
"../../../Engine/Content/EngineMaterials/Substrate/GLints/dict_16_192_64_0p5_0p02_0062_0002.uasset" 4475
"../../../Engine/Content/EngineMaterials/Substrate/GLints/dict_16_192_64_0p5_0p02_0062_0003.uasset" 4476
"../../../Engine/Content/EngineMaterials/Substrate/GLints/dict_16_192_64_0p5_0p02_0062_0006.uasset" 4477
"../../../Engine/Content/EngineMaterials/Substrate/GLints/dict_16_192_64_0p5_0p02_0062_0007.uasset" 4478
"../../../Engine/Content/EngineMaterials/Substrate/GLints/dict_16_192_64_0p5_0p02_0062_0005.uasset" 4479
"../../../Engine/Content/EngineMaterials/Substrate/GLints/dict_16_192_64_0p5_0p02_0062_0004.uasset" 4480
"../../../Engine/Content/EngineMaterials/Substrate/GLints/dict_16_192_64_0p5_0p02_0062_0001.uasset" 4481
"../../../Engine/Content/EngineMaterials/Substrate/GLints/dict_16_192_64_0p5_0p02_0062_0000.uasset" 4482
"../../../Engine/Content/EngineMaterials/Substrate/GLints/dict_16_192_64_0p5_0p02_0061_0015.uasset" 4483
"/Engine/EngineMaterials/Substrate/GLints/dict_16_192_64_0p5_0p02_0062_0002" 4484
"/Engine/EngineMaterials/Substrate/GLints/dict_16_192_64_0p5_0p02_0062_0003" 4485
"/Engine/EngineMaterials/Substrate/GLints/dict_16_192_64_0p5_0p02_0062_0004" 4486
"/Engine/EngineMaterials/Substrate/GLints/dict_16_192_64_0p5_0p02_0062_0005" 4487
"/Engine/EngineMaterials/Substrate/GLints/dict_16_192_64_0p5_0p02_0062_0006" 4488
"/Engine/EngineMaterials/Substrate/GLints/dict_16_192_64_0p5_0p02_0062_0007" 4489
"/Engine/EngineMaterials/Substrate/GLints/dict_16_192_64_0p5_0p02_0062_0008" 4490
"/Engine/EngineMaterials/Substrate/GLints/dict_16_192_64_0p5_0p02_0062_0009" 4491
"/Engine/EngineMaterials/Substrate/GLints/dict_16_192_64_0p5_0p02_0062_0010" 4492
"/Engine/EngineMaterials/Substrate/GLints/dict_16_192_64_0p5_0p02_0062_0011" 4493
"/Engine/EngineMaterials/Substrate/GLints/dict_16_192_64_0p5_0p02_0062_0012" 4494
"/Engine/EngineMaterials/Substrate/GLints/dict_16_192_64_0p5_0p02_0062_0013" 4495
"/Engine/EngineMaterials/Substrate/GLints/dict_16_192_64_0p5_0p02_0062_0014" 4496
"/Engine/EngineMaterials/Substrate/GLints/dict_16_192_64_0p5_0p02_0062_0015" 4497
"/Engine/EngineMaterials/Substrate/GLints/dict_16_192_64_0p5_0p02_0063_0000" 4498
"/Engine/EngineMaterials/Substrate/GLints/dict_16_192_64_0p5_0p02_0063_0001" 4499
"/Engine/EngineMaterials/Substrate/GLints/dict_16_192_64_0p5_0p02_0063_0002" 4500
"/Engine/EngineMaterials/Substrate/GLints/dict_16_192_64_0p5_0p02_0063_0003" 4501
"/Engine/EngineMaterials/Substrate/GLints/dict_16_192_64_0p5_0p02_0063_0004" 4502
"/Engine/EngineMaterials/Substrate/GLints/dict_16_192_64_0p5_0p02_0063_0005" 4503
"/Engine/EngineMaterials/Substrate/GLints/dict_16_192_64_0p5_0p02_0063_0006" 4504
"/Engine/EngineMaterials/Substrate/GLints/dict_16_192_64_0p5_0p02_0063_0007" 4505
"/Engine/EngineMaterials/Substrate/GLints/dict_16_192_64_0p5_0p02_0063_0009" 4506
"/Engine/EngineMaterials/Substrate/GLints/dict_16_192_64_0p5_0p02_0063_0010" 4507
"/Engine/EngineMaterials/Substrate/GLints/dict_16_192_64_0p5_0p02_0063_0011" 4508
"/Engine/EngineMaterials/Substrate/GLints/dict_16_192_64_0p5_0p02_0063_0012" 4509
"/Engine/EngineMaterials/Substrate/GLints/dict_16_192_64_0p5_0p02_0063_0013" 4510
"/Engine/EngineMaterials/Substrate/GLints/dict_16_192_64_0p5_0p02_0063_0014" 4511
"/Engine/EngineMaterials/Substrate/GLints/dict_16_192_64_0p5_0p02_0063_0015" 4512
"/Engine/EngineMaterials/Substrate/GLints/dict_16_192_64_0p5_0p02_0061_0015" 4513
"/Engine/EngineMaterials/Substrate/GLints/dict_16_192_64_0p5_0p02_0062_0000" 4514
"/Engine/EngineMaterials/Substrate/GLints/dict_16_192_64_0p5_0p02_0062_0001" 4515
"../../../Engine/Plugins/Animation/DeformerGraph/Shaders/Private/DataInterfaceCustomComputeKernel.ush" 4516
"../../../Engine/Plugins/Animation/DeformerGraph/Shaders/Private/DataInterfaceCloth.ush" 4517
"../../../Engine/Plugins/Animation/DeformerGraph/Shaders/Private/DataInterfaceSkinnedMeshRead.ush" 4518
"../../../Engine/Plugins/Animation/DeformerGraph/Shaders/Private/DataInterfaceSkeleton.ush" 4519
"../../../Engine/Plugins/Animation/DeformerGraph/Shaders/Private/DataInterfaceSkeletonCommon.ush" 4520
"../../../Engine/Plugins/Animation/DeformerGraph/Shaders/Private/DataInterfaceMorphTarget.ush" 4521
"../../../Engine/Plugins/Animation/DeformerGraph/Shaders/Private/DataInterfaceSkinnedMeshWrite.ush" 4522
"../../../Engine/Content/EngineMaterials/Substrate/GLints/dict_16_192_64_0p5_0p02_0061_0014.uasset" 4523
"../../../Engine/Content/EngineMaterials/Substrate/GLints/dict_16_192_64_0p5_0p02_0061_0013.uasset" 4524
"../../../Engine/Content/EngineMaterials/Substrate/GLints/dict_16_192_64_0p5_0p02_0061_0010.uasset" 4525
"../../../Engine/Content/EngineMaterials/Substrate/GLints/dict_16_192_64_0p5_0p02_0061_0011.uasset" 4526
"../../../Engine/Content/EngineMaterials/Substrate/GLints/dict_16_192_64_0p5_0p02_0061_0006.uasset" 4527
"../../../Engine/Content/EngineMaterials/Substrate/GLints/dict_16_192_64_0p5_0p02_0061_0002.uasset" 4528
"../../../Engine/Content/EngineMaterials/Substrate/GLints/dict_16_192_64_0p5_0p02_0061_0003.uasset" 4529
"../../../Engine/Content/EngineMaterials/Substrate/GLints/dict_16_192_64_0p5_0p02_0061_0012.uasset" 4530
"../../../Engine/Content/EngineMaterials/Substrate/GLints/dict_16_192_64_0p5_0p02_0061_0008.uasset" 4531
"../../../Engine/Content/EngineMaterials/Substrate/GLints/dict_16_192_64_0p5_0p02_0061_0007.uasset" 4532
"../../../Engine/Content/EngineMaterials/Substrate/GLints/dict_16_192_64_0p5_0p02_0060_0015.uasset" 4533
"../../../Engine/Content/EngineMaterials/Substrate/GLints/dict_16_192_64_0p5_0p02_0061_0001.uasset" 4534
"../../../Engine/Content/EngineMaterials/Substrate/GLints/dict_16_192_64_0p5_0p02_0061_0000.uasset" 4535
"../../../Engine/Content/EngineMaterials/Substrate/GLints/dict_16_192_64_0p5_0p02_0061_0005.uasset" 4536
"../../../Engine/Content/EngineMaterials/Substrate/GLints/dict_16_192_64_0p5_0p02_0060_0010.uasset" 4537
"../../../Engine/Content/EngineMaterials/Substrate/GLints/dict_16_192_64_0p5_0p02_0060_0008.uasset" 4538
"../../../Engine/Content/EngineMaterials/Substrate/GLints/dict_16_192_64_0p5_0p02_0061_0004.uasset" 4539
"../../../Engine/Content/EngineMaterials/Substrate/GLints/dict_16_192_64_0p5_0p02_0060_0014.uasset" 4540
"../../../Engine/Content/EngineMaterials/Substrate/GLints/dict_16_192_64_0p5_0p02_0060_0013.uasset" 4541
"../../../Engine/Content/EngineMaterials/Substrate/GLints/dict_16_192_64_0p5_0p02_0060_0007.uasset" 4542
"../../../Engine/Content/EngineMaterials/Substrate/GLints/dict_16_192_64_0p5_0p02_0060_0009.uasset" 4543
"../../../Engine/Content/EngineMaterials/Substrate/GLints/dict_16_192_64_0p5_0p02_0061_0009.uasset" 4544
"../../../Engine/Content/EngineMaterials/Substrate/GLints/dict_16_192_64_0p5_0p02_0060_0012.uasset" 4545
"../../../Engine/Content/EngineMaterials/Substrate/GLints/dict_16_192_64_0p5_0p02_0060_0005.uasset" 4546
"../../../Engine/Content/EngineMaterials/Substrate/GLints/dict_16_192_64_0p5_0p02_0060_0006.uasset" 4547
"../../../Engine/Content/EngineMaterials/Substrate/GLints/dict_16_192_64_0p5_0p02_0060_0011.uasset" 4548
"../../../Engine/Content/EngineMaterials/Substrate/GLints/dict_16_192_64_0p5_0p02_0060_0002.uasset" 4549
"../../../Engine/Content/EngineMaterials/Substrate/GLints/dict_16_192_64_0p5_0p02_0060_0001.uasset" 4550
"../../../Engine/Content/EngineMaterials/Substrate/GLints/dict_16_192_64_0p5_0p02_0060_0000.uasset" 4551
"../../../Engine/Content/EngineMaterials/Substrate/GLints/dict_16_192_64_0p5_0p02_0060_0003.uasset" 4552
"../../../Engine/Content/EngineMaterials/Substrate/GLints/dict_16_192_64_0p5_0p02_0060_0004.uasset" 4553
"../../../Engine/Content/EngineMaterials/Substrate/GLints/dict_16_192_64_0p5_0p02_0059_0015.uasset" 4554
"../../../Engine/Plugins/Animation/DeformerGraph/Shaders/Private/DataInterfaceRawBuffer.ush" 4555
"../../../Engine/Plugins/Runtime/ComputeFramework/Shaders/Private/BufferAlias.ush" 4556
"../../../Engine/Plugins/Animation/DeformerGraph/Shaders/Private/DataInterfaceSkinnedMesh.ush" 4557
"../../../Engine/Plugins/Animation/DeformerGraph/Shaders/Private/DataInterfaceHalfEdge.ush" 4558
"/Engine/EngineMaterials/Substrate/GLints/dict_16_192_64_0p5_0p02_0060_0002" 4559
"/Engine/EngineMaterials/Substrate/GLints/dict_16_192_64_0p5_0p02_0060_0003" 4560
"/Engine/EngineMaterials/Substrate/GLints/dict_16_192_64_0p5_0p02_0060_0004" 4561
"/Engine/EngineMaterials/Substrate/GLints/dict_16_192_64_0p5_0p02_0060_0005" 4562
"/Engine/EngineMaterials/Substrate/GLints/dict_16_192_64_0p5_0p02_0060_0006" 4563
"/Engine/EngineMaterials/Substrate/GLints/dict_16_192_64_0p5_0p02_0060_0007" 4564
"/Engine/EngineMaterials/Substrate/GLints/dict_16_192_64_0p5_0p02_0060_0008" 4565
"/Engine/EngineMaterials/Substrate/GLints/dict_16_192_64_0p5_0p02_0060_0009" 4566
"/Engine/EngineMaterials/Substrate/GLints/dict_16_192_64_0p5_0p02_0060_0010" 4567
"/Engine/EngineMaterials/Substrate/GLints/dict_16_192_64_0p5_0p02_0060_0011" 4568
"/Engine/EngineMaterials/Substrate/GLints/dict_16_192_64_0p5_0p02_0060_0012" 4569
"/Engine/EngineMaterials/Substrate/GLints/dict_16_192_64_0p5_0p02_0060_0013" 4570
"/Engine/EngineMaterials/Substrate/GLints/dict_16_192_64_0p5_0p02_0060_0014" 4571
"/Engine/EngineMaterials/Substrate/GLints/dict_16_192_64_0p5_0p02_0060_0015" 4572
"/Engine/EngineMaterials/Substrate/GLints/dict_16_192_64_0p5_0p02_0061_0000" 4573
"/Engine/EngineMaterials/Substrate/GLints/dict_16_192_64_0p5_0p02_0061_0001" 4574
"/Engine/EngineMaterials/Substrate/GLints/dict_16_192_64_0p5_0p02_0061_0002" 4575
"/Engine/EngineMaterials/Substrate/GLints/dict_16_192_64_0p5_0p02_0061_0003" 4576
"/Engine/EngineMaterials/Substrate/GLints/dict_16_192_64_0p5_0p02_0061_0004" 4577
"/Engine/EngineMaterials/Substrate/GLints/dict_16_192_64_0p5_0p02_0061_0005" 4578
"/Engine/EngineMaterials/Substrate/GLints/dict_16_192_64_0p5_0p02_0061_0006" 4579
"/Engine/EngineMaterials/Substrate/GLints/dict_16_192_64_0p5_0p02_0061_0007" 4580
"/Engine/EngineMaterials/Substrate/GLints/dict_16_192_64_0p5_0p02_0059_0015" 4581
"/Engine/EngineMaterials/Substrate/GLints/dict_16_192_64_0p5_0p02_0061_0008" 4582
"/Engine/EngineMaterials/Substrate/GLints/dict_16_192_64_0p5_0p02_0061_0009" 4583
"/Engine/EngineMaterials/Substrate/GLints/dict_16_192_64_0p5_0p02_0061_0010" 4584
"/Engine/EngineMaterials/Substrate/GLints/dict_16_192_64_0p5_0p02_0061_0011" 4585
"/Engine/EngineMaterials/Substrate/GLints/dict_16_192_64_0p5_0p02_0061_0012" 4586
"/Engine/EngineMaterials/Substrate/GLints/dict_16_192_64_0p5_0p02_0061_0013" 4587
"/Engine/EngineMaterials/Substrate/GLints/dict_16_192_64_0p5_0p02_0061_0014" 4588
"/Engine/EngineMaterials/Substrate/GLints/dict_16_192_64_0p5_0p02_0060_0000" 4589
"/Engine/EngineMaterials/Substrate/GLints/dict_16_192_64_0p5_0p02_0060_0001" 4590
"../../../Engine/Content/EngineMaterials/Substrate/GLints/dict_16_192_64_0p5_0p02_0059_0014.uasset" 4591
"../../../Engine/Content/EngineMaterials/Substrate/GLints/dict_16_192_64_0p5_0p02_0059_0008.uasset" 4592
"../../../Engine/Content/EngineMaterials/Substrate/GLints/dict_16_192_64_0p5_0p02_0059_0009.uasset" 4593
"../../../Engine/Content/EngineMaterials/Substrate/GLints/dict_16_192_64_0p5_0p02_0059_0011.uasset" 4594
"../../../Engine/Content/EngineMaterials/Substrate/GLints/dict_16_192_64_0p5_0p02_0059_0007.uasset" 4595
"../../../Engine/Content/EngineMaterials/Substrate/GLints/dict_16_192_64_0p5_0p02_0059_0006.uasset" 4596
"../../../Engine/Content/EngineMaterials/Substrate/GLints/dict_16_192_64_0p5_0p02_0059_0004.uasset" 4597
"../../../Engine/Content/EngineMaterials/Substrate/GLints/dict_16_192_64_0p5_0p02_0059_0005.uasset" 4598
"../../../Engine/Content/EngineMaterials/Substrate/GLints/dict_16_192_64_0p5_0p02_0059_0010.uasset" 4599
"../../../Engine/Content/EngineMaterials/Substrate/GLints/dict_16_192_64_0p5_0p02_0059_0003.uasset" 4600
"../../../Engine/Content/EngineMaterials/Substrate/GLints/dict_16_192_64_0p5_0p02_0059_0002.uasset" 4601
"../../../Engine/Content/EngineMaterials/Substrate/GLints/dict_16_192_64_0p5_0p02_0058_0015.uasset" 4602
"../../../Engine/Content/EngineMaterials/Substrate/GLints/dict_16_192_64_0p5_0p02_0059_0000.uasset" 4603
"../../../Engine/Content/EngineMaterials/Substrate/GLints/dict_16_192_64_0p5_0p02_0059_0001.uasset" 4604
"../../../Engine/Content/EngineMaterials/Substrate/GLints/dict_16_192_64_0p5_0p02_0058_0013.uasset" 4605
"../../../Engine/Content/EngineMaterials/Substrate/GLints/dict_16_192_64_0p5_0p02_0058_0014.uasset" 4606
"../../../Engine/Content/EngineMaterials/Substrate/GLints/dict_16_192_64_0p5_0p02_0058_0012.uasset" 4607
"../../../Engine/Content/EngineMaterials/Substrate/GLints/dict_16_192_64_0p5_0p02_0059_0012.uasset" 4608
"../../../Engine/Content/EngineMaterials/Substrate/GLints/dict_16_192_64_0p5_0p02_0058_0011.uasset" 4609
"../../../Engine/Content/EngineMaterials/Substrate/GLints/dict_16_192_64_0p5_0p02_0058_0009.uasset" 4610
"../../../Engine/Content/EngineMaterials/Substrate/GLints/dict_16_192_64_0p5_0p02_0058_0008.uasset" 4611
"../../../Engine/Content/EngineMaterials/Substrate/GLints/dict_16_192_64_0p5_0p02_0058_0010.uasset" 4612
"../../../Engine/Content/EngineMaterials/Substrate/GLints/dict_16_192_64_0p5_0p02_0058_0007.uasset" 4613
"../../../Engine/Content/EngineMaterials/Substrate/GLints/dict_16_192_64_0p5_0p02_0058_0003.uasset" 4614
"../../../Engine/Content/EngineMaterials/Substrate/GLints/dict_16_192_64_0p5_0p02_0058_0004.uasset" 4615
"../../../Engine/Content/EngineMaterials/Substrate/GLints/dict_16_192_64_0p5_0p02_0058_0006.uasset" 4616
"../../../Engine/Content/EngineMaterials/Substrate/GLints/dict_16_192_64_0p5_0p02_0058_0001.uasset" 4617
"../../../Engine/Content/EngineMaterials/Substrate/GLints/dict_16_192_64_0p5_0p02_0058_0002.uasset" 4618
"../../../Engine/Content/EngineMaterials/Substrate/GLints/dict_16_192_64_0p5_0p02_0058_0000.uasset" 4619
"../../../Engine/Content/EngineMaterials/Substrate/GLints/dict_16_192_64_0p5_0p02_0057_0015.uasset" 4620
"/Engine/EngineMaterials/Substrate/GLints/dict_16_192_64_0p5_0p02_0057_0015" 4621
"/Engine/EngineMaterials/Substrate/GLints/dict_16_192_64_0p5_0p02_0058_0000" 4622
"/Engine/EngineMaterials/Substrate/GLints/dict_16_192_64_0p5_0p02_0058_0001" 4623
"/Engine/EngineMaterials/Substrate/GLints/dict_16_192_64_0p5_0p02_0058_0002" 4624
"/Engine/EngineMaterials/Substrate/GLints/dict_16_192_64_0p5_0p02_0058_0003" 4625
"/Engine/EngineMaterials/Substrate/GLints/dict_16_192_64_0p5_0p02_0058_0004" 4626
"/Engine/EngineMaterials/Substrate/GLints/dict_16_192_64_0p5_0p02_0058_0006" 4627
"/Engine/EngineMaterials/Substrate/GLints/dict_16_192_64_0p5_0p02_0058_0007" 4628
"/Engine/EngineMaterials/Substrate/GLints/dict_16_192_64_0p5_0p02_0058_0008" 4629
"/Engine/EngineMaterials/Substrate/GLints/dict_16_192_64_0p5_0p02_0058_0009" 4630
"/Engine/EngineMaterials/Substrate/GLints/dict_16_192_64_0p5_0p02_0058_0010" 4631
"/Engine/EngineMaterials/Substrate/GLints/dict_16_192_64_0p5_0p02_0058_0011" 4632
"/Engine/EngineMaterials/Substrate/GLints/dict_16_192_64_0p5_0p02_0058_0012" 4633
"/Engine/EngineMaterials/Substrate/GLints/dict_16_192_64_0p5_0p02_0058_0013" 4634
"/Engine/EngineMaterials/Substrate/GLints/dict_16_192_64_0p5_0p02_0058_0014" 4635
"/Engine/EngineMaterials/Substrate/GLints/dict_16_192_64_0p5_0p02_0058_0015" 4636
"/Engine/EngineMaterials/Substrate/GLints/dict_16_192_64_0p5_0p02_0059_0000" 4637
"/Engine/EngineMaterials/Substrate/GLints/dict_16_192_64_0p5_0p02_0059_0001" 4638
"/Engine/EngineMaterials/Substrate/GLints/dict_16_192_64_0p5_0p02_0059_0002" 4639
"/Engine/EngineMaterials/Substrate/GLints/dict_16_192_64_0p5_0p02_0059_0003" 4640
"/Engine/EngineMaterials/Substrate/GLints/dict_16_192_64_0p5_0p02_0059_0004" 4641
"/Engine/EngineMaterials/Substrate/GLints/dict_16_192_64_0p5_0p02_0059_0005" 4642
"/Engine/EngineMaterials/Substrate/GLints/dict_16_192_64_0p5_0p02_0059_0006" 4643
"/Engine/EngineMaterials/Substrate/GLints/dict_16_192_64_0p5_0p02_0059_0007" 4644
"/Engine/EngineMaterials/Substrate/GLints/dict_16_192_64_0p5_0p02_0059_0008" 4645
"/Engine/EngineMaterials/Substrate/GLints/dict_16_192_64_0p5_0p02_0059_0009" 4646
"/Engine/EngineMaterials/Substrate/GLints/dict_16_192_64_0p5_0p02_0059_0010" 4647
"/Engine/EngineMaterials/Substrate/GLints/dict_16_192_64_0p5_0p02_0059_0011" 4648
"/Engine/EngineMaterials/Substrate/GLints/dict_16_192_64_0p5_0p02_0059_0012" 4649
"/Engine/EngineMaterials/Substrate/GLints/dict_16_192_64_0p5_0p02_0059_0014" 4650
"../../../Engine/Content/EngineMaterials/Substrate/GLints/dict_16_192_64_0p5_0p02_0059_0013.uasset" 4651
"/Engine/EngineMaterials/Substrate/GLints/dict_16_192_64_0p5_0p02_0059_0013" 4652
"../../../Engine/Content/EngineMaterials/Substrate/GLints/dict_16_192_64_0p5_0p02_0058_0005.uasset" 4653
"../../../Engine/Content/EngineMaterials/Substrate/GLints/dict_16_192_64_0p5_0p02_0057_0013.uasset" 4654
"../../../Engine/Content/EngineMaterials/Substrate/GLints/dict_16_192_64_0p5_0p02_0057_0014.uasset" 4655
"../../../Engine/Content/EngineMaterials/Substrate/GLints/dict_16_192_64_0p5_0p02_0057_0009.uasset" 4656
"../../../Engine/Content/EngineMaterials/Substrate/GLints/dict_16_192_64_0p5_0p02_0057_0012.uasset" 4657
"../../../Engine/Content/EngineMaterials/Substrate/GLints/dict_16_192_64_0p5_0p02_0057_0006.uasset" 4658
"../../../Engine/Content/EngineMaterials/Substrate/GLints/dict_16_192_64_0p5_0p02_0057_0008.uasset" 4659
"../../../Engine/Content/EngineMaterials/Substrate/GLints/dict_16_192_64_0p5_0p02_0057_0011.uasset" 4660
"../../../Engine/Content/EngineMaterials/Substrate/GLints/dict_16_192_64_0p5_0p02_0057_0004.uasset" 4661
"../../../Engine/Content/EngineMaterials/Substrate/GLints/dict_16_192_64_0p5_0p02_0057_0002.uasset" 4662
"../../../Engine/Content/EngineMaterials/Substrate/GLints/dict_16_192_64_0p5_0p02_0057_0007.uasset" 4663
"../../../Engine/Content/EngineMaterials/Substrate/GLints/dict_16_192_64_0p5_0p02_0057_0010.uasset" 4664
"../../../Engine/Content/EngineMaterials/Substrate/GLints/dict_16_192_64_0p5_0p02_0057_0005.uasset" 4665
"../../../Engine/Content/EngineMaterials/Substrate/GLints/dict_16_192_64_0p5_0p02_0057_0003.uasset" 4666
"../../../Engine/Content/EngineMaterials/Substrate/GLints/dict_16_192_64_0p5_0p02_0057_0001.uasset" 4667
"../../../Engine/Content/EngineMaterials/Substrate/GLints/dict_16_192_64_0p5_0p02_0056_0015.uasset" 4668
"../../../Engine/Content/EngineMaterials/Substrate/GLints/dict_16_192_64_0p5_0p02_0056_0014.uasset" 4669
"../../../Engine/Content/EngineMaterials/Substrate/GLints/dict_16_192_64_0p5_0p02_0057_0000.uasset" 4670
"../../../Engine/Content/EngineMaterials/Substrate/GLints/dict_16_192_64_0p5_0p02_0056_0010.uasset" 4671
"../../../Engine/Content/EngineMaterials/Substrate/GLints/dict_16_192_64_0p5_0p02_0056_0008.uasset" 4672
"../../../Engine/Content/EngineMaterials/Substrate/GLints/dict_16_192_64_0p5_0p02_0056_0007.uasset" 4673
"../../../Engine/Content/EngineMaterials/Substrate/GLints/dict_16_192_64_0p5_0p02_0056_0005.uasset" 4674
"../../../Engine/Content/EngineMaterials/Substrate/GLints/dict_16_192_64_0p5_0p02_0056_0009.uasset" 4675
"../../../Engine/Content/EngineMaterials/Substrate/GLints/dict_16_192_64_0p5_0p02_0056_0012.uasset" 4676
"../../../Engine/Content/EngineMaterials/Substrate/GLints/dict_16_192_64_0p5_0p02_0056_0013.uasset" 4677
"../../../Engine/Content/EngineMaterials/Substrate/GLints/dict_16_192_64_0p5_0p02_0056_0006.uasset" 4678
"../../../Engine/Content/EngineMaterials/Substrate/GLints/dict_16_192_64_0p5_0p02_0056_0004.uasset" 4679
"../../../Engine/Content/EngineMaterials/Substrate/GLints/dict_16_192_64_0p5_0p02_0056_0003.uasset" 4680
"../../../Engine/Content/EngineMaterials/Substrate/GLints/dict_16_192_64_0p5_0p02_0056_0011.uasset" 4681
"../../../Engine/Content/EngineMaterials/Substrate/GLints/dict_16_192_64_0p5_0p02_0056_0002.uasset" 4682
"../../../Engine/Content/EngineMaterials/Substrate/GLints/dict_16_192_64_0p5_0p02_0056_0001.uasset" 4683
"/Engine/EngineMaterials/Substrate/GLints/dict_16_192_64_0p5_0p02_0056_0001" 4684
"/Engine/EngineMaterials/Substrate/GLints/dict_16_192_64_0p5_0p02_0056_0002" 4685
"/Engine/EngineMaterials/Substrate/GLints/dict_16_192_64_0p5_0p02_0056_0003" 4686
"/Engine/EngineMaterials/Substrate/GLints/dict_16_192_64_0p5_0p02_0056_0004" 4687
"/Engine/EngineMaterials/Substrate/GLints/dict_16_192_64_0p5_0p02_0056_0005" 4688
"/Engine/EngineMaterials/Substrate/GLints/dict_16_192_64_0p5_0p02_0056_0006" 4689
"/Engine/EngineMaterials/Substrate/GLints/dict_16_192_64_0p5_0p02_0058_0005" 4690
"/Engine/EngineMaterials/Substrate/GLints/dict_16_192_64_0p5_0p02_0056_0007" 4691
"/Engine/EngineMaterials/Substrate/GLints/dict_16_192_64_0p5_0p02_0056_0008" 4692
"/Engine/EngineMaterials/Substrate/GLints/dict_16_192_64_0p5_0p02_0056_0009" 4693
"/Engine/EngineMaterials/Substrate/GLints/dict_16_192_64_0p5_0p02_0056_0010" 4694
"/Engine/EngineMaterials/Substrate/GLints/dict_16_192_64_0p5_0p02_0056_0011" 4695
"/Engine/EngineMaterials/Substrate/GLints/dict_16_192_64_0p5_0p02_0056_0012" 4696
"/Engine/EngineMaterials/Substrate/GLints/dict_16_192_64_0p5_0p02_0056_0013" 4697
"/Engine/EngineMaterials/Substrate/GLints/dict_16_192_64_0p5_0p02_0056_0014" 4698
"/Engine/EngineMaterials/Substrate/GLints/dict_16_192_64_0p5_0p02_0056_0015" 4699
"/Engine/EngineMaterials/Substrate/GLints/dict_16_192_64_0p5_0p02_0057_0000" 4700
"/Engine/EngineMaterials/Substrate/GLints/dict_16_192_64_0p5_0p02_0057_0001" 4701
"/Engine/EngineMaterials/Substrate/GLints/dict_16_192_64_0p5_0p02_0057_0002" 4702
"/Engine/EngineMaterials/Substrate/GLints/dict_16_192_64_0p5_0p02_0057_0003" 4703
"/Engine/EngineMaterials/Substrate/GLints/dict_16_192_64_0p5_0p02_0057_0004" 4704
"/Engine/EngineMaterials/Substrate/GLints/dict_16_192_64_0p5_0p02_0057_0005" 4705
"/Engine/EngineMaterials/Substrate/GLints/dict_16_192_64_0p5_0p02_0057_0006" 4706
"/Engine/EngineMaterials/Substrate/GLints/dict_16_192_64_0p5_0p02_0057_0007" 4707
"/Engine/EngineMaterials/Substrate/GLints/dict_16_192_64_0p5_0p02_0057_0008" 4708
"/Engine/EngineMaterials/Substrate/GLints/dict_16_192_64_0p5_0p02_0057_0009" 4709
"/Engine/EngineMaterials/Substrate/GLints/dict_16_192_64_0p5_0p02_0057_0010" 4710
"/Engine/EngineMaterials/Substrate/GLints/dict_16_192_64_0p5_0p02_0057_0011" 4711
"/Engine/EngineMaterials/Substrate/GLints/dict_16_192_64_0p5_0p02_0057_0012" 4712
"/Engine/EngineMaterials/Substrate/GLints/dict_16_192_64_0p5_0p02_0057_0013" 4713
"/Engine/EngineMaterials/Substrate/GLints/dict_16_192_64_0p5_0p02_0057_0014" 4714
"../../../Engine/Content/EngineMaterials/Substrate/GLints/dict_16_192_64_0p5_0p02_0056_0000.uasset" 4715
"../../../Engine/Content/EngineMaterials/Substrate/GLints/dict_16_192_64_0p5_0p02_0055_0014.uasset" 4716
"../../../Engine/Content/EngineMaterials/Substrate/GLints/dict_16_192_64_0p5_0p02_0055_0015.uasset" 4717
"../../../Engine/Content/EngineMaterials/Substrate/GLints/dict_16_192_64_0p5_0p02_0055_0013.uasset" 4718
"../../../Engine/Content/EngineMaterials/Substrate/GLints/dict_16_192_64_0p5_0p02_0055_0010.uasset" 4719
"../../../Engine/Content/EngineMaterials/Substrate/GLints/dict_16_192_64_0p5_0p02_0055_0009.uasset" 4720
"../../../Engine/Content/EngineMaterials/Substrate/GLints/dict_16_192_64_0p5_0p02_0055_0012.uasset" 4721
"../../../Engine/Content/EngineMaterials/Substrate/GLints/dict_16_192_64_0p5_0p02_0055_0006.uasset" 4722
"../../../Engine/Content/EngineMaterials/Substrate/GLints/dict_16_192_64_0p5_0p02_0055_0005.uasset" 4723
"../../../Engine/Content/EngineMaterials/Substrate/GLints/dict_16_192_64_0p5_0p02_0055_0011.uasset" 4724
"../../../Engine/Content/EngineMaterials/Substrate/GLints/dict_16_192_64_0p5_0p02_0055_0007.uasset" 4725
"../../../Engine/Content/EngineMaterials/Substrate/GLints/dict_16_192_64_0p5_0p02_0055_0003.uasset" 4726
"../../../Engine/Content/EngineMaterials/Substrate/GLints/dict_16_192_64_0p5_0p02_0055_0004.uasset" 4727
"../../../Engine/Content/EngineMaterials/Substrate/GLints/dict_16_192_64_0p5_0p02_0055_0001.uasset" 4728
"../../../Engine/Content/EngineMaterials/Substrate/GLints/dict_16_192_64_0p5_0p02_0055_0000.uasset" 4729
"../../../Engine/Content/EngineMaterials/Substrate/GLints/dict_16_192_64_0p5_0p02_0055_0002.uasset" 4730
"../../../Engine/Content/EngineMaterials/Substrate/GLints/dict_16_192_64_0p5_0p02_0054_0015.uasset" 4731
"../../../Engine/Content/EngineMaterials/Substrate/GLints/dict_16_192_64_0p5_0p02_0054_0014.uasset" 4732
"../../../Engine/Content/EngineMaterials/Substrate/GLints/dict_16_192_64_0p5_0p02_0054_0013.uasset" 4733
"../../../Engine/Content/EngineMaterials/Substrate/GLints/dict_16_192_64_0p5_0p02_0055_0008.uasset" 4734
"../../../Engine/Content/EngineMaterials/Substrate/GLints/dict_16_192_64_0p5_0p02_0054_0011.uasset" 4735
"../../../Engine/Content/EngineMaterials/Substrate/GLints/dict_16_192_64_0p5_0p02_0054_0010.uasset" 4736
"../../../Engine/Content/EngineMaterials/Substrate/GLints/dict_16_192_64_0p5_0p02_0054_0009.uasset" 4737
"../../../Engine/Content/EngineMaterials/Substrate/GLints/dict_16_192_64_0p5_0p02_0054_0012.uasset" 4738
"../../../Engine/Content/EngineMaterials/Substrate/GLints/dict_16_192_64_0p5_0p02_0054_0005.uasset" 4739
"../../../Engine/Content/EngineMaterials/Substrate/GLints/dict_16_192_64_0p5_0p02_0054_0007.uasset" 4740
"../../../Engine/Content/EngineMaterials/Substrate/GLints/dict_16_192_64_0p5_0p02_0054_0008.uasset" 4741
"../../../Engine/Content/EngineMaterials/Substrate/GLints/dict_16_192_64_0p5_0p02_0054_0004.uasset" 4742
"../../../Engine/Content/EngineMaterials/Substrate/GLints/dict_16_192_64_0p5_0p02_0054_0001.uasset" 4743
"../../../Engine/Content/EngineMaterials/Substrate/GLints/dict_16_192_64_0p5_0p02_0054_0006.uasset" 4744
"../../../Engine/Content/EngineMaterials/Substrate/GLints/dict_16_192_64_0p5_0p02_0054_0002.uasset" 4745
"../../../Engine/Content/EngineMaterials/Substrate/GLints/dict_16_192_64_0p5_0p02_0054_0003.uasset" 4746
"/Engine/EngineMaterials/Substrate/GLints/dict_16_192_64_0p5_0p02_0054_0001" 4747
"/Engine/EngineMaterials/Substrate/GLints/dict_16_192_64_0p5_0p02_0054_0002" 4748
"/Engine/EngineMaterials/Substrate/GLints/dict_16_192_64_0p5_0p02_0054_0003" 4749
"/Engine/EngineMaterials/Substrate/GLints/dict_16_192_64_0p5_0p02_0054_0004" 4750
"/Engine/EngineMaterials/Substrate/GLints/dict_16_192_64_0p5_0p02_0054_0005" 4751
"/Engine/EngineMaterials/Substrate/GLints/dict_16_192_64_0p5_0p02_0054_0006" 4752
"/Engine/EngineMaterials/Substrate/GLints/dict_16_192_64_0p5_0p02_0054_0007" 4753
"/Engine/EngineMaterials/Substrate/GLints/dict_16_192_64_0p5_0p02_0054_0008" 4754
"/Engine/EngineMaterials/Substrate/GLints/dict_16_192_64_0p5_0p02_0054_0009" 4755
"/Engine/EngineMaterials/Substrate/GLints/dict_16_192_64_0p5_0p02_0054_0010" 4756
"/Engine/EngineMaterials/Substrate/GLints/dict_16_192_64_0p5_0p02_0054_0011" 4757
"/Engine/EngineMaterials/Substrate/GLints/dict_16_192_64_0p5_0p02_0054_0012" 4758
"/Engine/EngineMaterials/Substrate/GLints/dict_16_192_64_0p5_0p02_0054_0013" 4759
"/Engine/EngineMaterials/Substrate/GLints/dict_16_192_64_0p5_0p02_0054_0014" 4760
"/Engine/EngineMaterials/Substrate/GLints/dict_16_192_64_0p5_0p02_0054_0015" 4761
"/Engine/EngineMaterials/Substrate/GLints/dict_16_192_64_0p5_0p02_0055_0000" 4762
"/Engine/EngineMaterials/Substrate/GLints/dict_16_192_64_0p5_0p02_0055_0001" 4763
"/Engine/EngineMaterials/Substrate/GLints/dict_16_192_64_0p5_0p02_0055_0002" 4764
"/Engine/EngineMaterials/Substrate/GLints/dict_16_192_64_0p5_0p02_0055_0003" 4765
"/Engine/EngineMaterials/Substrate/GLints/dict_16_192_64_0p5_0p02_0055_0004" 4766
"/Engine/EngineMaterials/Substrate/GLints/dict_16_192_64_0p5_0p02_0055_0005" 4767
"/Engine/EngineMaterials/Substrate/GLints/dict_16_192_64_0p5_0p02_0055_0006" 4768
"/Engine/EngineMaterials/Substrate/GLints/dict_16_192_64_0p5_0p02_0055_0007" 4769
"/Engine/EngineMaterials/Substrate/GLints/dict_16_192_64_0p5_0p02_0055_0008" 4770
"/Engine/EngineMaterials/Substrate/GLints/dict_16_192_64_0p5_0p02_0055_0009" 4771
"/Engine/EngineMaterials/Substrate/GLints/dict_16_192_64_0p5_0p02_0055_0010" 4772
"/Engine/EngineMaterials/Substrate/GLints/dict_16_192_64_0p5_0p02_0055_0011" 4773
"/Engine/EngineMaterials/Substrate/GLints/dict_16_192_64_0p5_0p02_0055_0012" 4774
"/Engine/EngineMaterials/Substrate/GLints/dict_16_192_64_0p5_0p02_0055_0013" 4775
"/Engine/EngineMaterials/Substrate/GLints/dict_16_192_64_0p5_0p02_0055_0014" 4776
"/Engine/EngineMaterials/Substrate/GLints/dict_16_192_64_0p5_0p02_0056_0000" 4777
"/Engine/EngineMaterials/Substrate/GLints/dict_16_192_64_0p5_0p02_0055_0015" 4778
"../../../Engine/Content/EngineMaterials/Substrate/GLints/dict_16_192_64_0p5_0p02_0053_0009.uasset" 4779
"../../../Engine/Content/EngineMaterials/Substrate/GLints/dict_16_192_64_0p5_0p02_0053_0014.uasset" 4780
"../../../Engine/Content/EngineMaterials/Substrate/GLints/dict_16_192_64_0p5_0p02_0054_0000.uasset" 4781
"../../../Engine/Content/EngineMaterials/Substrate/GLints/dict_16_192_64_0p5_0p02_0053_0015.uasset" 4782
"../../../Engine/Content/EngineMaterials/Substrate/GLints/dict_16_192_64_0p5_0p02_0053_0012.uasset" 4783
"../../../Engine/Content/EngineMaterials/Substrate/GLints/dict_16_192_64_0p5_0p02_0053_0008.uasset" 4784
"../../../Engine/Content/EngineMaterials/Substrate/GLints/dict_16_192_64_0p5_0p02_0053_0004.uasset" 4785
"../../../Engine/Content/EngineMaterials/Substrate/GLints/dict_16_192_64_0p5_0p02_0053_0005.uasset" 4786
"../../../Engine/Content/EngineMaterials/Substrate/GLints/dict_16_192_64_0p5_0p02_0053_0007.uasset" 4787
"../../../Engine/Content/EngineMaterials/Substrate/GLints/dict_16_192_64_0p5_0p02_0053_0013.uasset" 4788
"../../../Engine/Content/EngineMaterials/Substrate/GLints/dict_16_192_64_0p5_0p02_0053_0006.uasset" 4789
"../../../Engine/Content/EngineMaterials/Substrate/GLints/dict_16_192_64_0p5_0p02_0053_0011.uasset" 4790
"/Engine/EngineMaterials/Substrate/GLints/dict_16_192_64_0p5_0p02_0053_0004" 4791
"/Engine/EngineMaterials/Substrate/GLints/dict_16_192_64_0p5_0p02_0053_0005" 4792
"/Engine/EngineMaterials/Substrate/GLints/dict_16_192_64_0p5_0p02_0053_0007" 4793
"../../../Engine/Content/EngineMaterials/Substrate/GLints/dict_16_192_64_0p5_0p02_0053_0000.uasset" 4794
"/Engine/EngineMaterials/Substrate/GLints/dict_16_192_64_0p5_0p02_0053_0008" 4795
"../../../Engine/Content/EngineMaterials/Substrate/GLints/dict_16_192_64_0p5_0p02_0053_0003.uasset" 4796
"/Engine/EngineMaterials/Substrate/GLints/dict_16_192_64_0p5_0p02_0053_0009" 4797
"../../../Engine/Content/EngineMaterials/Substrate/GLints/dict_16_192_64_0p5_0p02_0052_0015.uasset" 4798
"/Engine/EngineMaterials/Substrate/GLints/dict_16_192_64_0p5_0p02_0053_0012" 4799
"../../../Engine/Content/EngineMaterials/Substrate/GLints/dict_16_192_64_0p5_0p02_0053_0001.uasset" 4800
"/Engine/EngineMaterials/Substrate/GLints/dict_16_192_64_0p5_0p02_0053_0013" 4801
"/Engine/EngineMaterials/Substrate/GLints/dict_16_192_64_0p5_0p02_0053_0014" 4802
"../../../Engine/Content/EngineMaterials/Substrate/GLints/dict_16_192_64_0p5_0p02_0052_0014.uasset" 4803
"../../../Engine/Content/EngineMaterials/Substrate/GLints/dict_16_192_64_0p5_0p02_0053_0002.uasset" 4804
"/Engine/EngineMaterials/Substrate/GLints/dict_16_192_64_0p5_0p02_0053_0015" 4805
"/Engine/EngineMaterials/Substrate/GLints/dict_16_192_64_0p5_0p02_0054_0000" 4806
"../../../Engine/Content/EngineMaterials/Substrate/GLints/dict_16_192_64_0p5_0p02_0052_0012.uasset" 4807
"/Engine/EngineMaterials/Substrate/GLints/dict_16_192_64_0p5_0p02_0052_0012" 4808
"/Engine/EngineMaterials/Substrate/GLints/dict_16_192_64_0p5_0p02_0052_0014" 4809
"/Engine/EngineMaterials/Substrate/GLints/dict_16_192_64_0p5_0p02_0052_0015" 4810
"/Engine/EngineMaterials/Substrate/GLints/dict_16_192_64_0p5_0p02_0053_0000" 4811
"/Engine/EngineMaterials/Substrate/GLints/dict_16_192_64_0p5_0p02_0053_0001" 4812
"../../../Engine/Content/EngineMaterials/Substrate/GLints/dict_16_192_64_0p5_0p02_0052_0011.uasset" 4813
"/Engine/EngineMaterials/Substrate/GLints/dict_16_192_64_0p5_0p02_0053_0002" 4814
"/Engine/EngineMaterials/Substrate/GLints/dict_16_192_64_0p5_0p02_0053_0003" 4815
"../../../Engine/Content/EngineMaterials/Substrate/GLints/dict_16_192_64_0p5_0p02_0052_0010.uasset" 4816
"/Engine/EngineMaterials/Substrate/GLints/dict_16_192_64_0p5_0p02_0053_0006" 4817
"/Engine/EngineMaterials/Substrate/GLints/dict_16_192_64_0p5_0p02_0053_0011" 4818
"/Engine/EngineMaterials/Substrate/GLints/dict_16_192_64_0p5_0p02_0052_0010" 4819
"/Engine/EngineMaterials/Substrate/GLints/dict_16_192_64_0p5_0p02_0052_0011" 4820
"../../../Engine/Content/EngineMaterials/Substrate/GLints/dict_16_192_64_0p5_0p02_0052_0009.uasset" 4821
"../../../Engine/Content/EngineMaterials/Substrate/GLints/dict_16_192_64_0p5_0p02_0052_0006.uasset" 4822
"../../../Engine/Content/EngineMaterials/Substrate/GLints/dict_16_192_64_0p5_0p02_0052_0013.uasset" 4823
"../../../Engine/Content/EngineMaterials/Substrate/GLints/dict_16_192_64_0p5_0p02_0052_0004.uasset" 4824
"../../../Engine/Content/EngineMaterials/Substrate/GLints/dict_16_192_64_0p5_0p02_0052_0005.uasset" 4825
"../../../Engine/Content/EngineMaterials/Substrate/GLints/dict_16_192_64_0p5_0p02_0052_0002.uasset" 4826
"../../../Engine/Content/EngineMaterials/Substrate/GLints/dict_16_192_64_0p5_0p02_0052_0008.uasset" 4827
"../../../Engine/Content/EngineMaterials/Substrate/GLints/dict_16_192_64_0p5_0p02_0052_0003.uasset" 4828
"../../../Engine/Content/EngineMaterials/Substrate/GLints/dict_16_192_64_0p5_0p02_0052_0007.uasset" 4829
"../../../Engine/Content/EngineMaterials/Substrate/GLints/dict_16_192_64_0p5_0p02_0052_0001.uasset" 4830
"/Engine/EngineMaterials/Substrate/GLints/dict_16_192_64_0p5_0p02_0052_0001" 4831
"/Engine/EngineMaterials/Substrate/GLints/dict_16_192_64_0p5_0p02_0052_0002" 4832
"/Engine/EngineMaterials/Substrate/GLints/dict_16_192_64_0p5_0p02_0052_0003" 4833
"/Engine/EngineMaterials/Substrate/GLints/dict_16_192_64_0p5_0p02_0052_0004" 4834
"/Engine/EngineMaterials/Substrate/GLints/dict_16_192_64_0p5_0p02_0052_0005" 4835
"../../../Engine/Content/EngineMaterials/Substrate/GLints/dict_16_192_64_0p5_0p02_0051_0014.uasset" 4836
"../../../Engine/Content/EngineMaterials/Substrate/GLints/dict_16_192_64_0p5_0p02_0052_0000.uasset" 4837
"../../../Engine/Content/EngineMaterials/Substrate/GLints/dict_16_192_64_0p5_0p02_0051_0013.uasset" 4838
"../../../Engine/Content/EngineMaterials/Substrate/GLints/dict_16_192_64_0p5_0p02_0051_0011.uasset" 4839
"../../../Engine/Content/EngineMaterials/Substrate/GLints/dict_16_192_64_0p5_0p02_0051_0015.uasset" 4840
"/Engine/EngineMaterials/Substrate/GLints/dict_16_192_64_0p5_0p02_0052_0006" 4841
"../../../Engine/Content/EngineMaterials/Substrate/GLints/dict_16_192_64_0p5_0p02_0051_0012.uasset" 4842
"/Engine/EngineMaterials/Substrate/GLints/dict_16_192_64_0p5_0p02_0052_0007" 4843
"/Engine/EngineMaterials/Substrate/GLints/dict_16_192_64_0p5_0p02_0052_0008" 4844
"/Engine/EngineMaterials/Substrate/GLints/dict_16_192_64_0p5_0p02_0052_0009" 4845
"/Engine/EngineMaterials/Substrate/GLints/dict_16_192_64_0p5_0p02_0052_0013" 4846
"/Engine/EngineMaterials/Substrate/GLints/dict_16_192_64_0p5_0p02_0051_0011" 4847
"/Engine/EngineMaterials/Substrate/GLints/dict_16_192_64_0p5_0p02_0051_0012" 4848
"/Engine/EngineMaterials/Substrate/GLints/dict_16_192_64_0p5_0p02_0051_0013" 4849
"/Engine/EngineMaterials/Substrate/GLints/dict_16_192_64_0p5_0p02_0051_0014" 4850
"../../../Engine/Content/EngineMaterials/Substrate/GLints/dict_16_192_64_0p5_0p02_0051_0009.uasset" 4851
"../../../Engine/Content/EngineMaterials/Substrate/GLints/dict_16_192_64_0p5_0p02_0051_0010.uasset" 4852
"/Engine/EngineMaterials/Substrate/GLints/dict_16_192_64_0p5_0p02_0051_0015" 4853
"/Engine/EngineMaterials/Substrate/GLints/dict_16_192_64_0p5_0p02_0052_0000" 4854
"/Engine/EngineMaterials/Substrate/GLints/dict_16_192_64_0p5_0p02_0051_0009" 4855
"../../../Engine/Content/EngineMaterials/Substrate/GLints/dict_16_192_64_0p5_0p02_0051_0006.uasset" 4856
"../../../Engine/Content/EngineMaterials/Substrate/GLints/dict_16_192_64_0p5_0p02_0051_0007.uasset" 4857
"/Engine/EngineMaterials/Substrate/GLints/dict_16_192_64_0p5_0p02_0051_0010" 4858
"/Engine/EngineMaterials/Substrate/GLints/dict_16_192_64_0p5_0p02_0051_0007" 4859
"../../../Engine/Content/EngineMaterials/Substrate/GLints/dict_16_192_64_0p5_0p02_0051_0008.uasset" 4860
"/Engine/EngineMaterials/Substrate/GLints/dict_16_192_64_0p5_0p02_0051_0006" 4861
"/Engine/EngineMaterials/Substrate/GLints/dict_16_192_64_0p5_0p02_0051_0008" 4862
"../../../Engine/Content/EngineMaterials/Substrate/GLints/dict_16_192_64_0p5_0p02_0051_0005.uasset" 4863
"../../../Engine/Content/EngineMaterials/Substrate/GLints/dict_16_192_64_0p5_0p02_0051_0003.uasset" 4864
"../../../Engine/Content/EngineMaterials/Substrate/GLints/dict_16_192_64_0p5_0p02_0051_0004.uasset" 4865
"../../../Engine/Content/EngineMaterials/Substrate/GLints/dict_16_192_64_0p5_0p02_0051_0002.uasset" 4866
"../../../Engine/Content/EngineMaterials/Substrate/GLints/dict_16_192_64_0p5_0p02_0051_0000.uasset" 4867
"../../../Engine/Content/EngineMaterials/Substrate/GLints/dict_16_192_64_0p5_0p02_0051_0001.uasset" 4868
"../../../Engine/Content/EngineMaterials/Substrate/GLints/dict_16_192_64_0p5_0p02_0050_0013.uasset" 4869
"../../../Engine/Content/EngineMaterials/Substrate/GLints/dict_16_192_64_0p5_0p02_0050_0014.uasset" 4870
"../../../Engine/Content/EngineMaterials/Substrate/GLints/dict_16_192_64_0p5_0p02_0050_0015.uasset" 4871
"../../../Engine/Content/EngineMaterials/Substrate/GLints/dict_16_192_64_0p5_0p02_0050_0011.uasset" 4872
"../../../Engine/Content/EngineMaterials/Substrate/GLints/dict_16_192_64_0p5_0p02_0050_0012.uasset" 4873
"../../../Engine/Content/EngineMaterials/Substrate/GLints/dict_16_192_64_0p5_0p02_0050_0007.uasset" 4874
"../../../Engine/Content/EngineMaterials/Substrate/GLints/dict_16_192_64_0p5_0p02_0050_0008.uasset" 4875
"../../../Engine/Content/EngineMaterials/Substrate/GLints/dict_16_192_64_0p5_0p02_0050_0009.uasset" 4876
"../../../Engine/Content/EngineMaterials/Substrate/GLints/dict_16_192_64_0p5_0p02_0050_0010.uasset" 4877
"/Engine/EngineMaterials/Substrate/GLints/dict_16_192_64_0p5_0p02_0050_0007" 4878
"/Engine/EngineMaterials/Substrate/GLints/dict_16_192_64_0p5_0p02_0050_0008" 4879
"/Engine/EngineMaterials/Substrate/GLints/dict_16_192_64_0p5_0p02_0050_0009" 4880
"/Engine/EngineMaterials/Substrate/GLints/dict_16_192_64_0p5_0p02_0050_0010" 4881
"/Engine/EngineMaterials/Substrate/GLints/dict_16_192_64_0p5_0p02_0050_0012" 4882
"../../../Engine/Content/EngineMaterials/Substrate/GLints/dict_16_192_64_0p5_0p02_0050_0006.uasset" 4883
"/Engine/EngineMaterials/Substrate/GLints/dict_16_192_64_0p5_0p02_0050_0013" 4884
"/Engine/EngineMaterials/Substrate/GLints/dict_16_192_64_0p5_0p02_0050_0014" 4885
"../../../Engine/Content/EngineMaterials/Substrate/GLints/dict_16_192_64_0p5_0p02_0050_0003.uasset" 4886
"../../../Engine/Content/EngineMaterials/Substrate/GLints/dict_16_192_64_0p5_0p02_0050_0004.uasset" 4887
"../../../Engine/Content/EngineMaterials/Substrate/GLints/dict_16_192_64_0p5_0p02_0050_0002.uasset" 4888
"/Engine/EngineMaterials/Substrate/GLints/dict_16_192_64_0p5_0p02_0050_0011" 4889
"../../../Engine/Content/EngineMaterials/Substrate/GLints/dict_16_192_64_0p5_0p02_0050_0005.uasset" 4890
"../../../Engine/Content/EngineMaterials/Substrate/GLints/dict_16_192_64_0p5_0p02_0050_0001.uasset" 4891
"/Engine/EngineMaterials/Substrate/GLints/dict_16_192_64_0p5_0p02_0050_0015" 4892
"/Engine/EngineMaterials/Substrate/GLints/dict_16_192_64_0p5_0p02_0051_0000" 4893
"/Engine/EngineMaterials/Substrate/GLints/dict_16_192_64_0p5_0p02_0051_0001" 4894
"/Engine/EngineMaterials/Substrate/GLints/dict_16_192_64_0p5_0p02_0051_0002" 4895
"/Engine/EngineMaterials/Substrate/GLints/dict_16_192_64_0p5_0p02_0051_0003" 4896
"/Engine/EngineMaterials/Substrate/GLints/dict_16_192_64_0p5_0p02_0051_0004" 4897
"/Engine/EngineMaterials/Substrate/GLints/dict_16_192_64_0p5_0p02_0051_0005" 4898
"/Engine/EngineMaterials/Substrate/GLints/dict_16_192_64_0p5_0p02_0050_0002" 4899
"/Engine/EngineMaterials/Substrate/GLints/dict_16_192_64_0p5_0p02_0050_0003" 4900
"/Engine/EngineMaterials/Substrate/GLints/dict_16_192_64_0p5_0p02_0050_0004" 4901
"/Engine/EngineMaterials/Substrate/GLints/dict_16_192_64_0p5_0p02_0050_0005" 4902
"/Engine/EngineMaterials/Substrate/GLints/dict_16_192_64_0p5_0p02_0050_0006" 4903
"../../../Engine/Content/EngineMaterials/Substrate/GLints/dict_16_192_64_0p5_0p02_0049_0014.uasset" 4904
"/Engine/EngineMaterials/Substrate/GLints/dict_16_192_64_0p5_0p02_0050_0001" 4905
"/Engine/EngineMaterials/Substrate/GLints/dict_16_192_64_0p5_0p02_0049_0014" 4906
"../../../Engine/Content/EngineMaterials/Substrate/GLints/dict_16_192_64_0p5_0p02_0049_0011.uasset" 4907
"../../../Engine/Content/EngineMaterials/Substrate/GLints/dict_16_192_64_0p5_0p02_0049_0013.uasset" 4908
"../../../Engine/Content/EngineMaterials/Substrate/GLints/dict_16_192_64_0p5_0p02_0049_0012.uasset" 4909
"/Engine/EngineMaterials/Substrate/GLints/dict_16_192_64_0p5_0p02_0049_0011" 4910
"../../../Engine/Content/EngineMaterials/Substrate/GLints/dict_16_192_64_0p5_0p02_0050_0000.uasset" 4911
"/Engine/EngineMaterials/Substrate/GLints/dict_16_192_64_0p5_0p02_0049_0013" 4912
"../../../Engine/Content/EngineMaterials/Substrate/GLints/dict_16_192_64_0p5_0p02_0049_0015.uasset" 4913
"/Engine/EngineMaterials/Substrate/GLints/dict_16_192_64_0p5_0p02_0049_0012" 4914
"/Engine/EngineMaterials/Substrate/GLints/dict_16_192_64_0p5_0p02_0050_0000" 4915
"/Engine/EngineMaterials/Substrate/GLints/dict_16_192_64_0p5_0p02_0049_0015" 4916
"../../../Engine/Content/EngineMaterials/Substrate/GLints/dict_16_192_64_0p5_0p02_0049_0008.uasset" 4917
"../../../Engine/Content/EngineMaterials/Substrate/GLints/dict_16_192_64_0p5_0p02_0049_0010.uasset" 4918
"../../../Engine/Content/EngineMaterials/Substrate/GLints/dict_16_192_64_0p5_0p02_0049_0009.uasset" 4919
"../../../Engine/Content/EngineMaterials/Substrate/GLints/dict_16_192_64_0p5_0p02_0049_0005.uasset" 4920
"../../../Engine/Content/EngineMaterials/Substrate/GLints/dict_16_192_64_0p5_0p02_0049_0007.uasset" 4921
"../../../Engine/Content/EngineMaterials/Substrate/GLints/dict_16_192_64_0p5_0p02_0049_0006.uasset" 4922
"../../../Engine/Content/EngineMaterials/Substrate/GLints/dict_16_192_64_0p5_0p02_0049_0004.uasset" 4923
"../../../Engine/Content/EngineMaterials/Substrate/GLints/dict_16_192_64_0p5_0p02_0049_0003.uasset" 4924
"../../../Engine/Content/EngineMaterials/Substrate/GLints/dict_16_192_64_0p5_0p02_0053_0010.uasset" 4925
"../../../Engine/Content/EngineMaterials/Substrate/GLints/dict_16_192_64_0p5_0p02_0048_0015.uasset" 4926
"/Engine/EngineMaterials/Substrate/GLints/dict_16_192_64_0p5_0p02_0048_0015" 4927
"../../../Engine/Content/EngineMaterials/Substrate/GLints/dict_16_192_64_0p5_0p02_0049_0001.uasset" 4928
"../../../Engine/Content/EngineMaterials/Substrate/GLints/dict_16_192_64_0p5_0p02_0049_0000.uasset" 4929
"../../../Engine/Content/EngineMaterials/Substrate/GLints/dict_16_192_64_0p5_0p02_0049_0002.uasset" 4930
"../../../Engine/Content/EngineMaterials/Substrate/GLints/dict_16_192_64_0p5_0p02_0048_0014.uasset" 4931
"../../../Engine/Content/EngineMaterials/Substrate/GLints/dict_16_192_64_0p5_0p02_0048_0013.uasset" 4932
"../../../Engine/Content/EngineMaterials/Substrate/GLints/dict_16_192_64_0p5_0p02_0048_0012.uasset" 4933
"../../../Engine/Content/EngineMaterials/Substrate/GLints/dict_16_192_64_0p5_0p02_0048_0010.uasset" 4934
"/Engine/EngineMaterials/Substrate/GLints/dict_16_192_64_0p5_0p02_0049_0003" 4935
"/Engine/EngineMaterials/Substrate/GLints/dict_16_192_64_0p5_0p02_0049_0004" 4936
"/Engine/EngineMaterials/Substrate/GLints/dict_16_192_64_0p5_0p02_0049_0005" 4937
"/Engine/EngineMaterials/Substrate/GLints/dict_16_192_64_0p5_0p02_0049_0008" 4938
"/Engine/EngineMaterials/Substrate/GLints/dict_16_192_64_0p5_0p02_0049_0007" 4939
"/Engine/EngineMaterials/Substrate/GLints/dict_16_192_64_0p5_0p02_0049_0006" 4940
"/Engine/EngineMaterials/Substrate/GLints/dict_16_192_64_0p5_0p02_0049_0010" 4941
"/Engine/EngineMaterials/Substrate/GLints/dict_16_192_64_0p5_0p02_0053_0010" 4942
"../../../Engine/Content/EngineMaterials/Substrate/GLints/dict_16_192_64_0p5_0p02_0048_0006.uasset" 4943
"/Engine/EngineMaterials/Substrate/GLints/dict_16_192_64_0p5_0p02_0049_0009" 4944
"/Engine/EngineMaterials/Substrate/GLints/dict_16_192_64_0p5_0p02_0048_0006" 4945
"/Engine/EngineMaterials/Substrate/GLints/dict_16_192_64_0p5_0p02_0048_0010" 4946
"/Engine/EngineMaterials/Substrate/GLints/dict_16_192_64_0p5_0p02_0048_0012" 4947
"../../../Engine/Content/EngineMaterials/Substrate/GLints/dict_16_192_64_0p5_0p02_0048_0008.uasset" 4948
"/Engine/EngineMaterials/Substrate/GLints/dict_16_192_64_0p5_0p02_0048_0013" 4949
"../../../Engine/Content/EngineMaterials/Substrate/GLints/dict_16_192_64_0p5_0p02_0048_0004.uasset" 4950
"../../../Engine/Content/EngineMaterials/Substrate/GLints/dict_16_192_64_0p5_0p02_0048_0003.uasset" 4951
"/Engine/EngineMaterials/Substrate/GLints/dict_16_192_64_0p5_0p02_0048_0014" 4952
"/Engine/EngineMaterials/Substrate/GLints/dict_16_192_64_0p5_0p02_0049_0000" 4953
"/Engine/EngineMaterials/Substrate/GLints/dict_16_192_64_0p5_0p02_0049_0001" 4954
"../../../Engine/Content/EngineMaterials/Substrate/GLints/dict_16_192_64_0p5_0p02_0048_0007.uasset" 4955
"/Engine/EngineMaterials/Substrate/GLints/dict_16_192_64_0p5_0p02_0049_0002" 4956
"/Engine/EngineMaterials/Substrate/GLints/dict_16_192_64_0p5_0p02_0048_0003" 4957
"/Engine/EngineMaterials/Substrate/GLints/dict_16_192_64_0p5_0p02_0048_0004" 4958
"/Engine/EngineMaterials/Substrate/GLints/dict_16_192_64_0p5_0p02_0048_0008" 4959
"/Engine/EngineMaterials/Substrate/GLints/dict_16_192_64_0p5_0p02_0048_0007" 4960
"../../../Engine/Content/EngineMaterials/Substrate/GLints/dict_16_192_64_0p5_0p02_0048_0009.uasset" 4961
"../../../Engine/Content/EngineMaterials/Substrate/GLints/dict_16_192_64_0p5_0p02_0047_0015.uasset" 4962
"../../../Engine/Content/EngineMaterials/Substrate/GLints/dict_16_192_64_0p5_0p02_0048_0000.uasset" 4963
"../../../Engine/Content/EngineMaterials/Substrate/GLints/dict_16_192_64_0p5_0p02_0048_0001.uasset" 4964
"../../../Engine/Content/EngineMaterials/Substrate/GLints/dict_16_192_64_0p5_0p02_0048_0005.uasset" 4965
"../../../Engine/Content/EngineMaterials/Substrate/GLints/dict_16_192_64_0p5_0p02_0048_0002.uasset" 4966
"../../../Engine/Content/EngineMaterials/Substrate/GLints/dict_16_192_64_0p5_0p02_0047_0014.uasset" 4967
"../../../Engine/Content/EngineMaterials/Substrate/GLints/dict_16_192_64_0p5_0p02_0047_0008.uasset" 4968
"../../../Engine/Content/EngineMaterials/Substrate/GLints/dict_16_192_64_0p5_0p02_0047_0009.uasset" 4969
"../../../Engine/Content/EngineMaterials/Substrate/GLints/dict_16_192_64_0p5_0p02_0047_0010.uasset" 4970
"../../../Engine/Content/EngineMaterials/Substrate/GLints/dict_16_192_64_0p5_0p02_0047_0012.uasset" 4971
"../../../Engine/Content/EngineMaterials/Substrate/GLints/dict_16_192_64_0p5_0p02_0047_0011.uasset" 4972
"/Engine/EngineMaterials/Substrate/GLints/dict_16_192_64_0p5_0p02_0048_0002" 4973
"../../../Engine/Content/EngineMaterials/Substrate/GLints/dict_16_192_64_0p5_0p02_0047_0013.uasset" 4974
"../../../Engine/Content/EngineMaterials/Substrate/GLints/dict_16_192_64_0p5_0p02_0047_0007.uasset" 4975
"/Engine/EngineMaterials/Substrate/GLints/dict_16_192_64_0p5_0p02_0048_0005" 4976
"/Engine/EngineMaterials/Substrate/GLints/dict_16_192_64_0p5_0p02_0048_0009" 4977
"/Engine/EngineMaterials/Substrate/GLints/dict_16_192_64_0p5_0p02_0047_0008" 4978
"/Engine/EngineMaterials/Substrate/GLints/dict_16_192_64_0p5_0p02_0047_0009" 4979
"/Engine/EngineMaterials/Substrate/GLints/dict_16_192_64_0p5_0p02_0047_0015" 4980
"/Engine/EngineMaterials/Substrate/GLints/dict_16_192_64_0p5_0p02_0047_0010" 4981
"/Engine/EngineMaterials/Substrate/GLints/dict_16_192_64_0p5_0p02_0047_0011" 4982
"/Engine/EngineMaterials/Substrate/GLints/dict_16_192_64_0p5_0p02_0048_0000" 4983
"../../../Engine/Content/EngineMaterials/Substrate/GLints/dict_16_192_64_0p5_0p02_0047_0005.uasset" 4984
"../../../Engine/Content/EngineMaterials/Substrate/GLints/dict_16_192_64_0p5_0p02_0047_0003.uasset" 4985
"../../../Engine/Content/EngineMaterials/Substrate/GLints/dict_16_192_64_0p5_0p02_0047_0006.uasset" 4986
"../../../Engine/Content/EngineMaterials/Substrate/GLints/dict_16_192_64_0p5_0p02_0047_0004.uasset" 4987
"/Engine/EngineMaterials/Substrate/GLints/dict_16_192_64_0p5_0p02_0048_0001" 4988
"../../../Engine/Content/EngineMaterials/Substrate/GLints/dict_16_192_64_0p5_0p02_0047_0002.uasset" 4989
"/Engine/EngineMaterials/Substrate/GLints/dict_16_192_64_0p5_0p02_0047_0012" 4990
"/Engine/EngineMaterials/Substrate/GLints/dict_16_192_64_0p5_0p02_0047_0014" 4991
"/Engine/EngineMaterials/Substrate/GLints/dict_16_192_64_0p5_0p02_0047_0002" 4992
"/Engine/EngineMaterials/Substrate/GLints/dict_16_192_64_0p5_0p02_0047_0003" 4993
"/Engine/EngineMaterials/Substrate/GLints/dict_16_192_64_0p5_0p02_0047_0004" 4994
"../../../Engine/Content/EngineMaterials/Substrate/GLints/dict_16_192_64_0p5_0p02_0046_0014.uasset" 4995
"../../../Engine/Content/EngineMaterials/Substrate/GLints/dict_16_192_64_0p5_0p02_0046_0013.uasset" 4996
"../../../Engine/Content/EngineMaterials/Substrate/GLints/dict_16_192_64_0p5_0p02_0046_0015.uasset" 4997
"../../../Engine/Content/EngineMaterials/Substrate/GLints/dict_16_192_64_0p5_0p02_0047_0000.uasset" 4998
"/Engine/EngineMaterials/Substrate/GLints/dict_16_192_64_0p5_0p02_0047_0005" 4999
"../../../Engine/Content/EngineMaterials/Substrate/GLints/dict_16_192_64_0p5_0p02_0046_0012.uasset" 5000
"../../../Engine/Content/EngineMaterials/Substrate/GLints/dict_16_192_64_0p5_0p02_0047_0001.uasset" 5001
"/Engine/EngineMaterials/Substrate/GLints/dict_16_192_64_0p5_0p02_0047_0006" 5002
"/Engine/EngineMaterials/Substrate/GLints/dict_16_192_64_0p5_0p02_0047_0007" 5003
"/Engine/EngineMaterials/Substrate/GLints/dict_16_192_64_0p5_0p02_0047_0013" 5004
"/Engine/EngineMaterials/Substrate/GLints/dict_16_192_64_0p5_0p02_0046_0012" 5005
"/Engine/EngineMaterials/Substrate/GLints/dict_16_192_64_0p5_0p02_0046_0013" 5006
"/Engine/EngineMaterials/Substrate/GLints/dict_16_192_64_0p5_0p02_0046_0014" 5007
"/Engine/EngineMaterials/Substrate/GLints/dict_16_192_64_0p5_0p02_0046_0015" 5008
"../../../Engine/Content/EngineMaterials/Substrate/GLints/dict_16_192_64_0p5_0p02_0046_0009.uasset" 5009
"../../../Engine/Content/EngineMaterials/Substrate/GLints/dict_16_192_64_0p5_0p02_0046_0007.uasset" 5010
"/Engine/EngineMaterials/Substrate/GLints/dict_16_192_64_0p5_0p02_0047_0000" 5011
"../../../Engine/Content/EngineMaterials/Substrate/GLints/dict_16_192_64_0p5_0p02_0046_0011.uasset" 5012
"../../../Engine/Content/EngineMaterials/Substrate/GLints/dict_16_192_64_0p5_0p02_0046_0008.uasset" 5013
"/Engine/EngineMaterials/Substrate/GLints/dict_16_192_64_0p5_0p02_0047_0001" 5014
"../../../Engine/Content/EngineMaterials/Substrate/GLints/dict_16_192_64_0p5_0p02_0046_0010.uasset" 5015
"../../../Engine/Content/EngineMaterials/Substrate/GLints/dict_16_192_64_0p5_0p02_0046_0006.uasset" 5016
"/Engine/EngineMaterials/Substrate/GLints/dict_16_192_64_0p5_0p02_0046_0006" 5017
"/Engine/EngineMaterials/Substrate/GLints/dict_16_192_64_0p5_0p02_0046_0007" 5018
"../../../Engine/Content/EngineMaterials/Substrate/GLints/dict_16_192_64_0p5_0p02_0046_0005.uasset" 5019
"/Engine/EngineMaterials/Substrate/GLints/dict_16_192_64_0p5_0p02_0046_0010" 5020
"../../../Engine/Content/EngineMaterials/Substrate/GLints/dict_16_192_64_0p5_0p02_0046_0003.uasset" 5021
"../../../Engine/Content/EngineMaterials/Substrate/GLints/dict_16_192_64_0p5_0p02_0046_0002.uasset" 5022
"../../../Engine/Content/EngineMaterials/Substrate/GLints/dict_16_192_64_0p5_0p02_0046_0004.uasset" 5023
"../../../Engine/Content/EngineMaterials/Substrate/GLints/dict_16_192_64_0p5_0p02_0045_0015.uasset" 5024
"../../../Engine/Content/EngineMaterials/Substrate/GLints/dict_16_192_64_0p5_0p02_0048_0011.uasset" 5025
"../../../Engine/Content/EngineMaterials/Substrate/GLints/dict_16_192_64_0p5_0p02_0046_0001.uasset" 5026
"../../../Engine/Content/EngineMaterials/Substrate/GLints/dict_16_192_64_0p5_0p02_0046_0000.uasset" 5027
"/Engine/EngineMaterials/Substrate/GLints/dict_16_192_64_0p5_0p02_0046_0008" 5028
"/Engine/EngineMaterials/Substrate/GLints/dict_16_192_64_0p5_0p02_0046_0011" 5029
"../../../Engine/Content/EngineMaterials/Substrate/GLints/dict_16_192_64_0p5_0p02_0045_0014.uasset" 5030
"../../../Engine/Content/EngineMaterials/Substrate/GLints/dict_16_192_64_0p5_0p02_0045_0013.uasset" 5031
"/Engine/EngineMaterials/Substrate/GLints/dict_16_192_64_0p5_0p02_0046_0009" 5032
"/Engine/EngineMaterials/Substrate/GLints/dict_16_192_64_0p5_0p02_0048_0011" 5033
"/Engine/EngineMaterials/Substrate/GLints/dict_16_192_64_0p5_0p02_0045_0013" 5034
"/Engine/EngineMaterials/Substrate/GLints/dict_16_192_64_0p5_0p02_0045_0014" 5035
"../../../Engine/Content/EngineMaterials/Substrate/GLints/dict_16_192_64_0p5_0p02_0045_0007.uasset" 5036
"../../../Engine/Content/EngineMaterials/Substrate/GLints/dict_16_192_64_0p5_0p02_0045_0012.uasset" 5037
"../../../Engine/Content/EngineMaterials/Substrate/GLints/dict_16_192_64_0p5_0p02_0045_0008.uasset" 5038
"../../../Engine/Content/EngineMaterials/Substrate/GLints/dict_16_192_64_0p5_0p02_0045_0011.uasset" 5039
"../../../Engine/Content/EngineMaterials/Substrate/GLints/dict_16_192_64_0p5_0p02_0045_0010.uasset" 5040
"/Engine/EngineMaterials/Substrate/GLints/dict_16_192_64_0p5_0p02_0045_0015" 5041
"/Engine/EngineMaterials/Substrate/GLints/dict_16_192_64_0p5_0p02_0046_0000" 5042
"/Engine/EngineMaterials/Substrate/GLints/dict_16_192_64_0p5_0p02_0046_0001" 5043
"/Engine/EngineMaterials/Substrate/GLints/dict_16_192_64_0p5_0p02_0046_0002" 5044
"/Engine/EngineMaterials/Substrate/GLints/dict_16_192_64_0p5_0p02_0046_0003" 5045
"/Engine/EngineMaterials/Substrate/GLints/dict_16_192_64_0p5_0p02_0046_0004" 5046
"../../../Engine/Content/EngineMaterials/Substrate/GLints/dict_16_192_64_0p5_0p02_0045_0001.uasset" 5047
"../../../Engine/Content/EngineMaterials/Substrate/GLints/dict_16_192_64_0p5_0p02_0045_0000.uasset" 5048
"../../../Engine/Content/EngineMaterials/Substrate/GLints/dict_16_192_64_0p5_0p02_0045_0006.uasset" 5049
"../../../Engine/Content/EngineMaterials/Substrate/GLints/dict_16_192_64_0p5_0p02_0045_0002.uasset" 5050
"../../../Engine/Content/EngineMaterials/Substrate/GLints/dict_16_192_64_0p5_0p02_0045_0005.uasset" 5051
"../../../Engine/Content/EngineMaterials/Substrate/GLints/dict_16_192_64_0p5_0p02_0045_0003.uasset" 5052
"../../../Engine/Content/EngineMaterials/Substrate/GLints/dict_16_192_64_0p5_0p02_0045_0004.uasset" 5053
"/Engine/EngineMaterials/Substrate/GLints/dict_16_192_64_0p5_0p02_0046_0005" 5054
"/Engine/EngineMaterials/Substrate/GLints/dict_16_192_64_0p5_0p02_0045_0010" 5055
"/Engine/EngineMaterials/Substrate/GLints/dict_16_192_64_0p5_0p02_0045_0011" 5056
"/Engine/EngineMaterials/Substrate/GLints/dict_16_192_64_0p5_0p02_0045_0012" 5057
"/Engine/EngineMaterials/Substrate/GLints/dict_16_192_64_0p5_0p02_0045_0003" 5058
"/Engine/EngineMaterials/Substrate/GLints/dict_16_192_64_0p5_0p02_0045_0000" 5059
"/Engine/EngineMaterials/Substrate/GLints/dict_16_192_64_0p5_0p02_0045_0001" 5060
"/Engine/EngineMaterials/Substrate/GLints/dict_16_192_64_0p5_0p02_0045_0002" 5061
"../../../Engine/Content/EngineMaterials/Substrate/GLints/dict_16_192_64_0p5_0p02_0044_0015.uasset" 5062
"../../../Engine/Content/EngineMaterials/Substrate/GLints/dict_16_192_64_0p5_0p02_0044_0011.uasset" 5063
"/Engine/EngineMaterials/Substrate/GLints/dict_16_192_64_0p5_0p02_0045_0004" 5064
"../../../Engine/Content/EngineMaterials/Substrate/GLints/dict_16_192_64_0p5_0p02_0044_0009.uasset" 5065
"/Engine/EngineMaterials/Substrate/GLints/dict_16_192_64_0p5_0p02_0045_0005" 5066
"../../../Engine/Content/EngineMaterials/Substrate/GLints/dict_16_192_64_0p5_0p02_0044_0010.uasset" 5067
"/Engine/EngineMaterials/Substrate/GLints/dict_16_192_64_0p5_0p02_0045_0006" 5068
"../../../Engine/Content/EngineMaterials/Substrate/GLints/dict_16_192_64_0p5_0p02_0044_0012.uasset" 5069
"/Engine/EngineMaterials/Substrate/GLints/dict_16_192_64_0p5_0p02_0045_0007" 5070
"../../../Engine/Content/EngineMaterials/Substrate/GLints/dict_16_192_64_0p5_0p02_0044_0014.uasset" 5071
"/Engine/EngineMaterials/Substrate/GLints/dict_16_192_64_0p5_0p02_0045_0008" 5072
"../../../Engine/Content/EngineMaterials/Substrate/GLints/dict_16_192_64_0p5_0p02_0045_0009.uasset" 5073
"../../../Engine/Content/EngineMaterials/Substrate/GLints/dict_16_192_64_0p5_0p02_0044_0013.uasset" 5074
"/Engine/EngineMaterials/Substrate/GLints/dict_16_192_64_0p5_0p02_0044_0009" 5075
"/Engine/EngineMaterials/Substrate/GLints/dict_16_192_64_0p5_0p02_0044_0010" 5076
"/Engine/EngineMaterials/Substrate/GLints/dict_16_192_64_0p5_0p02_0044_0011" 5077
"/Engine/EngineMaterials/Substrate/GLints/dict_16_192_64_0p5_0p02_0044_0013" 5078
"/Engine/EngineMaterials/Substrate/GLints/dict_16_192_64_0p5_0p02_0044_0014" 5079
"/Engine/EngineMaterials/Substrate/GLints/dict_16_192_64_0p5_0p02_0044_0015" 5080
"../../../Engine/Content/EngineMaterials/Substrate/GLints/dict_16_192_64_0p5_0p02_0044_0008.uasset" 5081
"/Engine/EngineMaterials/Substrate/GLints/dict_16_192_64_0p5_0p02_0045_0009" 5082
"/Engine/EngineMaterials/Substrate/GLints/dict_16_192_64_0p5_0p02_0044_0012" 5083
"../../../Engine/Content/EngineMaterials/Substrate/GLints/dict_16_192_64_0p5_0p02_0044_0006.uasset" 5084
"/Engine/EngineMaterials/Substrate/GLints/dict_16_192_64_0p5_0p02_0044_0008" 5085
"/Engine/EngineMaterials/Substrate/GLints/dict_16_192_64_0p5_0p02_0044_0006" 5086
"../../../Engine/Content/EngineMaterials/Substrate/GLints/dict_16_192_64_0p5_0p02_0044_0004.uasset" 5087
"../../../Engine/Content/EngineMaterials/Substrate/GLints/dict_16_192_64_0p5_0p02_0044_0003.uasset" 5088
"../../../Engine/Content/EngineMaterials/Substrate/GLints/dict_16_192_64_0p5_0p02_0044_0005.uasset" 5089
"../../../Engine/Content/EngineMaterials/Substrate/GLints/dict_16_192_64_0p5_0p02_0044_0007.uasset" 5090
"../../../Engine/Content/EngineMaterials/Substrate/GLints/dict_16_192_64_0p5_0p02_0044_0000.uasset" 5091
"../../../Engine/Content/EngineMaterials/Substrate/GLints/dict_16_192_64_0p5_0p02_0044_0001.uasset" 5092
"../../../Engine/Content/EngineMaterials/Substrate/GLints/dict_16_192_64_0p5_0p02_0043_0014.uasset" 5093
"../../../Engine/Content/EngineMaterials/Substrate/GLints/dict_16_192_64_0p5_0p02_0043_0015.uasset" 5094
"../../../Engine/Content/EngineMaterials/Substrate/GLints/dict_16_192_64_0p5_0p02_0044_0002.uasset" 5095
"../../../Engine/Content/EngineMaterials/Substrate/GLints/dict_16_192_64_0p5_0p02_0043_0013.uasset" 5096
"../../../Engine/Content/EngineMaterials/Substrate/GLints/dict_16_192_64_0p5_0p02_0043_0011.uasset" 5097
"../../../Engine/Content/EngineMaterials/Substrate/GLints/dict_16_192_64_0p5_0p02_0043_0012.uasset" 5098
"../../../Engine/Content/EngineMaterials/Substrate/GLints/dict_16_192_64_0p5_0p02_0043_0010.uasset" 5099
"../../../Engine/Content/EngineMaterials/Substrate/GLints/dict_16_192_64_0p5_0p02_0043_0008.uasset" 5100
"../../../Engine/Content/EngineMaterials/Substrate/GLints/dict_16_192_64_0p5_0p02_0043_0009.uasset" 5101
"../../../Engine/Content/EngineMaterials/Substrate/GLints/dict_16_192_64_0p5_0p02_0043_0007.uasset" 5102
"../../../Engine/Content/EngineMaterials/Substrate/GLints/dict_16_192_64_0p5_0p02_0043_0004.uasset" 5103
"../../../Engine/Content/EngineMaterials/Substrate/GLints/dict_16_192_64_0p5_0p02_0043_0002.uasset" 5104
"../../../Engine/Content/EngineMaterials/Substrate/GLints/dict_16_192_64_0p5_0p02_0043_0005.uasset" 5105
"../../../Engine/Content/EngineMaterials/Substrate/GLints/dict_16_192_64_0p5_0p02_0043_0001.uasset" 5106
"/Engine/EngineMaterials/Substrate/GLints/dict_16_192_64_0p5_0p02_0043_0001" 5107
"../../../Engine/Content/EngineMaterials/Substrate/GLints/dict_16_192_64_0p5_0p02_0042_0013.uasset" 5108
"../../../Engine/Content/EngineMaterials/Substrate/GLints/dict_16_192_64_0p5_0p02_0042_0015.uasset" 5109
"../../../Engine/Content/EngineMaterials/Substrate/GLints/dict_16_192_64_0p5_0p02_0042_0012.uasset" 5110
"/Engine/EngineMaterials/Substrate/GLints/dict_16_192_64_0p5_0p02_0044_0007" 5111
"../../../Engine/Content/EngineMaterials/Substrate/GLints/dict_16_192_64_0p5_0p02_0042_0014.uasset" 5112
"../../../Engine/Content/EngineMaterials/Substrate/GLints/dict_16_192_64_0p5_0p02_0043_0003.uasset" 5113
"../../../Engine/Content/EngineMaterials/Substrate/GLints/dict_16_192_64_0p5_0p02_0043_0000.uasset" 5114
"/Engine/EngineMaterials/Substrate/GLints/dict_16_192_64_0p5_0p02_0043_0002" 5115
"/Engine/EngineMaterials/Substrate/GLints/dict_16_192_64_0p5_0p02_0043_0013" 5116
"/Engine/EngineMaterials/Substrate/GLints/dict_16_192_64_0p5_0p02_0043_0004" 5117
"/Engine/EngineMaterials/Substrate/GLints/dict_16_192_64_0p5_0p02_0043_0005" 5118
"../../../Engine/Content/EngineMaterials/Substrate/GLints/dict_16_192_64_0p5_0p02_0042_0007.uasset" 5119
"../../../Engine/Content/EngineMaterials/Substrate/GLints/dict_16_192_64_0p5_0p02_0042_0009.uasset" 5120
"/Engine/EngineMaterials/Substrate/GLints/dict_16_192_64_0p5_0p02_0043_0007" 5121
"../../../Engine/Content/EngineMaterials/Substrate/GLints/dict_16_192_64_0p5_0p02_0042_0011.uasset" 5122
"../../../Engine/Content/EngineMaterials/Substrate/GLints/dict_16_192_64_0p5_0p02_0042_0008.uasset" 5123
"/Engine/EngineMaterials/Substrate/GLints/dict_16_192_64_0p5_0p02_0043_0008" 5124
"/Engine/EngineMaterials/Substrate/GLints/dict_16_192_64_0p5_0p02_0043_0009" 5125
"/Engine/EngineMaterials/Substrate/GLints/dict_16_192_64_0p5_0p02_0043_0010" 5126
"/Engine/EngineMaterials/Substrate/GLints/dict_16_192_64_0p5_0p02_0043_0011" 5127
"/Engine/EngineMaterials/Substrate/GLints/dict_16_192_64_0p5_0p02_0043_0012" 5128
"/Engine/EngineMaterials/Substrate/GLints/dict_16_192_64_0p5_0p02_0043_0014" 5129
"/Engine/EngineMaterials/Substrate/GLints/dict_16_192_64_0p5_0p02_0043_0015" 5130
"/Engine/EngineMaterials/Substrate/GLints/dict_16_192_64_0p5_0p02_0044_0000" 5131
"../../../Engine/Content/EngineMaterials/Substrate/GLints/dict_16_192_64_0p5_0p02_0042_0010.uasset" 5132
"/Engine/EngineMaterials/Substrate/GLints/dict_16_192_64_0p5_0p02_0044_0001" 5133
"/Engine/EngineMaterials/Substrate/GLints/dict_16_192_64_0p5_0p02_0044_0002" 5134
"/Engine/EngineMaterials/Substrate/GLints/dict_16_192_64_0p5_0p02_0044_0003" 5135
"/Engine/EngineMaterials/Substrate/GLints/dict_16_192_64_0p5_0p02_0044_0004" 5136
"/Engine/EngineMaterials/Substrate/GLints/dict_16_192_64_0p5_0p02_0044_0005" 5137
"/Engine/EngineMaterials/Substrate/GLints/dict_16_192_64_0p5_0p02_0042_0007" 5138
"/Engine/EngineMaterials/Substrate/GLints/dict_16_192_64_0p5_0p02_0042_0009" 5139
"/Engine/EngineMaterials/Substrate/GLints/dict_16_192_64_0p5_0p02_0042_0010" 5140
"/Engine/EngineMaterials/Substrate/GLints/dict_16_192_64_0p5_0p02_0043_0003" 5141
"/Engine/EngineMaterials/Substrate/GLints/dict_16_192_64_0p5_0p02_0042_0011" 5142
"/Engine/EngineMaterials/Substrate/GLints/dict_16_192_64_0p5_0p02_0042_0012" 5143
"/Engine/EngineMaterials/Substrate/GLints/dict_16_192_64_0p5_0p02_0042_0013" 5144
"/Engine/EngineMaterials/Substrate/GLints/dict_16_192_64_0p5_0p02_0042_0014" 5145
"/Engine/EngineMaterials/Substrate/GLints/dict_16_192_64_0p5_0p02_0042_0015" 5146
"/Engine/EngineMaterials/Substrate/GLints/dict_16_192_64_0p5_0p02_0042_0008" 5147
"/Engine/EngineMaterials/Substrate/GLints/dict_16_192_64_0p5_0p02_0043_0000" 5148
"../../../Engine/Content/EngineMaterials/Substrate/GLints/dict_16_192_64_0p5_0p02_0043_0006.uasset" 5149
"/Engine/EngineMaterials/Substrate/GLints/dict_16_192_64_0p5_0p02_0043_0006" 5150
"../../../Engine/Content/EngineMaterials/Substrate/GLints/dict_16_192_64_0p5_0p02_0042_0005.uasset" 5151
"../../../Engine/Content/EngineMaterials/Substrate/GLints/dict_16_192_64_0p5_0p02_0042_0003.uasset" 5152
"../../../Engine/Content/EngineMaterials/Substrate/GLints/dict_16_192_64_0p5_0p02_0042_0004.uasset" 5153
"../../../Engine/Content/EngineMaterials/Substrate/GLints/dict_16_192_64_0p5_0p02_0042_0006.uasset" 5154
"/Engine/EngineMaterials/Substrate/GLints/dict_16_192_64_0p5_0p02_0042_0003" 5155
"/Engine/EngineMaterials/Substrate/GLints/dict_16_192_64_0p5_0p02_0042_0004" 5156
"/Engine/EngineMaterials/Substrate/GLints/dict_16_192_64_0p5_0p02_0042_0005" 5157
"../../../Engine/Content/EngineMaterials/Substrate/GLints/dict_16_192_64_0p5_0p02_0042_0000.uasset" 5158
"/Engine/EngineMaterials/Substrate/GLints/dict_16_192_64_0p5_0p02_0042_0006" 5159
"/Engine/EngineMaterials/Substrate/GLints/dict_16_192_64_0p5_0p02_0042_0000" 5160
"../../../Engine/Content/EngineMaterials/Substrate/GLints/dict_16_192_64_0p5_0p02_0042_0002.uasset" 5161
"../../../Engine/Content/EngineMaterials/Substrate/GLints/dict_16_192_64_0p5_0p02_0041_0015.uasset" 5162
"../../../Engine/Content/EngineMaterials/Substrate/GLints/dict_16_192_64_0p5_0p02_0042_0001.uasset" 5163
"../../../Engine/Content/EngineMaterials/Substrate/GLints/dict_16_192_64_0p5_0p02_0041_0014.uasset" 5164
"../../../Engine/Content/EngineMaterials/Substrate/GLints/dict_16_192_64_0p5_0p02_0041_0012.uasset" 5165
"../../../Engine/Content/EngineMaterials/Substrate/GLints/dict_16_192_64_0p5_0p02_0041_0011.uasset" 5166
"../../../Engine/Content/EngineMaterials/Substrate/GLints/dict_16_192_64_0p5_0p02_0041_0007.uasset" 5167
"../../../Engine/Content/EngineMaterials/Substrate/GLints/dict_16_192_64_0p5_0p02_0041_0013.uasset" 5168
"../../../Engine/Content/EngineMaterials/Substrate/GLints/dict_16_192_64_0p5_0p02_0041_0010.uasset" 5169
"../../../Engine/Content/EngineMaterials/Substrate/GLints/dict_16_192_64_0p5_0p02_0041_0009.uasset" 5170
"../../../Engine/Content/EngineMaterials/Substrate/GLints/dict_16_192_64_0p5_0p02_0041_0008.uasset" 5171
"/Engine/EngineMaterials/Substrate/GLints/dict_16_192_64_0p5_0p02_0041_0007" 5172
"/Engine/EngineMaterials/Substrate/GLints/dict_16_192_64_0p5_0p02_0041_0008" 5173
"/Engine/EngineMaterials/Substrate/GLints/dict_16_192_64_0p5_0p02_0041_0009" 5174
"../../../Engine/Content/EngineMaterials/Substrate/GLints/dict_16_192_64_0p5_0p02_0041_0003.uasset" 5175
"/Engine/EngineMaterials/Substrate/GLints/dict_16_192_64_0p5_0p02_0041_0010" 5176
"../../../Engine/Content/EngineMaterials/Substrate/GLints/dict_16_192_64_0p5_0p02_0041_0005.uasset" 5177
"/Engine/EngineMaterials/Substrate/GLints/dict_16_192_64_0p5_0p02_0041_0011" 5178
"/Engine/EngineMaterials/Substrate/GLints/dict_16_192_64_0p5_0p02_0041_0012" 5179
"../../../Engine/Content/EngineMaterials/Substrate/GLints/dict_16_192_64_0p5_0p02_0041_0001.uasset" 5180
"/Engine/EngineMaterials/Substrate/GLints/dict_16_192_64_0p5_0p02_0041_0013" 5181
"../../../Engine/Content/EngineMaterials/Substrate/GLints/dict_16_192_64_0p5_0p02_0041_0004.uasset" 5182
"../../../Engine/Content/EngineMaterials/Substrate/GLints/dict_16_192_64_0p5_0p02_0041_0002.uasset" 5183
"/Engine/EngineMaterials/Substrate/GLints/dict_16_192_64_0p5_0p02_0041_0014" 5184
"/Engine/EngineMaterials/Substrate/GLints/dict_16_192_64_0p5_0p02_0041_0015" 5185
"../../../Engine/Content/EngineMaterials/Substrate/GLints/dict_16_192_64_0p5_0p02_0041_0006.uasset" 5186
"../../../Engine/Content/EngineMaterials/Substrate/GLints/dict_16_192_64_0p5_0p02_0041_0000.uasset" 5187
"/Engine/EngineMaterials/Substrate/GLints/dict_16_192_64_0p5_0p02_0042_0001" 5188
"/Engine/EngineMaterials/Substrate/GLints/dict_16_192_64_0p5_0p02_0042_0002" 5189
"/Engine/EngineMaterials/Substrate/GLints/dict_16_192_64_0p5_0p02_0041_0003" 5190
"/Engine/EngineMaterials/Substrate/GLints/dict_16_192_64_0p5_0p02_0041_0004" 5191
"/Engine/EngineMaterials/Substrate/GLints/dict_16_192_64_0p5_0p02_0041_0005" 5192
"/Engine/EngineMaterials/Substrate/GLints/dict_16_192_64_0p5_0p02_0041_0000" 5193
"/Engine/EngineMaterials/Substrate/GLints/dict_16_192_64_0p5_0p02_0041_0001" 5194
"/Engine/EngineMaterials/Substrate/GLints/dict_16_192_64_0p5_0p02_0041_0002" 5195
"../../../Engine/Content/EngineMaterials/Substrate/GLints/dict_16_192_64_0p5_0p02_0040_0013.uasset" 5196
"../../../Engine/Content/EngineMaterials/Substrate/GLints/dict_16_192_64_0p5_0p02_0040_0015.uasset" 5197
"../../../Engine/Content/EngineMaterials/Substrate/GLints/dict_16_192_64_0p5_0p02_0040_0009.uasset" 5198
"../../../Engine/Content/EngineMaterials/Substrate/GLints/dict_16_192_64_0p5_0p02_0040_0011.uasset" 5199
"../../../Engine/Content/EngineMaterials/Substrate/GLints/dict_16_192_64_0p5_0p02_0040_0012.uasset" 5200
"../../../Engine/Content/EngineMaterials/Substrate/GLints/dict_16_192_64_0p5_0p02_0040_0010.uasset" 5201
"../../../Engine/Content/EngineMaterials/Substrate/GLints/dict_16_192_64_0p5_0p02_0040_0007.uasset" 5202
"../../../Engine/Content/EngineMaterials/Substrate/GLints/dict_16_192_64_0p5_0p02_0040_0005.uasset" 5203
"../../../Engine/Content/EngineMaterials/Substrate/GLints/dict_16_192_64_0p5_0p02_0040_0004.uasset" 5204
"../../../Engine/Content/EngineMaterials/Substrate/GLints/dict_16_192_64_0p5_0p02_0040_0002.uasset" 5205
"../../../Engine/Content/EngineMaterials/Substrate/GLints/dict_16_192_64_0p5_0p02_0040_0003.uasset" 5206
"/Engine/EngineMaterials/Substrate/GLints/dict_16_192_64_0p5_0p02_0040_0009" 5207
"../../../Engine/Content/EngineMaterials/Substrate/GLints/dict_16_192_64_0p5_0p02_0040_0008.uasset" 5208
"/Engine/EngineMaterials/Substrate/GLints/dict_16_192_64_0p5_0p02_0040_0010" 5209
"/Engine/EngineMaterials/Substrate/GLints/dict_16_192_64_0p5_0p02_0040_0011" 5210
"../../../Engine/Content/EngineMaterials/Substrate/GLints/dict_16_192_64_0p5_0p02_0040_0014.uasset" 5211
"../../../Engine/Content/EngineMaterials/Substrate/GLints/dict_16_192_64_0p5_0p02_0040_0006.uasset" 5212
"/Engine/EngineMaterials/Substrate/GLints/dict_16_192_64_0p5_0p02_0040_0012" 5213
"/Engine/EngineMaterials/Substrate/GLints/dict_16_192_64_0p5_0p02_0041_0006" 5214
"../../../Engine/Content/EngineMaterials/Substrate/GLints/dict_16_192_64_0p5_0p02_0040_0001.uasset" 5215
"/Engine/EngineMaterials/Substrate/GLints/dict_16_192_64_0p5_0p02_0040_0013" 5216
"../../../Engine/Content/EngineMaterials/Substrate/GLints/dict_16_192_64_0p5_0p02_0040_0000.uasset" 5217
"../../../Engine/Content/EngineMaterials/Substrate/GLints/dict_16_192_64_0p5_0p02_0039_0015.uasset" 5218
"/Engine/EngineMaterials/Substrate/GLints/dict_16_192_64_0p5_0p02_0040_0015" 5219
"../../../Engine/Content/EngineMaterials/Substrate/GLints/dict_16_192_64_0p5_0p02_0039_0014.uasset" 5220
"/Engine/EngineMaterials/Substrate/GLints/dict_16_192_64_0p5_0p02_0040_0007" 5221
"/Engine/EngineMaterials/Substrate/GLints/dict_16_192_64_0p5_0p02_0040_0002" 5222
"/Engine/EngineMaterials/Substrate/GLints/dict_16_192_64_0p5_0p02_0040_0004" 5223
"/Engine/EngineMaterials/Substrate/GLints/dict_16_192_64_0p5_0p02_0040_0005" 5224
"/Engine/EngineMaterials/Substrate/GLints/dict_16_192_64_0p5_0p02_0040_0008" 5225
"/Engine/EngineMaterials/Substrate/GLints/dict_16_192_64_0p5_0p02_0040_0014" 5226
"/Engine/EngineMaterials/Substrate/GLints/dict_16_192_64_0p5_0p02_0039_0014" 5227
"../../../Engine/Content/EngineMaterials/Substrate/GLints/dict_16_192_64_0p5_0p02_0039_0008.uasset" 5228
"/Engine/EngineMaterials/Substrate/GLints/dict_16_192_64_0p5_0p02_0039_0015" 5229
"../../../Engine/Content/EngineMaterials/Substrate/GLints/dict_16_192_64_0p5_0p02_0039_0010.uasset" 5230
"/Engine/EngineMaterials/Substrate/GLints/dict_16_192_64_0p5_0p02_0040_0000" 5231
"../../../Engine/Content/EngineMaterials/Substrate/GLints/dict_16_192_64_0p5_0p02_0039_0013.uasset" 5232
"/Engine/EngineMaterials/Substrate/GLints/dict_16_192_64_0p5_0p02_0040_0001" 5233
"../../../Engine/Content/EngineMaterials/Substrate/GLints/dict_16_192_64_0p5_0p02_0039_0012.uasset" 5234
"/Engine/EngineMaterials/Substrate/GLints/dict_16_192_64_0p5_0p02_0040_0003" 5235
"../../../Engine/Content/EngineMaterials/Substrate/GLints/dict_16_192_64_0p5_0p02_0039_0011.uasset" 5236
"/Engine/EngineMaterials/Substrate/GLints/dict_16_192_64_0p5_0p02_0040_0006" 5237
"../../../Engine/Content/EngineMaterials/Substrate/GLints/dict_16_192_64_0p5_0p02_0039_0009.uasset" 5238
"/Engine/EngineMaterials/Substrate/GLints/dict_16_192_64_0p5_0p02_0039_0008" 5239
"/Engine/EngineMaterials/Substrate/GLints/dict_16_192_64_0p5_0p02_0039_0009" 5240
"/Engine/EngineMaterials/Substrate/GLints/dict_16_192_64_0p5_0p02_0039_0010" 5241
"/Engine/EngineMaterials/Substrate/GLints/dict_16_192_64_0p5_0p02_0039_0011" 5242
"/Engine/EngineMaterials/Substrate/GLints/dict_16_192_64_0p5_0p02_0039_0012" 5243
"/Engine/EngineMaterials/Substrate/GLints/dict_16_192_64_0p5_0p02_0039_0013" 5244
"../../../Engine/Content/EngineMaterials/Substrate/GLints/dict_16_192_64_0p5_0p02_0039_0005.uasset" 5245
"../../../Engine/Content/EngineMaterials/Substrate/GLints/dict_16_192_64_0p5_0p02_0039_0006.uasset" 5246
"../../../Engine/Content/EngineMaterials/Substrate/GLints/dict_16_192_64_0p5_0p02_0039_0002.uasset" 5247
"../../../Engine/Content/EngineMaterials/Substrate/GLints/dict_16_192_64_0p5_0p02_0039_0007.uasset" 5248
"../../../Engine/Content/EngineMaterials/Substrate/GLints/dict_16_192_64_0p5_0p02_0039_0000.uasset" 5249
"../../../Engine/Content/EngineMaterials/Substrate/GLints/dict_16_192_64_0p5_0p02_0039_0003.uasset" 5250
"../../../Engine/Content/EngineMaterials/Substrate/GLints/dict_16_192_64_0p5_0p02_0039_0004.uasset" 5251
"../../../Engine/Content/EngineMaterials/Substrate/GLints/dict_16_192_64_0p5_0p02_0038_0014.uasset" 5252
"../../../Engine/Content/EngineMaterials/Substrate/GLints/dict_16_192_64_0p5_0p02_0038_0013.uasset" 5253
"/Engine/EngineMaterials/Substrate/GLints/dict_16_192_64_0p5_0p02_0039_0002" 5254
"../../../Engine/Content/EngineMaterials/Substrate/GLints/dict_16_192_64_0p5_0p02_0038_0011.uasset" 5255
"../../../Engine/Content/EngineMaterials/Substrate/GLints/dict_16_192_64_0p5_0p02_0038_0010.uasset" 5256
"../../../Engine/Content/EngineMaterials/Substrate/GLints/dict_16_192_64_0p5_0p02_0038_0012.uasset" 5257
"../../../Engine/Content/EngineMaterials/Substrate/GLints/dict_16_192_64_0p5_0p02_0039_0001.uasset" 5258
"/Engine/EngineMaterials/Substrate/GLints/dict_16_192_64_0p5_0p02_0039_0003" 5259
"/Engine/EngineMaterials/Substrate/GLints/dict_16_192_64_0p5_0p02_0039_0007" 5260
"/Engine/EngineMaterials/Substrate/GLints/dict_16_192_64_0p5_0p02_0038_0013" 5261
"/Engine/EngineMaterials/Substrate/GLints/dict_16_192_64_0p5_0p02_0038_0014" 5262
"/Engine/EngineMaterials/Substrate/GLints/dict_16_192_64_0p5_0p02_0039_0004" 5263
"/Engine/EngineMaterials/Substrate/GLints/dict_16_192_64_0p5_0p02_0039_0000" 5264
"../../../Engine/Content/EngineMaterials/Substrate/GLints/dict_16_192_64_0p5_0p02_0038_0007.uasset" 5265
"/Engine/EngineMaterials/Substrate/GLints/dict_16_192_64_0p5_0p02_0039_0005" 5266
"/Engine/EngineMaterials/Substrate/GLints/dict_16_192_64_0p5_0p02_0039_0006" 5267
"../../../Engine/Content/EngineMaterials/Substrate/GLints/dict_16_192_64_0p5_0p02_0038_0015.uasset" 5268
"/Engine/EngineMaterials/Substrate/GLints/dict_16_192_64_0p5_0p02_0039_0001" 5269
"/Engine/EngineMaterials/Substrate/GLints/dict_16_192_64_0p5_0p02_0038_0007" 5270
"/Engine/EngineMaterials/Substrate/GLints/dict_16_192_64_0p5_0p02_0038_0010" 5271
"../../../Engine/Content/EngineMaterials/Substrate/GLints/dict_16_192_64_0p5_0p02_0038_0006.uasset" 5272
"/Engine/EngineMaterials/Substrate/GLints/dict_16_192_64_0p5_0p02_0038_0011" 5273
"/Engine/EngineMaterials/Substrate/GLints/dict_16_192_64_0p5_0p02_0038_0012" 5274
"../../../Engine/Content/EngineMaterials/Substrate/GLints/dict_16_192_64_0p5_0p02_0038_0005.uasset" 5275
"../../../Engine/Content/EngineMaterials/Substrate/GLints/dict_16_192_64_0p5_0p02_0038_0004.uasset" 5276
"/Engine/EngineMaterials/Substrate/GLints/dict_16_192_64_0p5_0p02_0038_0015" 5277
"/Engine/EngineMaterials/Substrate/GLints/dict_16_192_64_0p5_0p02_0038_0006" 5278
"/Engine/EngineMaterials/Substrate/GLints/dict_16_192_64_0p5_0p02_0038_0004" 5279
"../../../Engine/Content/EngineMaterials/Substrate/GLints/dict_16_192_64_0p5_0p02_0038_0009.uasset" 5280
"/Engine/EngineMaterials/Substrate/GLints/dict_16_192_64_0p5_0p02_0038_0005" 5281
"../../../Engine/Content/EngineMaterials/Substrate/GLints/dict_16_192_64_0p5_0p02_0038_0008.uasset" 5282
"../../../Engine/Content/EngineMaterials/Substrate/GLints/dict_16_192_64_0p5_0p02_0038_0000.uasset" 5283
"/Engine/EngineMaterials/Substrate/GLints/dict_16_192_64_0p5_0p02_0038_0008" 5284
"/Engine/EngineMaterials/Substrate/GLints/dict_16_192_64_0p5_0p02_0038_0009" 5285
"../../../Engine/Content/EngineMaterials/Substrate/GLints/dict_16_192_64_0p5_0p02_0038_0003.uasset" 5286
"/Engine/EngineMaterials/Substrate/GLints/dict_16_192_64_0p5_0p02_0038_0000" 5287
"/Engine/EngineMaterials/Substrate/GLints/dict_16_192_64_0p5_0p02_0038_0003" 5288
"../../../Engine/Content/EngineMaterials/Substrate/GLints/dict_16_192_64_0p5_0p02_0038_0001.uasset" 5289
"../../../Engine/Content/EngineMaterials/Substrate/GLints/dict_16_192_64_0p5_0p02_0037_0015.uasset" 5290
"../../../Engine/Content/EngineMaterials/Substrate/GLints/dict_16_192_64_0p5_0p02_0037_0014.uasset" 5291
"../../../Engine/Content/EngineMaterials/Substrate/GLints/dict_16_192_64_0p5_0p02_0037_0013.uasset" 5292
"../../../Engine/Content/EngineMaterials/Substrate/GLints/dict_16_192_64_0p5_0p02_0037_0009.uasset" 5293
"../../../Engine/Content/EngineMaterials/Substrate/GLints/dict_16_192_64_0p5_0p02_0037_0010.uasset" 5294
"../../../Engine/Content/EngineMaterials/Substrate/GLints/dict_16_192_64_0p5_0p02_0037_0012.uasset" 5295
"../../../Engine/Content/EngineMaterials/Substrate/GLints/dict_16_192_64_0p5_0p02_0037_0008.uasset" 5296
"../../../Engine/Content/EngineMaterials/Substrate/GLints/dict_16_192_64_0p5_0p02_0037_0007.uasset" 5297
"../../../Engine/Content/EngineMaterials/Substrate/GLints/dict_16_192_64_0p5_0p02_0037_0006.uasset" 5298
"../../../Engine/Content/EngineMaterials/Substrate/GLints/dict_16_192_64_0p5_0p02_0037_0005.uasset" 5299
"/Engine/EngineMaterials/Substrate/GLints/dict_16_192_64_0p5_0p02_0037_0014" 5300
"/Engine/EngineMaterials/Substrate/GLints/dict_16_192_64_0p5_0p02_0037_0015" 5301
"/Engine/EngineMaterials/Substrate/GLints/dict_16_192_64_0p5_0p02_0037_0008" 5302
"/Engine/EngineMaterials/Substrate/GLints/dict_16_192_64_0p5_0p02_0037_0009" 5303
"../../../Engine/Content/EngineMaterials/Substrate/GLints/dict_16_192_64_0p5_0p02_0037_0003.uasset" 5304
"/Engine/EngineMaterials/Substrate/GLints/dict_16_192_64_0p5_0p02_0037_0010" 5305
"/Engine/EngineMaterials/Substrate/GLints/dict_16_192_64_0p5_0p02_0037_0012" 5306
"../../../Engine/Content/EngineMaterials/Substrate/GLints/dict_16_192_64_0p5_0p02_0037_0001.uasset" 5307
"../../../Engine/Content/EngineMaterials/Substrate/GLints/dict_16_192_64_0p5_0p02_0036_0015.uasset" 5308
"/Engine/EngineMaterials/Substrate/GLints/dict_16_192_64_0p5_0p02_0037_0013" 5309
"../../../Engine/Content/EngineMaterials/Substrate/GLints/dict_16_192_64_0p5_0p02_0037_0004.uasset" 5310
"/Engine/EngineMaterials/Substrate/GLints/dict_16_192_64_0p5_0p02_0038_0001" 5311
"../../../Engine/Content/EngineMaterials/Substrate/GLints/dict_16_192_64_0p5_0p02_0037_0000.uasset" 5312
"/Engine/EngineMaterials/Substrate/GLints/dict_16_192_64_0p5_0p02_0037_0005" 5313
"/Engine/EngineMaterials/Substrate/GLints/dict_16_192_64_0p5_0p02_0037_0006" 5314
"/Engine/EngineMaterials/Substrate/GLints/dict_16_192_64_0p5_0p02_0037_0007" 5315
"../../../Engine/Content/EngineMaterials/Substrate/GLints/dict_16_192_64_0p5_0p02_0036_0009.uasset" 5316
"../../../Engine/Content/EngineMaterials/Substrate/GLints/dict_16_192_64_0p5_0p02_0036_0011.uasset" 5317
"/Engine/EngineMaterials/Substrate/GLints/dict_16_192_64_0p5_0p02_0036_0015" 5318
"/Engine/EngineMaterials/Substrate/GLints/dict_16_192_64_0p5_0p02_0037_0000" 5319
"../../../Engine/Content/EngineMaterials/Substrate/GLints/dict_16_192_64_0p5_0p02_0036_0013.uasset" 5320
"../../../Engine/Content/EngineMaterials/Substrate/GLints/dict_16_192_64_0p5_0p02_0036_0010.uasset" 5321
"../../../Engine/Content/EngineMaterials/Substrate/GLints/dict_16_192_64_0p5_0p02_0037_0002.uasset" 5322
"../../../Engine/Content/EngineMaterials/Substrate/GLints/dict_16_192_64_0p5_0p02_0038_0002.uasset" 5323
"/Engine/EngineMaterials/Substrate/GLints/dict_16_192_64_0p5_0p02_0037_0001" 5324
"../../../Engine/Content/EngineMaterials/Substrate/GLints/dict_16_192_64_0p5_0p02_0036_0012.uasset" 5325
"/Engine/EngineMaterials/Substrate/GLints/dict_16_192_64_0p5_0p02_0037_0003" 5326
"/Engine/EngineMaterials/Substrate/GLints/dict_16_192_64_0p5_0p02_0037_0004" 5327
"/Engine/EngineMaterials/Substrate/GLints/dict_16_192_64_0p5_0p02_0036_0009" 5328
"/Engine/EngineMaterials/Substrate/GLints/dict_16_192_64_0p5_0p02_0036_0010" 5329
"/Engine/EngineMaterials/Substrate/GLints/dict_16_192_64_0p5_0p02_0036_0011" 5330
"/Engine/EngineMaterials/Substrate/GLints/dict_16_192_64_0p5_0p02_0036_0012" 5331
"/Engine/EngineMaterials/Substrate/GLints/dict_16_192_64_0p5_0p02_0036_0013" 5332
"/Engine/EngineMaterials/Substrate/GLints/dict_16_192_64_0p5_0p02_0037_0002" 5333
"/Engine/EngineMaterials/Substrate/GLints/dict_16_192_64_0p5_0p02_0038_0002" 5334
"../../../Engine/Content/EngineMaterials/Substrate/GLints/dict_16_192_64_0p5_0p02_0036_0008.uasset" 5335
"../../../Engine/Content/EngineMaterials/Substrate/GLints/dict_16_192_64_0p5_0p02_0036_0007.uasset" 5336
"../../../Engine/Content/EngineMaterials/Substrate/GLints/dict_16_192_64_0p5_0p02_0036_0002.uasset" 5337
"../../../Engine/Content/EngineMaterials/Substrate/GLints/dict_16_192_64_0p5_0p02_0036_0005.uasset" 5338
"../../../Engine/Content/EngineMaterials/Substrate/GLints/dict_16_192_64_0p5_0p02_0037_0011.uasset" 5339
"../../../Engine/Content/EngineMaterials/Substrate/GLints/dict_16_192_64_0p5_0p02_0036_0006.uasset" 5340
"../../../Engine/Content/EngineMaterials/Substrate/GLints/dict_16_192_64_0p5_0p02_0036_0014.uasset" 5341
"../../../Engine/Content/EngineMaterials/Substrate/GLints/dict_16_192_64_0p5_0p02_0036_0004.uasset" 5342
"../../../Engine/Content/EngineMaterials/Substrate/GLints/dict_16_192_64_0p5_0p02_0035_0015.uasset" 5343
"../../../Engine/Content/EngineMaterials/Substrate/GLints/dict_16_192_64_0p5_0p02_0036_0000.uasset" 5344
"../../../Engine/Content/EngineMaterials/Substrate/GLints/dict_16_192_64_0p5_0p02_0036_0001.uasset" 5345
"../../../Engine/Content/EngineMaterials/Substrate/GLints/dict_16_192_64_0p5_0p02_0035_0014.uasset" 5346
"../../../Engine/Content/EngineMaterials/Substrate/GLints/dict_16_192_64_0p5_0p02_0035_0012.uasset" 5347
"/Engine/EngineMaterials/Substrate/GLints/dict_16_192_64_0p5_0p02_0036_0006" 5348
"/Engine/EngineMaterials/Substrate/GLints/dict_16_192_64_0p5_0p02_0036_0004" 5349
"/Engine/EngineMaterials/Substrate/GLints/dict_16_192_64_0p5_0p02_0036_0005" 5350
"/Engine/EngineMaterials/Substrate/GLints/dict_16_192_64_0p5_0p02_0037_0011" 5351
"/Engine/EngineMaterials/Substrate/GLints/dict_16_192_64_0p5_0p02_0035_0012" 5352
"/Engine/EngineMaterials/Substrate/GLints/dict_16_192_64_0p5_0p02_0036_0002" 5353
"/Engine/EngineMaterials/Substrate/GLints/dict_16_192_64_0p5_0p02_0035_0014" 5354
"../../../Engine/Content/EngineMaterials/Substrate/GLints/dict_16_192_64_0p5_0p02_0035_0008.uasset" 5355
"/Engine/EngineMaterials/Substrate/GLints/dict_16_192_64_0p5_0p02_0036_0007" 5356
"/Engine/EngineMaterials/Substrate/GLints/dict_16_192_64_0p5_0p02_0036_0014" 5357
"/Engine/EngineMaterials/Substrate/GLints/dict_16_192_64_0p5_0p02_0035_0015" 5358
"../../../Engine/Content/EngineMaterials/Substrate/GLints/dict_16_192_64_0p5_0p02_0035_0007.uasset" 5359
"/Engine/EngineMaterials/Substrate/GLints/dict_16_192_64_0p5_0p02_0036_0008" 5360
"../../../Engine/Content/EngineMaterials/Substrate/GLints/dict_16_192_64_0p5_0p02_0035_0006.uasset" 5361
"../../../Engine/Content/EngineMaterials/Substrate/GLints/dict_16_192_64_0p5_0p02_0035_0009.uasset" 5362
"/Engine/EngineMaterials/Substrate/GLints/dict_16_192_64_0p5_0p02_0036_0000" 5363
"../../../Engine/Content/EngineMaterials/Substrate/GLints/dict_16_192_64_0p5_0p02_0035_0010.uasset" 5364
"/Engine/EngineMaterials/Substrate/GLints/dict_16_192_64_0p5_0p02_0036_0001" 5365
"/Engine/EngineMaterials/Substrate/GLints/dict_16_192_64_0p5_0p02_0035_0007" 5366
"../../../Engine/Content/EngineMaterials/Substrate/GLints/dict_16_192_64_0p5_0p02_0035_0005.uasset" 5367
"/Engine/EngineMaterials/Substrate/GLints/dict_16_192_64_0p5_0p02_0035_0008" 5368
"/Engine/EngineMaterials/Substrate/GLints/dict_16_192_64_0p5_0p02_0035_0009" 5369
"/Engine/EngineMaterials/Substrate/GLints/dict_16_192_64_0p5_0p02_0035_0010" 5370
"/Engine/EngineMaterials/Substrate/GLints/dict_16_192_64_0p5_0p02_0035_0006" 5371
"/Engine/EngineMaterials/Substrate/GLints/dict_16_192_64_0p5_0p02_0035_0005" 5372
"../../../Engine/Content/EngineMaterials/Substrate/GLints/dict_16_192_64_0p5_0p02_0035_0004.uasset" 5373
"../../../Engine/Content/EngineMaterials/Substrate/GLints/dict_16_192_64_0p5_0p02_0035_0003.uasset" 5374
"../../../Engine/Content/EngineMaterials/Substrate/GLints/dict_16_192_64_0p5_0p02_0035_0000.uasset" 5375
"../../../Engine/Content/EngineMaterials/Substrate/GLints/dict_16_192_64_0p5_0p02_0035_0013.uasset" 5376
"../../../Engine/Content/EngineMaterials/Substrate/GLints/dict_16_192_64_0p5_0p02_0035_0002.uasset" 5377
"../../../Engine/Content/EngineMaterials/Substrate/GLints/dict_16_192_64_0p5_0p02_0036_0003.uasset" 5378
"../../../Engine/Content/EngineMaterials/Substrate/GLints/dict_16_192_64_0p5_0p02_0034_0015.uasset" 5379
"../../../Engine/Content/EngineMaterials/Substrate/GLints/dict_16_192_64_0p5_0p02_0035_0001.uasset" 5380
"../../../Engine/Content/EngineMaterials/Substrate/GLints/dict_16_192_64_0p5_0p02_0035_0011.uasset" 5381
"../../../Engine/Content/EngineMaterials/Substrate/GLints/dict_16_192_64_0p5_0p02_0034_0013.uasset" 5382
"../../../Engine/Content/EngineMaterials/Substrate/GLints/dict_16_192_64_0p5_0p02_0034_0014.uasset" 5383
"/Engine/EngineMaterials/Substrate/GLints/dict_16_192_64_0p5_0p02_0035_0002" 5384
"/Engine/EngineMaterials/Substrate/GLints/dict_16_192_64_0p5_0p02_0035_0003" 5385
"/Engine/EngineMaterials/Substrate/GLints/dict_16_192_64_0p5_0p02_0034_0013" 5386
"../../../Engine/Content/EngineMaterials/Substrate/GLints/dict_16_192_64_0p5_0p02_0034_0012.uasset" 5387
"../../../Engine/Content/EngineMaterials/Substrate/GLints/dict_16_192_64_0p5_0p02_0034_0010.uasset" 5388
"/Engine/EngineMaterials/Substrate/GLints/dict_16_192_64_0p5_0p02_0034_0014" 5389
"../../../Engine/Content/EngineMaterials/Substrate/GLints/dict_16_192_64_0p5_0p02_0034_0009.uasset" 5390
"/Engine/EngineMaterials/Substrate/GLints/dict_16_192_64_0p5_0p02_0034_0015" 5391
"/Engine/EngineMaterials/Substrate/GLints/dict_16_192_64_0p5_0p02_0035_0004" 5392
"/Engine/EngineMaterials/Substrate/GLints/dict_16_192_64_0p5_0p02_0035_0000" 5393
"../../../Engine/Content/EngineMaterials/Substrate/GLints/dict_16_192_64_0p5_0p02_0034_0008.uasset" 5394
"/Engine/EngineMaterials/Substrate/GLints/dict_16_192_64_0p5_0p02_0035_0011" 5395
"/Engine/EngineMaterials/Substrate/GLints/dict_16_192_64_0p5_0p02_0035_0013" 5396
"../../../Engine/Content/EngineMaterials/Substrate/GLints/dict_16_192_64_0p5_0p02_0034_0011.uasset" 5397
"/Engine/EngineMaterials/Substrate/GLints/dict_16_192_64_0p5_0p02_0035_0001" 5398
"/Engine/EngineMaterials/Substrate/GLints/dict_16_192_64_0p5_0p02_0036_0003" 5399
"../../../Engine/Content/EngineMaterials/Substrate/GLints/dict_16_192_64_0p5_0p02_0034_0005.uasset" 5400
"../../../Engine/Content/EngineMaterials/Substrate/GLints/dict_16_192_64_0p5_0p02_0034_0003.uasset" 5401
"/Engine/EngineMaterials/Substrate/GLints/dict_16_192_64_0p5_0p02_0034_0012" 5402
"../../../Engine/Content/EngineMaterials/Substrate/GLints/dict_16_192_64_0p5_0p02_0034_0004.uasset" 5403
"/Engine/EngineMaterials/Substrate/GLints/dict_16_192_64_0p5_0p02_0034_0008" 5404
"/Engine/EngineMaterials/Substrate/GLints/dict_16_192_64_0p5_0p02_0034_0009" 5405
"/Engine/EngineMaterials/Substrate/GLints/dict_16_192_64_0p5_0p02_0034_0010" 5406
"/Engine/EngineMaterials/Substrate/GLints/dict_16_192_64_0p5_0p02_0034_0011" 5407
"/Engine/EngineMaterials/Substrate/GLints/dict_16_192_64_0p5_0p02_0034_0003" 5408
"/Engine/EngineMaterials/Substrate/GLints/dict_16_192_64_0p5_0p02_0034_0004" 5409
"/Engine/EngineMaterials/Substrate/GLints/dict_16_192_64_0p5_0p02_0034_0005" 5410
"../../../Engine/Content/EngineMaterials/Substrate/GLints/dict_16_192_64_0p5_0p02_0034_0000.uasset" 5411
"../../../Engine/Content/EngineMaterials/Substrate/GLints/dict_16_192_64_0p5_0p02_0034_0002.uasset" 5412
"../../../Engine/Content/EngineMaterials/Substrate/GLints/dict_16_192_64_0p5_0p02_0034_0001.uasset" 5413
"../../../Engine/Content/EngineMaterials/Substrate/GLints/dict_16_192_64_0p5_0p02_0033_0013.uasset" 5414
"../../../Engine/Content/EngineMaterials/Substrate/GLints/dict_16_192_64_0p5_0p02_0033_0014.uasset" 5415
"../../../Engine/Content/EngineMaterials/Substrate/GLints/dict_16_192_64_0p5_0p02_0033_0015.uasset" 5416
"../../../Engine/Content/EngineMaterials/Substrate/GLints/dict_16_192_64_0p5_0p02_0033_0012.uasset" 5417
"../../../Engine/Content/EngineMaterials/Substrate/GLints/dict_16_192_64_0p5_0p02_0033_0011.uasset" 5418
"../../../Engine/Content/EngineMaterials/Substrate/GLints/dict_16_192_64_0p5_0p02_0033_0009.uasset" 5419
"/Engine/EngineMaterials/Substrate/GLints/dict_16_192_64_0p5_0p02_0033_0009" 5420
"/Engine/EngineMaterials/Substrate/GLints/dict_16_192_64_0p5_0p02_0033_0014" 5421
"../../../Engine/Content/EngineMaterials/Substrate/GLints/dict_16_192_64_0p5_0p02_0033_0006.uasset" 5422
"../../../Engine/Content/EngineMaterials/Substrate/GLints/dict_16_192_64_0p5_0p02_0033_0008.uasset" 5423
"/Engine/EngineMaterials/Substrate/GLints/dict_16_192_64_0p5_0p02_0033_0015" 5424
"../../../Engine/Content/EngineMaterials/Substrate/GLints/dict_16_192_64_0p5_0p02_0033_0010.uasset" 5425
"/Engine/EngineMaterials/Substrate/GLints/dict_16_192_64_0p5_0p02_0034_0000" 5426
"/Engine/EngineMaterials/Substrate/GLints/dict_16_192_64_0p5_0p02_0033_0011" 5427
"/Engine/EngineMaterials/Substrate/GLints/dict_16_192_64_0p5_0p02_0033_0012" 5428
"../../../Engine/Content/EngineMaterials/Substrate/GLints/dict_16_192_64_0p5_0p02_0033_0007.uasset" 5429
"/Engine/EngineMaterials/Substrate/GLints/dict_16_192_64_0p5_0p02_0034_0001" 5430
"../../../Engine/Content/EngineMaterials/Substrate/GLints/dict_16_192_64_0p5_0p02_0033_0004.uasset" 5431
"../../../Engine/Content/EngineMaterials/Substrate/GLints/dict_16_192_64_0p5_0p02_0034_0007.uasset" 5432
"../../../Engine/Content/EngineMaterials/Substrate/GLints/dict_16_192_64_0p5_0p02_0034_0006.uasset" 5433
"/Engine/EngineMaterials/Substrate/GLints/dict_16_192_64_0p5_0p02_0034_0002" 5434
"/Engine/EngineMaterials/Substrate/GLints/dict_16_192_64_0p5_0p02_0033_0013" 5435
"/Engine/EngineMaterials/Substrate/GLints/dict_16_192_64_0p5_0p02_0033_0010" 5436
"/Engine/EngineMaterials/Substrate/GLints/dict_16_192_64_0p5_0p02_0033_0004" 5437
"/Engine/EngineMaterials/Substrate/GLints/dict_16_192_64_0p5_0p02_0033_0008" 5438
"../../../Engine/Content/EngineMaterials/Substrate/GLints/dict_16_192_64_0p5_0p02_0033_0005.uasset" 5439
"../../../Engine/Content/EngineMaterials/Substrate/GLints/dict_16_192_64_0p5_0p02_0033_0003.uasset" 5440
"/Engine/EngineMaterials/Substrate/GLints/dict_16_192_64_0p5_0p02_0033_0006" 5441
"/Engine/EngineMaterials/Substrate/GLints/dict_16_192_64_0p5_0p02_0033_0007" 5442
"/Engine/EngineMaterials/Substrate/GLints/dict_16_192_64_0p5_0p02_0034_0006" 5443
"/Engine/EngineMaterials/Substrate/GLints/dict_16_192_64_0p5_0p02_0034_0007" 5444
"/Engine/EngineMaterials/Substrate/GLints/dict_16_192_64_0p5_0p02_0033_0003" 5445
"../../../Engine/Content/EngineMaterials/Substrate/GLints/dict_16_192_64_0p5_0p02_0033_0000.uasset" 5446
"/Engine/EngineMaterials/Substrate/GLints/dict_16_192_64_0p5_0p02_0033_0005" 5447
"/Engine/EngineMaterials/Substrate/GLints/dict_16_192_64_0p5_0p02_0033_0000" 5448
"../../../Engine/Content/EngineMaterials/Substrate/GLints/dict_16_192_64_0p5_0p02_0033_0002.uasset" 5449
"../../../Engine/Content/EngineMaterials/Substrate/GLints/dict_16_192_64_0p5_0p02_0032_0014.uasset" 5450
"../../../Engine/Content/EngineMaterials/Substrate/GLints/dict_16_192_64_0p5_0p02_0032_0011.uasset" 5451
"../../../Engine/Content/EngineMaterials/Substrate/GLints/dict_16_192_64_0p5_0p02_0032_0015.uasset" 5452
"../../../Engine/Content/EngineMaterials/Substrate/GLints/dict_16_192_64_0p5_0p02_0033_0001.uasset" 5453
"../../../Engine/Content/EngineMaterials/Substrate/GLints/dict_16_192_64_0p5_0p02_0032_0012.uasset" 5454
"../../../Engine/Content/EngineMaterials/Substrate/GLints/dict_16_192_64_0p5_0p02_0032_0010.uasset" 5455
"../../../Engine/Content/EngineMaterials/Substrate/GLints/dict_16_192_64_0p5_0p02_0032_0009.uasset" 5456
"../../../Engine/Content/EngineMaterials/Substrate/GLints/dict_16_192_64_0p5_0p02_0032_0008.uasset" 5457
"../../../Engine/Content/EngineMaterials/Substrate/GLints/dict_16_192_64_0p5_0p02_0032_0005.uasset" 5458
"../../../Engine/Content/EngineMaterials/Substrate/GLints/dict_16_192_64_0p5_0p02_0032_0006.uasset" 5459
"/Engine/EngineMaterials/Substrate/GLints/dict_16_192_64_0p5_0p02_0032_0005" 5460
"../../../Engine/Content/EngineMaterials/Substrate/GLints/dict_16_192_64_0p5_0p02_0032_0007.uasset" 5461
"/Engine/EngineMaterials/Substrate/GLints/dict_16_192_64_0p5_0p02_0032_0014" 5462
"../../../Engine/Content/EngineMaterials/Substrate/GLints/dict_16_192_64_0p5_0p02_0032_0013.uasset" 5463
"/Engine/EngineMaterials/Substrate/GLints/dict_16_192_64_0p5_0p02_0032_0009" 5464
"../../../Engine/Content/EngineMaterials/Substrate/GLints/dict_16_192_64_0p5_0p02_0032_0003.uasset" 5465
"/Engine/EngineMaterials/Substrate/GLints/dict_16_192_64_0p5_0p02_0032_0015" 5466
"../../../Engine/Content/EngineMaterials/Substrate/GLints/dict_16_192_64_0p5_0p02_0032_0004.uasset" 5467
"/Engine/EngineMaterials/Substrate/GLints/dict_16_192_64_0p5_0p02_0033_0001" 5468
"/Engine/EngineMaterials/Substrate/GLints/dict_16_192_64_0p5_0p02_0033_0002" 5469
"/Engine/EngineMaterials/Substrate/GLints/dict_16_192_64_0p5_0p02_0032_0008" 5470
"/Engine/EngineMaterials/Substrate/GLints/dict_16_192_64_0p5_0p02_0032_0010" 5471
"/Engine/EngineMaterials/Substrate/GLints/dict_16_192_64_0p5_0p02_0032_0011" 5472
"/Engine/EngineMaterials/Substrate/GLints/dict_16_192_64_0p5_0p02_0032_0012" 5473
"../../../Engine/Content/EngineMaterials/Substrate/GLints/dict_16_192_64_0p5_0p02_0032_0000.uasset" 5474
"/Engine/EngineMaterials/Substrate/GLints/dict_16_192_64_0p5_0p02_0032_0013" 5475
"/Engine/EngineMaterials/Substrate/GLints/dict_16_192_64_0p5_0p02_0032_0000" 5476
"../../../Engine/Content/EngineMaterials/Substrate/GLints/dict_16_192_64_0p5_0p02_0032_0002.uasset" 5477
"/Engine/EngineMaterials/Substrate/GLints/dict_16_192_64_0p5_0p02_0032_0003" 5478
"/Engine/EngineMaterials/Substrate/GLints/dict_16_192_64_0p5_0p02_0032_0006" 5479
"/Engine/EngineMaterials/Substrate/GLints/dict_16_192_64_0p5_0p02_0032_0007" 5480
"/Engine/EngineMaterials/Substrate/GLints/dict_16_192_64_0p5_0p02_0032_0004" 5481
"../../../Engine/Content/EngineMaterials/Substrate/GLints/dict_16_192_64_0p5_0p02_0031_0015.uasset" 5482
"../../../Engine/Content/EngineMaterials/Substrate/GLints/dict_16_192_64_0p5_0p02_0032_0001.uasset" 5483
"/Engine/EngineMaterials/Substrate/GLints/dict_16_192_64_0p5_0p02_0031_0015" 5484
"/Engine/EngineMaterials/Substrate/GLints/dict_16_192_64_0p5_0p02_0032_0001" 5485
"/Engine/EngineMaterials/Substrate/GLints/dict_16_192_64_0p5_0p02_0032_0002" 5486
"../../../Engine/Content/EngineMaterials/Substrate/GLints/dict_16_192_64_0p5_0p02_0031_0013.uasset" 5487
"/Engine/EngineMaterials/Substrate/GLints/dict_16_192_64_0p5_0p02_0031_0013" 5488
"../../../Engine/Content/EngineMaterials/Substrate/GLints/dict_16_192_64_0p5_0p02_0031_0011.uasset" 5489
"/Engine/EngineMaterials/Substrate/GLints/dict_16_192_64_0p5_0p02_0031_0011" 5490
"../../../Engine/Content/EngineMaterials/Substrate/GLints/dict_16_192_64_0p5_0p02_0031_0014.uasset" 5491
"/Engine/EngineMaterials/Substrate/GLints/dict_16_192_64_0p5_0p02_0031_0014" 5492
"../../../Engine/Content/EngineMaterials/Substrate/GLints/dict_16_192_64_0p5_0p02_0031_0010.uasset" 5493
"../../../Engine/Content/EngineMaterials/Substrate/GLints/dict_16_192_64_0p5_0p02_0031_0009.uasset" 5494
"../../../Engine/Content/EngineMaterials/Substrate/GLints/dict_16_192_64_0p5_0p02_0031_0006.uasset" 5495
"../../../Engine/Content/EngineMaterials/Substrate/GLints/dict_16_192_64_0p5_0p02_0031_0005.uasset" 5496
"../../../Engine/Content/EngineMaterials/Substrate/GLints/dict_16_192_64_0p5_0p02_0031_0008.uasset" 5497
"../../../Engine/Content/EngineMaterials/Substrate/GLints/dict_16_192_64_0p5_0p02_0031_0007.uasset" 5498
"../../../Engine/Content/EngineMaterials/Substrate/GLints/dict_16_192_64_0p5_0p02_0031_0012.uasset" 5499
"../../../Engine/Content/EngineMaterials/Substrate/GLints/dict_16_192_64_0p5_0p02_0031_0003.uasset" 5500
"../../../Engine/Content/EngineMaterials/Substrate/GLints/dict_16_192_64_0p5_0p02_0031_0004.uasset" 5501
"../../../Engine/Content/EngineMaterials/Substrate/GLints/dict_16_192_64_0p5_0p02_0031_0001.uasset" 5502
"/Engine/EngineMaterials/Substrate/GLints/dict_16_192_64_0p5_0p02_0031_0012" 5503
"../../../Engine/Content/EngineMaterials/Substrate/GLints/dict_16_192_64_0p5_0p02_0031_0002.uasset" 5504
"../../../Engine/Content/EngineMaterials/Substrate/GLints/dict_16_192_64_0p5_0p02_0031_0000.uasset" 5505
"/Engine/EngineMaterials/Substrate/GLints/dict_16_192_64_0p5_0p02_0031_0005" 5506
"/Engine/EngineMaterials/Substrate/GLints/dict_16_192_64_0p5_0p02_0031_0003" 5507
"../../../Engine/Content/EngineMaterials/Substrate/GLints/dict_16_192_64_0p5_0p02_0030_0015.uasset" 5508
"/Engine/EngineMaterials/Substrate/GLints/dict_16_192_64_0p5_0p02_0031_0006" 5509
"../../../Engine/Content/EngineMaterials/Substrate/GLints/dict_16_192_64_0p5_0p02_0030_0014.uasset" 5510
"/Engine/EngineMaterials/Substrate/GLints/dict_16_192_64_0p5_0p02_0031_0004" 5511
"../../../Engine/Content/EngineMaterials/Substrate/GLints/dict_16_192_64_0p5_0p02_0030_0013.uasset" 5512
"/Engine/EngineMaterials/Substrate/GLints/dict_16_192_64_0p5_0p02_0031_0007" 5513
"/Engine/EngineMaterials/Substrate/GLints/dict_16_192_64_0p5_0p02_0031_0008" 5514
"/Engine/EngineMaterials/Substrate/GLints/dict_16_192_64_0p5_0p02_0031_0009" 5515
"/Engine/EngineMaterials/Substrate/GLints/dict_16_192_64_0p5_0p02_0031_0010" 5516
"/Engine/EngineMaterials/Substrate/GLints/dict_16_192_64_0p5_0p02_0031_0001" 5517
"/Engine/EngineMaterials/Substrate/GLints/dict_16_192_64_0p5_0p02_0031_0002" 5518
"/Engine/EngineMaterials/Substrate/GLints/dict_16_192_64_0p5_0p02_0030_0013" 5519
"/Engine/EngineMaterials/Substrate/GLints/dict_16_192_64_0p5_0p02_0030_0014" 5520
"/Engine/EngineMaterials/Substrate/GLints/dict_16_192_64_0p5_0p02_0030_0015" 5521
"../../../Engine/Content/EngineMaterials/Substrate/GLints/dict_16_192_64_0p5_0p02_0030_0012.uasset" 5522
"../../../Engine/Content/EngineMaterials/Substrate/GLints/dict_16_192_64_0p5_0p02_0030_0010.uasset" 5523
"/Engine/EngineMaterials/Substrate/GLints/dict_16_192_64_0p5_0p02_0031_0000" 5524
"/Engine/EngineMaterials/Substrate/GLints/dict_16_192_64_0p5_0p02_0030_0010" 5525
"../../../Engine/Content/EngineMaterials/Substrate/GLints/dict_16_192_64_0p5_0p02_0030_0011.uasset" 5526
"../../../Engine/Content/EngineMaterials/Substrate/GLints/dict_16_192_64_0p5_0p02_0030_0008.uasset" 5527
"../../../Engine/Content/EngineMaterials/Substrate/GLints/dict_16_192_64_0p5_0p02_0030_0009.uasset" 5528
"/Engine/EngineMaterials/Substrate/GLints/dict_16_192_64_0p5_0p02_0030_0012" 5529
"/Engine/EngineMaterials/Substrate/GLints/dict_16_192_64_0p5_0p02_0030_0008" 5530
"../../../Engine/Content/EngineMaterials/Substrate/GLints/dict_16_192_64_0p5_0p02_0030_0006.uasset" 5531
"/Engine/EngineMaterials/Substrate/GLints/dict_16_192_64_0p5_0p02_0030_0009" 5532
"/Engine/EngineMaterials/Substrate/GLints/dict_16_192_64_0p5_0p02_0030_0011" 5533
"/Engine/EngineMaterials/Substrate/GLints/dict_16_192_64_0p5_0p02_0030_0006" 5534
"../../../Engine/Content/EngineMaterials/Substrate/GLints/dict_16_192_64_0p5_0p02_0030_0005.uasset" 5535
"../../../Engine/Content/EngineMaterials/Substrate/GLints/dict_16_192_64_0p5_0p02_0030_0002.uasset" 5536
"../../../Engine/Content/EngineMaterials/Substrate/GLints/dict_16_192_64_0p5_0p02_0030_0004.uasset" 5537
"../../../Engine/Content/EngineMaterials/Substrate/GLints/dict_16_192_64_0p5_0p02_0030_0001.uasset" 5538
"../../../Engine/Content/EngineMaterials/Substrate/GLints/dict_16_192_64_0p5_0p02_0030_0000.uasset" 5539
"../../../Engine/Content/EngineMaterials/Substrate/GLints/dict_16_192_64_0p5_0p02_0029_0015.uasset" 5540
"../../../Engine/Content/EngineMaterials/Substrate/GLints/dict_16_192_64_0p5_0p02_0030_0007.uasset" 5541
"../../../Engine/Content/EngineMaterials/Substrate/GLints/dict_16_192_64_0p5_0p02_0029_0014.uasset" 5542
"../../../Engine/Content/EngineMaterials/Substrate/GLints/dict_16_192_64_0p5_0p02_0029_0013.uasset" 5543
"../../../Engine/Content/EngineMaterials/Substrate/GLints/dict_16_192_64_0p5_0p02_0029_0011.uasset" 5544
"../../../Engine/Content/EngineMaterials/Substrate/GLints/dict_16_192_64_0p5_0p02_0029_0009.uasset" 5545
"../../../Engine/Content/EngineMaterials/Substrate/GLints/dict_16_192_64_0p5_0p02_0029_0008.uasset" 5546
"../../../Engine/Content/EngineMaterials/Substrate/GLints/dict_16_192_64_0p5_0p02_0029_0010.uasset" 5547
"../../../Engine/Content/EngineMaterials/Substrate/GLints/dict_16_192_64_0p5_0p02_0029_0012.uasset" 5548
"/Engine/EngineMaterials/Substrate/GLints/dict_16_192_64_0p5_0p02_0030_0002" 5549
"/Engine/EngineMaterials/Substrate/GLints/dict_16_192_64_0p5_0p02_0029_0014" 5550
"/Engine/EngineMaterials/Substrate/GLints/dict_16_192_64_0p5_0p02_0029_0015" 5551
"/Engine/EngineMaterials/Substrate/GLints/dict_16_192_64_0p5_0p02_0030_0000" 5552
"/Engine/EngineMaterials/Substrate/GLints/dict_16_192_64_0p5_0p02_0030_0001" 5553
"/Engine/EngineMaterials/Substrate/GLints/dict_16_192_64_0p5_0p02_0030_0004" 5554
"/Engine/EngineMaterials/Substrate/GLints/dict_16_192_64_0p5_0p02_0030_0005" 5555
"/Engine/EngineMaterials/Substrate/GLints/dict_16_192_64_0p5_0p02_0029_0008" 5556
"/Engine/EngineMaterials/Substrate/GLints/dict_16_192_64_0p5_0p02_0030_0007" 5557
"/Engine/EngineMaterials/Substrate/GLints/dict_16_192_64_0p5_0p02_0029_0009" 5558
"/Engine/EngineMaterials/Substrate/GLints/dict_16_192_64_0p5_0p02_0029_0013" 5559
"/Engine/EngineMaterials/Substrate/GLints/dict_16_192_64_0p5_0p02_0029_0011" 5560
"/Engine/EngineMaterials/Substrate/GLints/dict_16_192_64_0p5_0p02_0029_0012" 5561
"/Engine/EngineMaterials/Substrate/GLints/dict_16_192_64_0p5_0p02_0029_0010" 5562
"../../../Engine/Content/EngineMaterials/Substrate/GLints/dict_16_192_64_0p5_0p02_0029_0004.uasset" 5563
"../../../Engine/Content/EngineMaterials/Substrate/GLints/dict_16_192_64_0p5_0p02_0029_0006.uasset" 5564
"../../../Engine/Content/EngineMaterials/Substrate/GLints/dict_16_192_64_0p5_0p02_0029_0005.uasset" 5565
"../../../Engine/Content/EngineMaterials/Substrate/GLints/dict_16_192_64_0p5_0p02_0030_0003.uasset" 5566
"../../../Engine/Content/EngineMaterials/Substrate/GLints/dict_16_192_64_0p5_0p02_0029_0001.uasset" 5567
"../../../Engine/Content/EngineMaterials/Substrate/GLints/dict_16_192_64_0p5_0p02_0029_0003.uasset" 5568
"../../../Engine/Content/EngineMaterials/Substrate/GLints/dict_16_192_64_0p5_0p02_0029_0002.uasset" 5569
"../../../Engine/Content/EngineMaterials/Substrate/GLints/dict_16_192_64_0p5_0p02_0029_0007.uasset" 5570
"../../../Engine/Content/EngineMaterials/Substrate/GLints/dict_16_192_64_0p5_0p02_0028_0014.uasset" 5571
"../../../Engine/Content/EngineMaterials/Substrate/GLints/dict_16_192_64_0p5_0p02_0028_0015.uasset" 5572
"/Engine/EngineMaterials/Substrate/GLints/dict_16_192_64_0p5_0p02_0029_0002" 5573
"../../../Engine/Content/EngineMaterials/Substrate/GLints/dict_16_192_64_0p5_0p02_0028_0006.uasset" 5574
"../../../Engine/Content/EngineMaterials/Substrate/GLints/dict_16_192_64_0p5_0p02_0029_0000.uasset" 5575
"../../../Engine/Content/EngineMaterials/Substrate/GLints/dict_16_192_64_0p5_0p02_0028_0013.uasset" 5576
"../../../Engine/Content/EngineMaterials/Substrate/GLints/dict_16_192_64_0p5_0p02_0028_0012.uasset" 5577
"/Engine/EngineMaterials/Substrate/GLints/dict_16_192_64_0p5_0p02_0029_0003" 5578
"../../../Engine/Content/EngineMaterials/Substrate/GLints/dict_16_192_64_0p5_0p02_0028_0011.uasset" 5579
"../../../Engine/Content/EngineMaterials/Substrate/GLints/dict_16_192_64_0p5_0p02_0028_0007.uasset" 5580
"/Engine/EngineMaterials/Substrate/GLints/dict_16_192_64_0p5_0p02_0028_0014" 5581
"../../../Engine/Content/EngineMaterials/Substrate/GLints/dict_16_192_64_0p5_0p02_0028_0010.uasset" 5582
"../../../Engine/Content/EngineMaterials/Substrate/GLints/dict_16_192_64_0p5_0p02_0028_0009.uasset" 5583
"/Engine/EngineMaterials/Substrate/GLints/dict_16_192_64_0p5_0p02_0030_0003" 5584
"/Engine/EngineMaterials/Substrate/GLints/dict_16_192_64_0p5_0p02_0029_0004" 5585
"/Engine/EngineMaterials/Substrate/GLints/dict_16_192_64_0p5_0p02_0029_0005" 5586
"/Engine/EngineMaterials/Substrate/GLints/dict_16_192_64_0p5_0p02_0029_0006" 5587
"/Engine/EngineMaterials/Substrate/GLints/dict_16_192_64_0p5_0p02_0029_0007" 5588
"/Engine/EngineMaterials/Substrate/GLints/dict_16_192_64_0p5_0p02_0028_0015" 5589
"/Engine/EngineMaterials/Substrate/GLints/dict_16_192_64_0p5_0p02_0029_0001" 5590
"/Engine/EngineMaterials/Substrate/GLints/dict_16_192_64_0p5_0p02_0028_0009" 5591
"/Engine/EngineMaterials/Substrate/GLints/dict_16_192_64_0p5_0p02_0028_0011" 5592
"/Engine/EngineMaterials/Substrate/GLints/dict_16_192_64_0p5_0p02_0028_0010" 5593
"/Engine/EngineMaterials/Substrate/GLints/dict_16_192_64_0p5_0p02_0028_0013" 5594
"../../../Engine/Content/EngineMaterials/Substrate/GLints/dict_16_192_64_0p5_0p02_0028_0003.uasset" 5595
"../../../Engine/Content/EngineMaterials/Substrate/GLints/dict_16_192_64_0p5_0p02_0028_0001.uasset" 5596
"../../../Engine/Content/EngineMaterials/Substrate/GLints/dict_16_192_64_0p5_0p02_0027_0014.uasset" 5597
"/Engine/EngineMaterials/Substrate/GLints/dict_16_192_64_0p5_0p02_0028_0012" 5598
"../../../Engine/Content/EngineMaterials/Substrate/GLints/dict_16_192_64_0p5_0p02_0028_0005.uasset" 5599
"/Engine/EngineMaterials/Substrate/GLints/dict_16_192_64_0p5_0p02_0028_0007" 5600
"/Engine/EngineMaterials/Substrate/GLints/dict_16_192_64_0p5_0p02_0029_0000" 5601
"../../../Engine/Content/EngineMaterials/Substrate/GLints/dict_16_192_64_0p5_0p02_0028_0000.uasset" 5602
"/Engine/EngineMaterials/Substrate/GLints/dict_16_192_64_0p5_0p02_0028_0006" 5603
"../../../Engine/Content/EngineMaterials/Substrate/GLints/dict_16_192_64_0p5_0p02_0027_0015.uasset" 5604
"/Engine/EngineMaterials/Substrate/GLints/dict_16_192_64_0p5_0p02_0027_0014" 5605
"/Engine/EngineMaterials/Substrate/GLints/dict_16_192_64_0p5_0p02_0027_0015" 5606
"/Engine/EngineMaterials/Substrate/GLints/dict_16_192_64_0p5_0p02_0028_0000" 5607
"/Engine/EngineMaterials/Substrate/GLints/dict_16_192_64_0p5_0p02_0028_0001" 5608
"/Engine/EngineMaterials/Substrate/GLints/dict_16_192_64_0p5_0p02_0028_0003" 5609
"/Engine/EngineMaterials/Substrate/GLints/dict_16_192_64_0p5_0p02_0028_0005" 5610
"../../../Engine/Content/EngineMaterials/Substrate/GLints/dict_16_192_64_0p5_0p02_0028_0008.uasset" 5611
"../../../Engine/Content/EngineMaterials/Substrate/GLints/dict_16_192_64_0p5_0p02_0028_0004.uasset" 5612
"../../../Engine/Content/EngineMaterials/Substrate/GLints/dict_16_192_64_0p5_0p02_0027_0010.uasset" 5613
"../../../Engine/Content/EngineMaterials/Substrate/GLints/dict_16_192_64_0p5_0p02_0027_0013.uasset" 5614
"../../../Engine/Content/EngineMaterials/Substrate/GLints/dict_16_192_64_0p5_0p02_0027_0012.uasset" 5615
"../../../Engine/Content/EngineMaterials/Substrate/GLints/dict_16_192_64_0p5_0p02_0027_0011.uasset" 5616
"../../../Engine/Content/EngineMaterials/Substrate/GLints/dict_16_192_64_0p5_0p02_0027_0009.uasset" 5617
"../../../Engine/Content/EngineMaterials/Substrate/GLints/dict_16_192_64_0p5_0p02_0028_0002.uasset" 5618
"../../../Engine/Content/EngineMaterials/Substrate/GLints/dict_16_192_64_0p5_0p02_0027_0008.uasset" 5619
"../../../Engine/Content/EngineMaterials/Substrate/GLints/dict_16_192_64_0p5_0p02_0027_0003.uasset" 5620
"../../../Engine/Content/EngineMaterials/Substrate/GLints/dict_16_192_64_0p5_0p02_0027_0006.uasset" 5621
"/Engine/EngineMaterials/Substrate/GLints/dict_16_192_64_0p5_0p02_0028_0008" 5622
"../../../Engine/Content/EngineMaterials/Substrate/GLints/dict_16_192_64_0p5_0p02_0027_0002.uasset" 5623
"../../../Engine/Content/EngineMaterials/Substrate/GLints/dict_16_192_64_0p5_0p02_0027_0007.uasset" 5624
"../../../Engine/Content/EngineMaterials/Substrate/GLints/dict_16_192_64_0p5_0p02_0027_0004.uasset" 5625
"/Engine/EngineMaterials/Substrate/GLints/dict_16_192_64_0p5_0p02_0027_0011" 5626
"/Engine/EngineMaterials/Substrate/GLints/dict_16_192_64_0p5_0p02_0027_0012" 5627
"/Engine/EngineMaterials/Substrate/GLints/dict_16_192_64_0p5_0p02_0027_0009" 5628
"/Engine/EngineMaterials/Substrate/GLints/dict_16_192_64_0p5_0p02_0027_0013" 5629
"../../../Engine/Content/EngineMaterials/Substrate/GLints/dict_16_192_64_0p5_0p02_0027_0001.uasset" 5630
"../../../Engine/Content/EngineMaterials/Substrate/GLints/dict_16_192_64_0p5_0p02_0027_0005.uasset" 5631
"/Engine/EngineMaterials/Substrate/GLints/dict_16_192_64_0p5_0p02_0027_0003" 5632
"/Engine/EngineMaterials/Substrate/GLints/dict_16_192_64_0p5_0p02_0027_0006" 5633
"/Engine/EngineMaterials/Substrate/GLints/dict_16_192_64_0p5_0p02_0028_0002" 5634
"/Engine/EngineMaterials/Substrate/GLints/dict_16_192_64_0p5_0p02_0028_0004" 5635
"/Engine/EngineMaterials/Substrate/GLints/dict_16_192_64_0p5_0p02_0027_0010" 5636
"/Engine/EngineMaterials/Substrate/GLints/dict_16_192_64_0p5_0p02_0027_0008" 5637
"/Engine/EngineMaterials/Substrate/GLints/dict_16_192_64_0p5_0p02_0027_0001" 5638
"/Engine/EngineMaterials/Substrate/GLints/dict_16_192_64_0p5_0p02_0027_0002" 5639
"/Engine/EngineMaterials/Substrate/GLints/dict_16_192_64_0p5_0p02_0027_0004" 5640
"/Engine/EngineMaterials/Substrate/GLints/dict_16_192_64_0p5_0p02_0027_0005" 5641
"/Engine/EngineMaterials/Substrate/GLints/dict_16_192_64_0p5_0p02_0027_0007" 5642
"../../../Engine/Content/EngineMaterials/Substrate/GLints/dict_16_192_64_0p5_0p02_0026_0011.uasset" 5643
"../../../Engine/Content/EngineMaterials/Substrate/GLints/dict_16_192_64_0p5_0p02_0026_0012.uasset" 5644
"../../../Engine/Content/EngineMaterials/Substrate/GLints/dict_16_192_64_0p5_0p02_0026_0014.uasset" 5645
"../../../Engine/Content/EngineMaterials/Substrate/GLints/dict_16_192_64_0p5_0p02_0026_0015.uasset" 5646
"../../../Engine/Content/EngineMaterials/Substrate/GLints/dict_16_192_64_0p5_0p02_0026_0008.uasset" 5647
"../../../Engine/Content/EngineMaterials/Substrate/GLints/dict_16_192_64_0p5_0p02_0027_0000.uasset" 5648
"../../../Engine/Content/EngineMaterials/Substrate/GLints/dict_16_192_64_0p5_0p02_0026_0009.uasset" 5649
"../../../Engine/Content/EngineMaterials/Substrate/GLints/dict_16_192_64_0p5_0p02_0026_0010.uasset" 5650
"../../../Engine/Content/EngineMaterials/Substrate/GLints/dict_16_192_64_0p5_0p02_0026_0013.uasset" 5651
"../../../Engine/Content/EngineMaterials/Substrate/GLints/dict_16_192_64_0p5_0p02_0026_0004.uasset" 5652
"../../../Engine/Content/EngineMaterials/Substrate/GLints/dict_16_192_64_0p5_0p02_0026_0005.uasset" 5653
"../../../Engine/Content/EngineMaterials/Substrate/GLints/dict_16_192_64_0p5_0p02_0026_0007.uasset" 5654
"../../../Engine/Content/EngineMaterials/Substrate/GLints/dict_16_192_64_0p5_0p02_0026_0001.uasset" 5655
"../../../Engine/Content/EngineMaterials/Substrate/GLints/dict_16_192_64_0p5_0p02_0026_0006.uasset" 5656
"../../../Engine/Content/EngineMaterials/Substrate/GLints/dict_16_192_64_0p5_0p02_0026_0003.uasset" 5657
"/Engine/EngineMaterials/Substrate/GLints/dict_16_192_64_0p5_0p02_0026_0015" 5658
"/Engine/EngineMaterials/Substrate/GLints/dict_16_192_64_0p5_0p02_0026_0007" 5659
"/Engine/EngineMaterials/Substrate/GLints/dict_16_192_64_0p5_0p02_0026_0008" 5660
"../../../Engine/Content/EngineMaterials/Substrate/GLints/dict_16_192_64_0p5_0p02_0026_0002.uasset" 5661
"/Engine/EngineMaterials/Substrate/GLints/dict_16_192_64_0p5_0p02_0026_0009" 5662
"/Engine/EngineMaterials/Substrate/GLints/dict_16_192_64_0p5_0p02_0026_0010" 5663
"/Engine/EngineMaterials/Substrate/GLints/dict_16_192_64_0p5_0p02_0027_0000" 5664
"/Engine/EngineMaterials/Substrate/GLints/dict_16_192_64_0p5_0p02_0026_0011" 5665
"/Engine/EngineMaterials/Substrate/GLints/dict_16_192_64_0p5_0p02_0026_0001" 5666
"../../../Engine/Content/EngineMaterials/Substrate/GLints/dict_16_192_64_0p5_0p02_0025_0014.uasset" 5667
"/Engine/EngineMaterials/Substrate/GLints/dict_16_192_64_0p5_0p02_0026_0003" 5668
"../../../Engine/Content/EngineMaterials/Substrate/GLints/dict_16_192_64_0p5_0p02_0025_0011.uasset" 5669
"../../../Engine/Content/EngineMaterials/Substrate/GLints/dict_16_192_64_0p5_0p02_0025_0012.uasset" 5670
"/Engine/EngineMaterials/Substrate/GLints/dict_16_192_64_0p5_0p02_0026_0004" 5671
"../../../Engine/Content/EngineMaterials/Substrate/GLints/dict_16_192_64_0p5_0p02_0025_0013.uasset" 5672
"/Engine/EngineMaterials/Substrate/GLints/dict_16_192_64_0p5_0p02_0026_0012" 5673
"/Engine/EngineMaterials/Substrate/GLints/dict_16_192_64_0p5_0p02_0026_0005" 5674
"/Engine/EngineMaterials/Substrate/GLints/dict_16_192_64_0p5_0p02_0026_0006" 5675
"/Engine/EngineMaterials/Substrate/GLints/dict_16_192_64_0p5_0p02_0026_0013" 5676
"/Engine/EngineMaterials/Substrate/GLints/dict_16_192_64_0p5_0p02_0026_0014" 5677
"../../../Engine/Content/EngineMaterials/Substrate/GLints/dict_16_192_64_0p5_0p02_0025_0015.uasset" 5678
"../../../Engine/Content/EngineMaterials/Substrate/GLints/dict_16_192_64_0p5_0p02_0025_0009.uasset" 5679
"/Engine/EngineMaterials/Substrate/GLints/dict_16_192_64_0p5_0p02_0025_0009" 5680
"../../../Engine/Content/EngineMaterials/Substrate/GLints/dict_16_192_64_0p5_0p02_0025_0010.uasset" 5681
"/Engine/EngineMaterials/Substrate/GLints/dict_16_192_64_0p5_0p02_0025_0011" 5682
"/Engine/EngineMaterials/Substrate/GLints/dict_16_192_64_0p5_0p02_0026_0002" 5683
"/Engine/EngineMaterials/Substrate/GLints/dict_16_192_64_0p5_0p02_0025_0012" 5684
"/Engine/EngineMaterials/Substrate/GLints/dict_16_192_64_0p5_0p02_0025_0013" 5685
"/Engine/EngineMaterials/Substrate/GLints/dict_16_192_64_0p5_0p02_0025_0014" 5686
"/Engine/EngineMaterials/Substrate/GLints/dict_16_192_64_0p5_0p02_0025_0015" 5687
"/Engine/EngineMaterials/Substrate/GLints/dict_16_192_64_0p5_0p02_0025_0010" 5688
"../../../Engine/Content/EngineMaterials/Substrate/GLints/dict_16_192_64_0p5_0p02_0025_0004.uasset" 5689
"../../../Engine/Content/EngineMaterials/Substrate/GLints/dict_16_192_64_0p5_0p02_0025_0006.uasset" 5690
"../../../Engine/Content/EngineMaterials/Substrate/GLints/dict_16_192_64_0p5_0p02_0025_0005.uasset" 5691
"../../../Engine/Content/EngineMaterials/Substrate/GLints/dict_16_192_64_0p5_0p02_0025_0007.uasset" 5692
"../../../Engine/Content/EngineMaterials/Substrate/GLints/dict_16_192_64_0p5_0p02_0026_0000.uasset" 5693
"../../../Engine/Content/EngineMaterials/Substrate/GLints/dict_16_192_64_0p5_0p02_0025_0008.uasset" 5694
"../../../Engine/Content/EngineMaterials/Substrate/GLints/dict_16_192_64_0p5_0p02_0025_0002.uasset" 5695
"../../../Engine/Content/EngineMaterials/Substrate/GLints/dict_16_192_64_0p5_0p02_0025_0001.uasset" 5696
"../../../Engine/Content/EngineMaterials/Substrate/GLints/dict_16_192_64_0p5_0p02_0024_0014.uasset" 5697
"../../../Engine/Content/EngineMaterials/Substrate/GLints/dict_16_192_64_0p5_0p02_0024_0015.uasset" 5698
"../../../Engine/Content/EngineMaterials/Substrate/GLints/dict_16_192_64_0p5_0p02_0025_0000.uasset" 5699
"../../../Engine/Content/EngineMaterials/Substrate/GLints/dict_16_192_64_0p5_0p02_0024_0013.uasset" 5700
"../../../Engine/Content/EngineMaterials/Substrate/GLints/dict_16_192_64_0p5_0p02_0024_0012.uasset" 5701
"/Engine/EngineMaterials/Substrate/GLints/dict_16_192_64_0p5_0p02_0025_0006" 5702
"../../../Engine/Content/EngineMaterials/Substrate/GLints/dict_16_192_64_0p5_0p02_0025_0003.uasset" 5703
"../../../Engine/Content/EngineMaterials/Substrate/GLints/dict_16_192_64_0p5_0p02_0024_0010.uasset" 5704
"../../../Engine/Content/EngineMaterials/Substrate/GLints/dict_16_192_64_0p5_0p02_0024_0008.uasset" 5705
"../../../Engine/Content/EngineMaterials/Substrate/GLints/dict_16_192_64_0p5_0p02_0024_0006.uasset" 5706
"../../../Engine/Content/EngineMaterials/Substrate/GLints/dict_16_192_64_0p5_0p02_0024_0009.uasset" 5707
"/Engine/EngineMaterials/Substrate/GLints/dict_16_192_64_0p5_0p02_0025_0007" 5708
"../../../Engine/Content/EngineMaterials/Substrate/GLints/dict_16_192_64_0p5_0p02_0024_0007.uasset" 5709
"/Engine/EngineMaterials/Substrate/GLints/dict_16_192_64_0p5_0p02_0025_0008" 5710
"/Engine/EngineMaterials/Substrate/GLints/dict_16_192_64_0p5_0p02_0025_0001" 5711
"../../../Engine/Content/EngineMaterials/Substrate/GLints/dict_16_192_64_0p5_0p02_0024_0005.uasset" 5712
"/Engine/EngineMaterials/Substrate/GLints/dict_16_192_64_0p5_0p02_0025_0002" 5713
"../../../Engine/Content/EngineMaterials/Substrate/GLints/dict_16_192_64_0p5_0p02_0024_0004.uasset" 5714
"../../../Engine/Content/EngineMaterials/Substrate/GLints/dict_16_192_64_0p5_0p02_0024_0011.uasset" 5715
"/Engine/EngineMaterials/Substrate/GLints/dict_16_192_64_0p5_0p02_0025_0004" 5716
"/Engine/EngineMaterials/Substrate/GLints/dict_16_192_64_0p5_0p02_0024_0012" 5717
"/Engine/EngineMaterials/Substrate/GLints/dict_16_192_64_0p5_0p02_0024_0013" 5718
"/Engine/EngineMaterials/Substrate/GLints/dict_16_192_64_0p5_0p02_0025_0005" 5719
"/Engine/EngineMaterials/Substrate/GLints/dict_16_192_64_0p5_0p02_0024_0014" 5720
"/Engine/EngineMaterials/Substrate/GLints/dict_16_192_64_0p5_0p02_0024_0015" 5721
"/Engine/EngineMaterials/Substrate/GLints/dict_16_192_64_0p5_0p02_0026_0000" 5722
"/Engine/EngineMaterials/Substrate/GLints/dict_16_192_64_0p5_0p02_0025_0000" 5723
"../../../Engine/Content/EngineMaterials/Substrate/GLints/dict_16_192_64_0p5_0p02_0024_0002.uasset" 5724
"/Engine/EngineMaterials/Substrate/GLints/dict_16_192_64_0p5_0p02_0024_0002" 5725
"/Engine/EngineMaterials/Substrate/GLints/dict_16_192_64_0p5_0p02_0024_0004" 5726
"/Engine/EngineMaterials/Substrate/GLints/dict_16_192_64_0p5_0p02_0024_0005" 5727
"/Engine/EngineMaterials/Substrate/GLints/dict_16_192_64_0p5_0p02_0024_0006" 5728
"/Engine/EngineMaterials/Substrate/GLints/dict_16_192_64_0p5_0p02_0024_0007" 5729
"/Engine/EngineMaterials/Substrate/GLints/dict_16_192_64_0p5_0p02_0024_0008" 5730
"/Engine/EngineMaterials/Substrate/GLints/dict_16_192_64_0p5_0p02_0024_0009" 5731
"/Engine/EngineMaterials/Substrate/GLints/dict_16_192_64_0p5_0p02_0025_0003" 5732
"../../../Engine/Content/EngineMaterials/Substrate/GLints/dict_16_192_64_0p5_0p02_0023_0015.uasset" 5733
"../../../Engine/Content/EngineMaterials/Substrate/GLints/dict_16_192_64_0p5_0p02_0024_0000.uasset" 5734
"../../../Engine/Content/EngineMaterials/Substrate/GLints/dict_16_192_64_0p5_0p02_0024_0001.uasset" 5735
"/Engine/EngineMaterials/Substrate/GLints/dict_16_192_64_0p5_0p02_0024_0010" 5736
"/Engine/EngineMaterials/Substrate/GLints/dict_16_192_64_0p5_0p02_0024_0011" 5737
"../../../Engine/Content/EngineMaterials/Substrate/GLints/dict_16_192_64_0p5_0p02_0023_0013.uasset" 5738
"/Engine/EngineMaterials/Substrate/GLints/dict_16_192_64_0p5_0p02_0023_0015" 5739
"../../../Engine/Content/EngineMaterials/Substrate/GLints/dict_16_192_64_0p5_0p02_0024_0003.uasset" 5740
"../../../Engine/Content/EngineMaterials/Substrate/GLints/dict_16_192_64_0p5_0p02_0023_0011.uasset" 5741
"../../../Engine/Content/EngineMaterials/Substrate/GLints/dict_16_192_64_0p5_0p02_0023_0014.uasset" 5742
"/Engine/EngineMaterials/Substrate/GLints/dict_16_192_64_0p5_0p02_0024_0000" 5743
"/Engine/EngineMaterials/Substrate/GLints/dict_16_192_64_0p5_0p02_0024_0001" 5744
"/Engine/EngineMaterials/Substrate/GLints/dict_16_192_64_0p5_0p02_0024_0003" 5745
"/Engine/EngineMaterials/Substrate/GLints/dict_16_192_64_0p5_0p02_0023_0011" 5746
"/Engine/EngineMaterials/Substrate/GLints/dict_16_192_64_0p5_0p02_0023_0013" 5747
"../../../Engine/Content/EngineMaterials/Substrate/GLints/dict_16_192_64_0p5_0p02_0023_0010.uasset" 5748
"/Engine/EngineMaterials/Substrate/GLints/dict_16_192_64_0p5_0p02_0023_0014" 5749
"/Engine/EngineMaterials/Substrate/GLints/dict_16_192_64_0p5_0p02_0023_0010" 5750
"../../../Engine/Content/EngineMaterials/Substrate/GLints/dict_16_192_64_0p5_0p02_0023_0007.uasset" 5751
"../../../Engine/Content/EngineMaterials/Substrate/GLints/dict_16_192_64_0p5_0p02_0023_0004.uasset" 5752
"../../../Engine/Content/EngineMaterials/Substrate/GLints/dict_16_192_64_0p5_0p02_0023_0012.uasset" 5753
"../../../Engine/Content/EngineMaterials/Substrate/GLints/dict_16_192_64_0p5_0p02_0023_0008.uasset" 5754
"../../../Engine/Content/EngineMaterials/Substrate/GLints/dict_16_192_64_0p5_0p02_0023_0006.uasset" 5755
"../../../Engine/Content/EngineMaterials/Substrate/GLints/dict_16_192_64_0p5_0p02_0023_0009.uasset" 5756
"../../../Engine/Content/EngineMaterials/Substrate/GLints/dict_16_192_64_0p5_0p02_0023_0002.uasset" 5757
"../../../Engine/Content/EngineMaterials/Substrate/GLints/dict_16_192_64_0p5_0p02_0023_0003.uasset" 5758
"../../../Engine/Content/EngineMaterials/Substrate/GLints/dict_16_192_64_0p5_0p02_0023_0005.uasset" 5759
"../../../Engine/Content/EngineMaterials/Substrate/GLints/dict_16_192_64_0p5_0p02_0022_0011.uasset" 5760
"../../../Engine/Content/EngineMaterials/Substrate/GLints/dict_16_192_64_0p5_0p02_0022_0015.uasset" 5761
"../../../Engine/Content/EngineMaterials/Substrate/GLints/dict_16_192_64_0p5_0p02_0023_0001.uasset" 5762
"../../../Engine/Content/EngineMaterials/Substrate/GLints/dict_16_192_64_0p5_0p02_0022_0013.uasset" 5763
"/Engine/EngineMaterials/Substrate/GLints/dict_16_192_64_0p5_0p02_0022_0015" 5764
"../../../Engine/Content/EngineMaterials/Substrate/GLints/dict_16_192_64_0p5_0p02_0022_0014.uasset" 5765
"../../../Engine/Content/EngineMaterials/Substrate/GLints/dict_16_192_64_0p5_0p02_0022_0012.uasset" 5766
"/Engine/EngineMaterials/Substrate/GLints/dict_16_192_64_0p5_0p02_0023_0001" 5767
"/Engine/EngineMaterials/Substrate/GLints/dict_16_192_64_0p5_0p02_0023_0012" 5768
"/Engine/EngineMaterials/Substrate/GLints/dict_16_192_64_0p5_0p02_0022_0011" 5769
"/Engine/EngineMaterials/Substrate/GLints/dict_16_192_64_0p5_0p02_0023_0002" 5770
"/Engine/EngineMaterials/Substrate/GLints/dict_16_192_64_0p5_0p02_0023_0003" 5771
"/Engine/EngineMaterials/Substrate/GLints/dict_16_192_64_0p5_0p02_0023_0004" 5772
"/Engine/EngineMaterials/Substrate/GLints/dict_16_192_64_0p5_0p02_0023_0005" 5773
"/Engine/EngineMaterials/Substrate/GLints/dict_16_192_64_0p5_0p02_0023_0006" 5774
"/Engine/EngineMaterials/Substrate/GLints/dict_16_192_64_0p5_0p02_0023_0007" 5775
"/Engine/EngineMaterials/Substrate/GLints/dict_16_192_64_0p5_0p02_0023_0008" 5776
"/Engine/EngineMaterials/Substrate/GLints/dict_16_192_64_0p5_0p02_0023_0009" 5777
"/Engine/EngineMaterials/Substrate/GLints/dict_16_192_64_0p5_0p02_0022_0013" 5778
"../../../Engine/Content/EngineMaterials/Substrate/GLints/dict_16_192_64_0p5_0p02_0022_0008.uasset" 5779
"../../../Engine/Content/EngineMaterials/Substrate/GLints/dict_16_192_64_0p5_0p02_0022_0009.uasset" 5780
"../../../Engine/Content/EngineMaterials/Substrate/GLints/dict_16_192_64_0p5_0p02_0023_0000.uasset" 5781
"/Engine/EngineMaterials/Substrate/GLints/dict_16_192_64_0p5_0p02_0022_0014" 5782
"../../../Engine/Content/EngineMaterials/Substrate/GLints/dict_16_192_64_0p5_0p02_0022_0004.uasset" 5783
"/Engine/EngineMaterials/Substrate/GLints/dict_16_192_64_0p5_0p02_0022_0012" 5784
"/Engine/EngineMaterials/Substrate/GLints/dict_16_192_64_0p5_0p02_0022_0004" 5785
"/Engine/EngineMaterials/Substrate/GLints/dict_16_192_64_0p5_0p02_0022_0008" 5786
"../../../Engine/Content/EngineMaterials/Substrate/GLints/dict_16_192_64_0p5_0p02_0022_0007.uasset" 5787
"../../../Engine/Content/EngineMaterials/Substrate/GLints/dict_16_192_64_0p5_0p02_0022_0005.uasset" 5788
"../../../Engine/Content/EngineMaterials/Substrate/GLints/dict_16_192_64_0p5_0p02_0022_0003.uasset" 5789
"/Engine/EngineMaterials/Substrate/GLints/dict_16_192_64_0p5_0p02_0023_0000" 5790
"/Engine/EngineMaterials/Substrate/GLints/dict_16_192_64_0p5_0p02_0022_0009" 5791
"/Engine/EngineMaterials/Substrate/GLints/dict_16_192_64_0p5_0p02_0022_0003" 5792
"../../../Engine/Content/EngineMaterials/Substrate/GLints/dict_16_192_64_0p5_0p02_0022_0006.uasset" 5793
"/Engine/EngineMaterials/Substrate/GLints/dict_16_192_64_0p5_0p02_0022_0005" 5794
"/Engine/EngineMaterials/Substrate/GLints/dict_16_192_64_0p5_0p02_0022_0007" 5795
"/Engine/EngineMaterials/Substrate/GLints/dict_16_192_64_0p5_0p02_0022_0006" 5796
"../../../Engine/Content/EngineMaterials/Substrate/GLints/dict_16_192_64_0p5_0p02_0022_0010.uasset" 5797
"../../../Engine/Content/EngineMaterials/Substrate/GLints/dict_16_192_64_0p5_0p02_0022_0002.uasset" 5798
"../../../Engine/Content/EngineMaterials/Substrate/GLints/dict_16_192_64_0p5_0p02_0022_0000.uasset" 5799
"../../../Engine/Content/EngineMaterials/Substrate/GLints/dict_16_192_64_0p5_0p02_0021_0014.uasset" 5800
"../../../Engine/Content/EngineMaterials/Substrate/GLints/dict_16_192_64_0p5_0p02_0021_0012.uasset" 5801
"../../../Engine/Content/EngineMaterials/Substrate/GLints/dict_16_192_64_0p5_0p02_0021_0015.uasset" 5802
"../../../Engine/Content/EngineMaterials/Substrate/GLints/dict_16_192_64_0p5_0p02_0022_0001.uasset" 5803
"../../../Engine/Content/EngineMaterials/Substrate/GLints/dict_16_192_64_0p5_0p02_0021_0013.uasset" 5804
"../../../Engine/Content/EngineMaterials/Substrate/GLints/dict_16_192_64_0p5_0p02_0021_0009.uasset" 5805
"../../../Engine/Content/EngineMaterials/Substrate/GLints/dict_16_192_64_0p5_0p02_0021_0008.uasset" 5806
"../../../Engine/Content/EngineMaterials/Substrate/GLints/dict_16_192_64_0p5_0p02_0021_0007.uasset" 5807
"../../../Engine/Content/EngineMaterials/Substrate/GLints/dict_16_192_64_0p5_0p02_0021_0010.uasset" 5808
"../../../Engine/Content/EngineMaterials/Substrate/GLints/dict_16_192_64_0p5_0p02_0021_0006.uasset" 5809
"../../../Engine/Content/EngineMaterials/Substrate/GLints/dict_16_192_64_0p5_0p02_0021_0005.uasset" 5810
"../../../Engine/Content/EngineMaterials/Substrate/GLints/dict_16_192_64_0p5_0p02_0021_0002.uasset" 5811
"/Engine/EngineMaterials/Substrate/GLints/dict_16_192_64_0p5_0p02_0021_0012" 5812
"../../../Engine/Content/EngineMaterials/Substrate/GLints/dict_16_192_64_0p5_0p02_0021_0011.uasset" 5813
"/Engine/EngineMaterials/Substrate/GLints/dict_16_192_64_0p5_0p02_0021_0013" 5814
"/Engine/EngineMaterials/Substrate/GLints/dict_16_192_64_0p5_0p02_0022_0010" 5815
"/Engine/EngineMaterials/Substrate/GLints/dict_16_192_64_0p5_0p02_0021_0014" 5816
"../../../Engine/Content/EngineMaterials/Substrate/GLints/dict_16_192_64_0p5_0p02_0021_0000.uasset" 5817
"../../../Engine/Content/EngineMaterials/Substrate/GLints/dict_16_192_64_0p5_0p02_0021_0001.uasset" 5818
"/Engine/EngineMaterials/Substrate/GLints/dict_16_192_64_0p5_0p02_0021_0002" 5819
"../../../Engine/Content/EngineMaterials/Substrate/GLints/dict_16_192_64_0p5_0p02_0021_0004.uasset" 5820
"/Engine/EngineMaterials/Substrate/GLints/dict_16_192_64_0p5_0p02_0021_0015" 5821
"/Engine/EngineMaterials/Substrate/GLints/dict_16_192_64_0p5_0p02_0022_0000" 5822
"../../../Engine/Content/EngineMaterials/Substrate/GLints/dict_16_192_64_0p5_0p02_0021_0003.uasset" 5823
"/Engine/EngineMaterials/Substrate/GLints/dict_16_192_64_0p5_0p02_0021_0005" 5824
"../../../Engine/Content/EngineMaterials/Substrate/GLints/dict_16_192_64_0p5_0p02_0020_0015.uasset" 5825
"/Engine/EngineMaterials/Substrate/GLints/dict_16_192_64_0p5_0p02_0022_0001" 5826
"/Engine/EngineMaterials/Substrate/GLints/dict_16_192_64_0p5_0p02_0021_0006" 5827
"/Engine/EngineMaterials/Substrate/GLints/dict_16_192_64_0p5_0p02_0022_0002" 5828
"/Engine/EngineMaterials/Substrate/GLints/dict_16_192_64_0p5_0p02_0021_0007" 5829
"/Engine/EngineMaterials/Substrate/GLints/dict_16_192_64_0p5_0p02_0021_0008" 5830
"../../../Engine/Content/EngineMaterials/Substrate/GLints/dict_16_192_64_0p5_0p02_0020_0012.uasset" 5831
"/Engine/EngineMaterials/Substrate/GLints/dict_16_192_64_0p5_0p02_0021_0009" 5832
"/Engine/EngineMaterials/Substrate/GLints/dict_16_192_64_0p5_0p02_0021_0010" 5833
"/Engine/EngineMaterials/Substrate/GLints/dict_16_192_64_0p5_0p02_0020_0012" 5834
"/Engine/EngineMaterials/Substrate/GLints/dict_16_192_64_0p5_0p02_0020_0015" 5835
"../../../Engine/Content/EngineMaterials/Substrate/GLints/dict_16_192_64_0p5_0p02_0020_0014.uasset" 5836
"/Engine/EngineMaterials/Substrate/GLints/dict_16_192_64_0p5_0p02_0021_0011" 5837
"/Engine/EngineMaterials/Substrate/GLints/dict_16_192_64_0p5_0p02_0021_0000" 5838
"/Engine/EngineMaterials/Substrate/GLints/dict_16_192_64_0p5_0p02_0021_0001" 5839
"../../../Engine/Content/EngineMaterials/Substrate/GLints/dict_16_192_64_0p5_0p02_0020_0008.uasset" 5840
"../../../Engine/Content/EngineMaterials/Substrate/GLints/dict_16_192_64_0p5_0p02_0020_0009.uasset" 5841
"../../../Engine/Content/EngineMaterials/Substrate/GLints/dict_16_192_64_0p5_0p02_0020_0010.uasset" 5842
"/Engine/EngineMaterials/Substrate/GLints/dict_16_192_64_0p5_0p02_0021_0003" 5843
"../../../Engine/Content/EngineMaterials/Substrate/GLints/dict_16_192_64_0p5_0p02_0020_0007.uasset" 5844
"../../../Engine/Content/EngineMaterials/Substrate/GLints/dict_16_192_64_0p5_0p02_0020_0011.uasset" 5845
"/Engine/EngineMaterials/Substrate/GLints/dict_16_192_64_0p5_0p02_0021_0004" 5846
"/Engine/EngineMaterials/Substrate/GLints/dict_16_192_64_0p5_0p02_0020_0008" 5847
"/Engine/EngineMaterials/Substrate/GLints/dict_16_192_64_0p5_0p02_0020_0007" 5848
"/Engine/EngineMaterials/Substrate/GLints/dict_16_192_64_0p5_0p02_0020_0009" 5849
"/Engine/EngineMaterials/Substrate/GLints/dict_16_192_64_0p5_0p02_0020_0010" 5850
"/Engine/EngineMaterials/Substrate/GLints/dict_16_192_64_0p5_0p02_0020_0011" 5851
"/Engine/EngineMaterials/Substrate/GLints/dict_16_192_64_0p5_0p02_0020_0014" 5852
"../../../Engine/Content/EngineMaterials/Substrate/GLints/dict_16_192_64_0p5_0p02_0020_0005.uasset" 5853
"/Engine/EngineMaterials/Substrate/GLints/dict_16_192_64_0p5_0p02_0020_0005" 5854
"../../../Engine/Content/EngineMaterials/Substrate/GLints/dict_16_192_64_0p5_0p02_0020_0002.uasset" 5855
"../../../Engine/Content/EngineMaterials/Substrate/GLints/dict_16_192_64_0p5_0p02_0019_0015.uasset" 5856
"../../../Engine/Content/EngineMaterials/Substrate/GLints/dict_16_192_64_0p5_0p02_0020_0013.uasset" 5857
"../../../Engine/Content/EngineMaterials/Substrate/GLints/dict_16_192_64_0p5_0p02_0020_0001.uasset" 5858
"../../../Engine/Content/EngineMaterials/Substrate/GLints/dict_16_192_64_0p5_0p02_0019_0014.uasset" 5859
"../../../Engine/Content/EngineMaterials/Substrate/GLints/dict_16_192_64_0p5_0p02_0020_0000.uasset" 5860
"../../../Engine/Content/EngineMaterials/Substrate/GLints/dict_16_192_64_0p5_0p02_0020_0003.uasset" 5861
"../../../Engine/Content/EngineMaterials/Substrate/GLints/dict_16_192_64_0p5_0p02_0020_0004.uasset" 5862
"../../../Engine/Content/EngineMaterials/Substrate/GLints/dict_16_192_64_0p5_0p02_0019_0012.uasset" 5863
"../../../Engine/Content/EngineMaterials/Substrate/GLints/dict_16_192_64_0p5_0p02_0020_0006.uasset" 5864
"../../../Engine/Content/EngineMaterials/Substrate/GLints/dict_16_192_64_0p5_0p02_0019_0013.uasset" 5865
"../../../Engine/Content/EngineMaterials/Substrate/GLints/dict_16_192_64_0p5_0p02_0019_0011.uasset" 5866
"../../../Engine/Content/EngineMaterials/Substrate/GLints/dict_16_192_64_0p5_0p02_0019_0009.uasset" 5867
"../../../Engine/Content/EngineMaterials/Substrate/GLints/dict_16_192_64_0p5_0p02_0019_0006.uasset" 5868
"../../../Engine/Content/EngineMaterials/Substrate/GLints/dict_16_192_64_0p5_0p02_0019_0010.uasset" 5869
"../../../Engine/Content/EngineMaterials/Substrate/GLints/dict_16_192_64_0p5_0p02_0019_0007.uasset" 5870
"/Engine/EngineMaterials/Substrate/GLints/dict_16_192_64_0p5_0p02_0020_0013" 5871
"/Engine/EngineMaterials/Substrate/GLints/dict_16_192_64_0p5_0p02_0020_0006" 5872
"/Engine/EngineMaterials/Substrate/GLints/dict_16_192_64_0p5_0p02_0020_0004" 5873
"/Engine/EngineMaterials/Substrate/GLints/dict_16_192_64_0p5_0p02_0019_0009" 5874
"/Engine/EngineMaterials/Substrate/GLints/dict_16_192_64_0p5_0p02_0019_0011" 5875
"../../../Engine/Content/EngineMaterials/Substrate/GLints/dict_16_192_64_0p5_0p02_0019_0005.uasset" 5876
"/Engine/EngineMaterials/Substrate/GLints/dict_16_192_64_0p5_0p02_0019_0012" 5877
"../../../Engine/Content/EngineMaterials/Substrate/GLints/dict_16_192_64_0p5_0p02_0019_0004.uasset" 5878
"/Engine/EngineMaterials/Substrate/GLints/dict_16_192_64_0p5_0p02_0019_0013" 5879
"/Engine/EngineMaterials/Substrate/GLints/dict_16_192_64_0p5_0p02_0019_0014" 5880
"/Engine/EngineMaterials/Substrate/GLints/dict_16_192_64_0p5_0p02_0019_0015" 5881
"/Engine/EngineMaterials/Substrate/GLints/dict_16_192_64_0p5_0p02_0020_0000" 5882
"../../../Engine/Content/EngineMaterials/Substrate/GLints/dict_16_192_64_0p5_0p02_0019_0008.uasset" 5883
"/Engine/EngineMaterials/Substrate/GLints/dict_16_192_64_0p5_0p02_0020_0001" 5884
"/Engine/EngineMaterials/Substrate/GLints/dict_16_192_64_0p5_0p02_0020_0002" 5885
"/Engine/EngineMaterials/Substrate/GLints/dict_16_192_64_0p5_0p02_0020_0003" 5886
"../../../Engine/Content/EngineMaterials/Substrate/GLints/dict_16_192_64_0p5_0p02_0019_0003.uasset" 5887
"/Engine/EngineMaterials/Substrate/GLints/dict_16_192_64_0p5_0p02_0019_0005" 5888
"/Engine/EngineMaterials/Substrate/GLints/dict_16_192_64_0p5_0p02_0019_0006" 5889
"/Engine/EngineMaterials/Substrate/GLints/dict_16_192_64_0p5_0p02_0019_0007" 5890
"../../../Engine/Content/EngineMaterials/Substrate/GLints/dict_16_192_64_0p5_0p02_0019_0001.uasset" 5891
"/Engine/EngineMaterials/Substrate/GLints/dict_16_192_64_0p5_0p02_0019_0008" 5892
"../../../Engine/Content/EngineMaterials/Substrate/GLints/dict_16_192_64_0p5_0p02_0019_0002.uasset" 5893
"/Engine/EngineMaterials/Substrate/GLints/dict_16_192_64_0p5_0p02_0019_0003" 5894
"/Engine/EngineMaterials/Substrate/GLints/dict_16_192_64_0p5_0p02_0019_0004" 5895
"/Engine/EngineMaterials/Substrate/GLints/dict_16_192_64_0p5_0p02_0019_0010" 5896
"/Engine/EngineMaterials/Substrate/GLints/dict_16_192_64_0p5_0p02_0019_0001" 5897
"../../../Engine/Content/EngineMaterials/Substrate/GLints/dict_16_192_64_0p5_0p02_0019_0000.uasset" 5898
"/Engine/EngineMaterials/Substrate/GLints/dict_16_192_64_0p5_0p02_0019_0002" 5899
"/Engine/EngineMaterials/Substrate/GLints/dict_16_192_64_0p5_0p02_0019_0000" 5900
"../../../Engine/Content/EngineMaterials/Substrate/GLints/dict_16_192_64_0p5_0p02_0018_0012.uasset" 5901
"../../../Engine/Content/EngineMaterials/Substrate/GLints/dict_16_192_64_0p5_0p02_0018_0013.uasset" 5902
"../../../Engine/Content/EngineMaterials/Substrate/GLints/dict_16_192_64_0p5_0p02_0018_0015.uasset" 5903
"../../../Engine/Content/EngineMaterials/Substrate/GLints/dict_16_192_64_0p5_0p02_0018_0014.uasset" 5904
"../../../Engine/Content/EngineMaterials/Substrate/GLints/dict_16_192_64_0p5_0p02_0018_0008.uasset" 5905
"../../../Engine/Content/EngineMaterials/Substrate/GLints/dict_16_192_64_0p5_0p02_0018_0011.uasset" 5906
"../../../Engine/Content/EngineMaterials/Substrate/GLints/dict_16_192_64_0p5_0p02_0018_0009.uasset" 5907
"../../../Engine/Content/EngineMaterials/Substrate/GLints/dict_16_192_64_0p5_0p02_0018_0010.uasset" 5908
"../../../Engine/Content/EngineMaterials/Substrate/GLints/dict_16_192_64_0p5_0p02_0018_0007.uasset" 5909
"../../../Engine/Content/EngineMaterials/Substrate/GLints/dict_16_192_64_0p5_0p02_0018_0006.uasset" 5910
"../../../Engine/Content/EngineMaterials/Substrate/GLints/dict_16_192_64_0p5_0p02_0018_0005.uasset" 5911
"../../../Engine/Content/EngineMaterials/Substrate/GLints/dict_16_192_64_0p5_0p02_0018_0003.uasset" 5912
"../../../Engine/Content/EngineMaterials/Substrate/GLints/dict_16_192_64_0p5_0p02_0018_0004.uasset" 5913
"/Engine/EngineMaterials/Substrate/GLints/dict_16_192_64_0p5_0p02_0018_0014" 5914
"/Engine/EngineMaterials/Substrate/GLints/dict_16_192_64_0p5_0p02_0018_0007" 5915
"/Engine/EngineMaterials/Substrate/GLints/dict_16_192_64_0p5_0p02_0018_0015" 5916
"../../../Engine/Content/EngineMaterials/Substrate/GLints/dict_16_192_64_0p5_0p02_0017_0014.uasset" 5917
"/Engine/EngineMaterials/Substrate/GLints/dict_16_192_64_0p5_0p02_0018_0008" 5918
"../../../Engine/Content/EngineMaterials/Substrate/GLints/dict_16_192_64_0p5_0p02_0018_0000.uasset" 5919
"/Engine/EngineMaterials/Substrate/GLints/dict_16_192_64_0p5_0p02_0018_0009" 5920
"../../../Engine/Content/EngineMaterials/Substrate/GLints/dict_16_192_64_0p5_0p02_0017_0013.uasset" 5921
"../../../Engine/Content/EngineMaterials/Substrate/GLints/dict_16_192_64_0p5_0p02_0018_0002.uasset" 5922
"/Engine/EngineMaterials/Substrate/GLints/dict_16_192_64_0p5_0p02_0018_0010" 5923
"../../../Engine/Content/EngineMaterials/Substrate/GLints/dict_16_192_64_0p5_0p02_0017_0012.uasset" 5924
"/Engine/EngineMaterials/Substrate/GLints/dict_16_192_64_0p5_0p02_0018_0011" 5925
"/Engine/EngineMaterials/Substrate/GLints/dict_16_192_64_0p5_0p02_0018_0012" 5926
"/Engine/EngineMaterials/Substrate/GLints/dict_16_192_64_0p5_0p02_0018_0013" 5927
"../../../Engine/Content/EngineMaterials/Substrate/GLints/dict_16_192_64_0p5_0p02_0017_0015.uasset" 5928
"/Engine/EngineMaterials/Substrate/GLints/dict_16_192_64_0p5_0p02_0018_0003" 5929
"../../../Engine/Content/EngineMaterials/Substrate/GLints/dict_16_192_64_0p5_0p02_0017_0010.uasset" 5930
"../../../Engine/Content/EngineMaterials/Substrate/GLints/dict_16_192_64_0p5_0p02_0018_0001.uasset" 5931
"/Engine/EngineMaterials/Substrate/GLints/dict_16_192_64_0p5_0p02_0018_0004" 5932
"../../../Engine/Content/EngineMaterials/Substrate/GLints/dict_16_192_64_0p5_0p02_0017_0011.uasset" 5933
"/Engine/EngineMaterials/Substrate/GLints/dict_16_192_64_0p5_0p02_0018_0005" 5934
"/Engine/EngineMaterials/Substrate/GLints/dict_16_192_64_0p5_0p02_0018_0006" 5935
"/Engine/EngineMaterials/Substrate/GLints/dict_16_192_64_0p5_0p02_0017_0010" 5936
"/Engine/EngineMaterials/Substrate/GLints/dict_16_192_64_0p5_0p02_0017_0011" 5937
"/Engine/EngineMaterials/Substrate/GLints/dict_16_192_64_0p5_0p02_0017_0012" 5938
"/Engine/EngineMaterials/Substrate/GLints/dict_16_192_64_0p5_0p02_0017_0013" 5939
"/Engine/EngineMaterials/Substrate/GLints/dict_16_192_64_0p5_0p02_0017_0014" 5940
"/Engine/EngineMaterials/Substrate/GLints/dict_16_192_64_0p5_0p02_0017_0015" 5941
"/Engine/EngineMaterials/Substrate/GLints/dict_16_192_64_0p5_0p02_0018_0000" 5942
"../../../Engine/Content/EngineMaterials/Substrate/GLints/dict_16_192_64_0p5_0p02_0017_0009.uasset" 5943
"../../../Engine/Content/EngineMaterials/Substrate/GLints/dict_16_192_64_0p5_0p02_0017_0006.uasset" 5944
"/Engine/EngineMaterials/Substrate/GLints/dict_16_192_64_0p5_0p02_0018_0001" 5945
"../../../Engine/Content/EngineMaterials/Substrate/GLints/dict_16_192_64_0p5_0p02_0017_0003.uasset" 5946
"../../../Engine/Content/EngineMaterials/Substrate/GLints/dict_16_192_64_0p5_0p02_0017_0002.uasset" 5947
"../../../Engine/Content/EngineMaterials/Substrate/GLints/dict_16_192_64_0p5_0p02_0017_0004.uasset" 5948
"/Engine/EngineMaterials/Substrate/GLints/dict_16_192_64_0p5_0p02_0018_0002" 5949
"../../../Engine/Content/EngineMaterials/Substrate/GLints/dict_16_192_64_0p5_0p02_0017_0007.uasset" 5950
"/Engine/EngineMaterials/Substrate/GLints/dict_16_192_64_0p5_0p02_0017_0003" 5951
"/Engine/EngineMaterials/Substrate/GLints/dict_16_192_64_0p5_0p02_0017_0004" 5952
"../../../Engine/Content/EngineMaterials/Substrate/GLints/dict_16_192_64_0p5_0p02_0017_0005.uasset" 5953
"/Engine/EngineMaterials/Substrate/GLints/dict_16_192_64_0p5_0p02_0017_0002" 5954
"/Engine/EngineMaterials/Substrate/GLints/dict_16_192_64_0p5_0p02_0017_0006" 5955
"../../../Engine/Content/EngineMaterials/Substrate/GLints/dict_16_192_64_0p5_0p02_0017_0001.uasset" 5956
"../../../Engine/Content/EngineMaterials/Substrate/GLints/dict_16_192_64_0p5_0p02_0016_0015.uasset" 5957
"../../../Engine/Content/EngineMaterials/Substrate/GLints/dict_16_192_64_0p5_0p02_0017_0000.uasset" 5958
"../../../Engine/Content/EngineMaterials/Substrate/GLints/dict_16_192_64_0p5_0p02_0017_0008.uasset" 5959
"../../../Engine/Content/EngineMaterials/Substrate/GLints/dict_16_192_64_0p5_0p02_0016_0013.uasset" 5960
"/Engine/EngineMaterials/Substrate/GLints/dict_16_192_64_0p5_0p02_0017_0007" 5961
"/Engine/EngineMaterials/Substrate/GLints/dict_16_192_64_0p5_0p02_0017_0009" 5962
"/Engine/EngineMaterials/Substrate/GLints/dict_16_192_64_0p5_0p02_0017_0000" 5963
"/Engine/EngineMaterials/Substrate/GLints/dict_16_192_64_0p5_0p02_0017_0001" 5964
"/Engine/EngineMaterials/Substrate/GLints/dict_16_192_64_0p5_0p02_0017_0005" 5965
"/Engine/EngineMaterials/Substrate/GLints/dict_16_192_64_0p5_0p02_0017_0008" 5966
"../../../Engine/Content/EngineMaterials/Substrate/GLints/dict_16_192_64_0p5_0p02_0016_0010.uasset" 5967
"../../../Engine/Content/EngineMaterials/Substrate/GLints/dict_16_192_64_0p5_0p02_0016_0012.uasset" 5968
"/Engine/EngineMaterials/Substrate/GLints/dict_16_192_64_0p5_0p02_0016_0013" 5969
"/Engine/EngineMaterials/Substrate/GLints/dict_16_192_64_0p5_0p02_0016_0015" 5970
"/Engine/EngineMaterials/Substrate/GLints/dict_16_192_64_0p5_0p02_0016_0010" 5971
"../../../Engine/Content/EngineMaterials/Substrate/GLints/dict_16_192_64_0p5_0p02_0016_0014.uasset" 5972
"/Engine/EngineMaterials/Substrate/GLints/dict_16_192_64_0p5_0p02_0016_0012" 5973
"/Engine/EngineMaterials/Substrate/GLints/dict_16_192_64_0p5_0p02_0016_0014" 5974
"../../../Engine/Content/EngineMaterials/Substrate/GLints/dict_16_192_64_0p5_0p02_0016_0008.uasset" 5975
"../../../Engine/Content/EngineMaterials/Substrate/GLints/dict_16_192_64_0p5_0p02_0016_0009.uasset" 5976
"../../../Engine/Content/EngineMaterials/Substrate/GLints/dict_16_192_64_0p5_0p02_0016_0007.uasset" 5977
"../../../Engine/Content/EngineMaterials/Substrate/GLints/dict_16_192_64_0p5_0p02_0016_0005.uasset" 5978
"../../../Engine/Content/EngineMaterials/Substrate/GLints/dict_16_192_64_0p5_0p02_0016_0006.uasset" 5979
"../../../Engine/Content/EngineMaterials/Substrate/GLints/dict_16_192_64_0p5_0p02_0016_0011.uasset" 5980
"../../../Engine/Content/EngineMaterials/Substrate/GLints/dict_16_192_64_0p5_0p02_0016_0004.uasset" 5981
"../../../Engine/Content/EngineMaterials/Substrate/GLints/dict_16_192_64_0p5_0p02_0015_0015.uasset" 5982
"../../../Engine/Content/EngineMaterials/Substrate/GLints/dict_16_192_64_0p5_0p02_0016_0003.uasset" 5983
"../../../Engine/Content/EngineMaterials/Substrate/GLints/dict_16_192_64_0p5_0p02_0016_0001.uasset" 5984
"../../../Engine/Content/EngineMaterials/Substrate/GLints/dict_16_192_64_0p5_0p02_0016_0002.uasset" 5985
"../../../Engine/Content/EngineMaterials/Substrate/GLints/dict_16_192_64_0p5_0p02_0016_0000.uasset" 5986
"../../../Engine/Content/EngineMaterials/Substrate/GLints/dict_16_192_64_0p5_0p02_0015_0012.uasset" 5987
"../../../Engine/Content/EngineMaterials/Substrate/GLints/dict_16_192_64_0p5_0p02_0015_0014.uasset" 5988
"/Engine/EngineMaterials/Substrate/GLints/dict_16_192_64_0p5_0p02_0016_0003" 5989
"../../../Engine/Content/EngineMaterials/Substrate/GLints/dict_16_192_64_0p5_0p02_0015_0013.uasset" 5990
"/Engine/EngineMaterials/Substrate/GLints/dict_16_192_64_0p5_0p02_0016_0004" 5991
"/Engine/EngineMaterials/Substrate/GLints/dict_16_192_64_0p5_0p02_0016_0005" 5992
"/Engine/EngineMaterials/Substrate/GLints/dict_16_192_64_0p5_0p02_0016_0006" 5993
"../../../Engine/Content/EngineMaterials/Substrate/GLints/dict_16_192_64_0p5_0p02_0015_0010.uasset" 5994
"../../../Engine/Content/EngineMaterials/Substrate/GLints/dict_16_192_64_0p5_0p02_0015_0011.uasset" 5995
"../../../Engine/Content/EngineMaterials/Substrate/GLints/dict_16_192_64_0p5_0p02_0015_0006.uasset" 5996
"/Engine/EngineMaterials/Substrate/GLints/dict_16_192_64_0p5_0p02_0015_0012" 5997
"../../../Engine/Content/EngineMaterials/Substrate/GLints/dict_16_192_64_0p5_0p02_0015_0008.uasset" 5998
"/Engine/EngineMaterials/Substrate/GLints/dict_16_192_64_0p5_0p02_0016_0007" 5999
"/Engine/EngineMaterials/Substrate/GLints/dict_16_192_64_0p5_0p02_0016_0008" 6000
"../../../Engine/Content/EngineMaterials/Substrate/GLints/dict_16_192_64_0p5_0p02_0015_0009.uasset" 6001
"../../../Engine/Content/EngineMaterials/Substrate/GLints/dict_16_192_64_0p5_0p02_0015_0005.uasset" 6002
"../../../Engine/Content/EngineMaterials/Substrate/GLints/dict_16_192_64_0p5_0p02_0015_0007.uasset" 6003
"/Engine/EngineMaterials/Substrate/GLints/dict_16_192_64_0p5_0p02_0016_0009" 6004
"/Engine/EngineMaterials/Substrate/GLints/dict_16_192_64_0p5_0p02_0016_0011" 6005
"/Engine/EngineMaterials/Substrate/GLints/dict_16_192_64_0p5_0p02_0015_0014" 6006
"/Engine/EngineMaterials/Substrate/GLints/dict_16_192_64_0p5_0p02_0015_0015" 6007
"../../../Engine/Content/EngineMaterials/Substrate/GLints/dict_16_192_64_0p5_0p02_0015_0004.uasset" 6008
"/Engine/EngineMaterials/Substrate/GLints/dict_16_192_64_0p5_0p02_0016_0000" 6009
"/Engine/EngineMaterials/Substrate/GLints/dict_16_192_64_0p5_0p02_0016_0001" 6010
"/Engine/EngineMaterials/Substrate/GLints/dict_16_192_64_0p5_0p02_0016_0002" 6011
"/Engine/EngineMaterials/Substrate/GLints/dict_16_192_64_0p5_0p02_0015_0010" 6012
"/Engine/EngineMaterials/Substrate/GLints/dict_16_192_64_0p5_0p02_0015_0004" 6013
"/Engine/EngineMaterials/Substrate/GLints/dict_16_192_64_0p5_0p02_0015_0005" 6014
"/Engine/EngineMaterials/Substrate/GLints/dict_16_192_64_0p5_0p02_0015_0011" 6015
"/Engine/EngineMaterials/Substrate/GLints/dict_16_192_64_0p5_0p02_0015_0006" 6016
"../../../Engine/Content/EngineMaterials/Substrate/GLints/dict_16_192_64_0p5_0p02_0014_0014.uasset" 6017
"/Engine/EngineMaterials/Substrate/GLints/dict_16_192_64_0p5_0p02_0015_0007" 6018
"../../../Engine/Content/EngineMaterials/Substrate/GLints/dict_16_192_64_0p5_0p02_0014_0015.uasset" 6019
"/Engine/EngineMaterials/Substrate/GLints/dict_16_192_64_0p5_0p02_0015_0013" 6020
"../../../Engine/Content/EngineMaterials/Substrate/GLints/dict_16_192_64_0p5_0p02_0015_0001.uasset" 6021
"/Engine/EngineMaterials/Substrate/GLints/dict_16_192_64_0p5_0p02_0015_0008" 6022
"../../../Engine/Content/EngineMaterials/Substrate/GLints/dict_16_192_64_0p5_0p02_0014_0013.uasset" 6023
"/Engine/EngineMaterials/Substrate/GLints/dict_16_192_64_0p5_0p02_0015_0009" 6024
"/Engine/EngineMaterials/Substrate/GLints/dict_16_192_64_0p5_0p02_0014_0014" 6025
"/Engine/EngineMaterials/Substrate/GLints/dict_16_192_64_0p5_0p02_0014_0015" 6026
"/Engine/EngineMaterials/Substrate/GLints/dict_16_192_64_0p5_0p02_0015_0001" 6027
"/Engine/EngineMaterials/Substrate/GLints/dict_16_192_64_0p5_0p02_0014_0013" 6028
"../../../Engine/Content/EngineMaterials/Substrate/GLints/dict_16_192_64_0p5_0p02_0014_0012.uasset" 6029
"../../../Engine/Content/EngineMaterials/Substrate/GLints/dict_16_192_64_0p5_0p02_0015_0002.uasset" 6030
"../../../Engine/Content/EngineMaterials/Substrate/GLints/dict_16_192_64_0p5_0p02_0015_0003.uasset" 6031
"../../../Engine/Content/EngineMaterials/Substrate/GLints/dict_16_192_64_0p5_0p02_0015_0000.uasset" 6032
"../../../Engine/Content/EngineMaterials/Substrate/GLints/dict_16_192_64_0p5_0p02_0014_0010.uasset" 6033
"../../../Engine/Content/EngineMaterials/Substrate/GLints/dict_16_192_64_0p5_0p02_0014_0009.uasset" 6034
"../../../Engine/Content/EngineMaterials/Substrate/GLints/dict_16_192_64_0p5_0p02_0014_0008.uasset" 6035
"../../../Engine/Content/EngineMaterials/Substrate/GLints/dict_16_192_64_0p5_0p02_0014_0004.uasset" 6036
"../../../Engine/Content/EngineMaterials/Substrate/GLints/dict_16_192_64_0p5_0p02_0014_0006.uasset" 6037
"../../../Engine/Content/EngineMaterials/Substrate/GLints/dict_16_192_64_0p5_0p02_0014_0007.uasset" 6038
"../../../Engine/Content/EngineMaterials/Substrate/GLints/dict_16_192_64_0p5_0p02_0014_0011.uasset" 6039
"../../../Engine/Content/EngineMaterials/Substrate/GLints/dict_16_192_64_0p5_0p02_0014_0005.uasset" 6040
"../../../Engine/Content/EngineMaterials/Substrate/GLints/dict_16_192_64_0p5_0p02_0014_0001.uasset" 6041
"../../../Engine/Content/EngineMaterials/Substrate/GLints/dict_16_192_64_0p5_0p02_0013_0014.uasset" 6042
"/Engine/EngineMaterials/Substrate/GLints/dict_16_192_64_0p5_0p02_0013_0014" 6043
"/Engine/EngineMaterials/Substrate/GLints/dict_16_192_64_0p5_0p02_0014_0001" 6044
"/Engine/EngineMaterials/Substrate/GLints/dict_16_192_64_0p5_0p02_0014_0004" 6045
"/Engine/EngineMaterials/Substrate/GLints/dict_16_192_64_0p5_0p02_0014_0012" 6046
"/Engine/EngineMaterials/Substrate/GLints/dict_16_192_64_0p5_0p02_0015_0000" 6047
"/Engine/EngineMaterials/Substrate/GLints/dict_16_192_64_0p5_0p02_0014_0005" 6048
"/Engine/EngineMaterials/Substrate/GLints/dict_16_192_64_0p5_0p02_0014_0006" 6049
"/Engine/EngineMaterials/Substrate/GLints/dict_16_192_64_0p5_0p02_0014_0007" 6050
"../../../Engine/Content/EngineMaterials/Substrate/GLints/dict_16_192_64_0p5_0p02_0014_0002.uasset" 6051
"../../../Engine/Content/EngineMaterials/Substrate/GLints/dict_16_192_64_0p5_0p02_0013_0013.uasset" 6052
"/Engine/EngineMaterials/Substrate/GLints/dict_16_192_64_0p5_0p02_0014_0008" 6053
"../../../Engine/Content/EngineMaterials/Substrate/GLints/dict_16_192_64_0p5_0p02_0014_0003.uasset" 6054
"../../../Engine/Content/EngineMaterials/Substrate/GLints/dict_16_192_64_0p5_0p02_0013_0015.uasset" 6055
"/Engine/EngineMaterials/Substrate/GLints/dict_16_192_64_0p5_0p02_0014_0009" 6056
"/Engine/EngineMaterials/Substrate/GLints/dict_16_192_64_0p5_0p02_0014_0010" 6057
"/Engine/EngineMaterials/Substrate/GLints/dict_16_192_64_0p5_0p02_0015_0002" 6058
"../../../Engine/Content/EngineMaterials/Substrate/GLints/dict_16_192_64_0p5_0p02_0013_0010.uasset" 6059
"/Engine/EngineMaterials/Substrate/GLints/dict_16_192_64_0p5_0p02_0014_0011" 6060
"/Engine/EngineMaterials/Substrate/GLints/dict_16_192_64_0p5_0p02_0015_0003" 6061
"/Engine/EngineMaterials/Substrate/GLints/dict_16_192_64_0p5_0p02_0013_0013" 6062
"/Engine/EngineMaterials/Substrate/GLints/dict_16_192_64_0p5_0p02_0013_0015" 6063
"/Engine/EngineMaterials/Substrate/GLints/dict_16_192_64_0p5_0p02_0014_0002" 6064
"../../../Engine/Content/EngineMaterials/Substrate/GLints/dict_16_192_64_0p5_0p02_0013_0011.uasset" 6065
"../../../Engine/Content/EngineMaterials/Substrate/GLints/dict_16_192_64_0p5_0p02_0013_0009.uasset" 6066
"/Engine/EngineMaterials/Substrate/GLints/dict_16_192_64_0p5_0p02_0014_0003" 6067
"/Engine/EngineMaterials/Substrate/GLints/dict_16_192_64_0p5_0p02_0013_0010" 6068
"/Engine/EngineMaterials/Substrate/GLints/dict_16_192_64_0p5_0p02_0013_0009" 6069
"/Engine/EngineMaterials/Substrate/GLints/dict_16_192_64_0p5_0p02_0013_0011" 6070
"../../../Engine/Content/EngineMaterials/Substrate/GLints/dict_16_192_64_0p5_0p02_0013_0006.uasset" 6071
"../../../Engine/Content/EngineMaterials/Substrate/GLints/dict_16_192_64_0p5_0p02_0013_0008.uasset" 6072
"../../../Engine/Content/EngineMaterials/Substrate/GLints/dict_16_192_64_0p5_0p02_0013_0004.uasset" 6073
"../../../Engine/Content/EngineMaterials/Substrate/GLints/dict_16_192_64_0p5_0p02_0014_0000.uasset" 6074
"../../../Engine/Content/EngineMaterials/Substrate/GLints/dict_16_192_64_0p5_0p02_0013_0002.uasset" 6075
"../../../Engine/Content/EngineMaterials/Substrate/GLints/dict_16_192_64_0p5_0p02_0013_0012.uasset" 6076
"../../../Engine/Content/EngineMaterials/Substrate/GLints/dict_16_192_64_0p5_0p02_0013_0003.uasset" 6077
"../../../Engine/Content/EngineMaterials/Substrate/GLints/dict_16_192_64_0p5_0p02_0013_0007.uasset" 6078
"../../../Engine/Content/EngineMaterials/Substrate/GLints/dict_16_192_64_0p5_0p02_0013_0005.uasset" 6079
"../../../Engine/Content/EngineMaterials/Substrate/GLints/dict_16_192_64_0p5_0p02_0012_0015.uasset" 6080
"../../../Engine/Content/EngineMaterials/Substrate/GLints/dict_16_192_64_0p5_0p02_0012_0014.uasset" 6081
"../../../Engine/Content/EngineMaterials/Substrate/GLints/dict_16_192_64_0p5_0p02_0012_0011.uasset" 6082
"../../../Engine/Content/EngineMaterials/Substrate/GLints/dict_16_192_64_0p5_0p02_0013_0000.uasset" 6083
"../../../Engine/Content/EngineMaterials/Substrate/GLints/dict_16_192_64_0p5_0p02_0012_0012.uasset" 6084
"/Engine/EngineMaterials/Substrate/GLints/dict_16_192_64_0p5_0p02_0013_0004" 6085
"/Engine/EngineMaterials/Substrate/GLints/dict_16_192_64_0p5_0p02_0013_0005" 6086
"/Engine/EngineMaterials/Substrate/GLints/dict_16_192_64_0p5_0p02_0014_0000" 6087
"/Engine/EngineMaterials/Substrate/GLints/dict_16_192_64_0p5_0p02_0013_0006" 6088
"/Engine/EngineMaterials/Substrate/GLints/dict_16_192_64_0p5_0p02_0013_0007" 6089
"/Engine/EngineMaterials/Substrate/GLints/dict_16_192_64_0p5_0p02_0013_0002" 6090
"../../../Engine/Content/EngineMaterials/Substrate/GLints/dict_16_192_64_0p5_0p02_0013_0001.uasset" 6091
"../../../Engine/Content/EngineMaterials/Substrate/GLints/dict_16_192_64_0p5_0p02_0012_0013.uasset" 6092
"/Engine/EngineMaterials/Substrate/GLints/dict_16_192_64_0p5_0p02_0013_0008" 6093
"../../../Engine/Content/EngineMaterials/Substrate/GLints/dict_16_192_64_0p5_0p02_0012_0010.uasset" 6094
"../../../Engine/Content/EngineMaterials/Substrate/GLints/dict_16_192_64_0p5_0p02_0012_0005.uasset" 6095
"../../../Engine/Content/EngineMaterials/Substrate/GLints/dict_16_192_64_0p5_0p02_0012_0009.uasset" 6096
"/Engine/EngineMaterials/Substrate/GLints/dict_16_192_64_0p5_0p02_0013_0003" 6097
"/Engine/EngineMaterials/Substrate/GLints/dict_16_192_64_0p5_0p02_0013_0012" 6098
"/Engine/EngineMaterials/Substrate/GLints/dict_16_192_64_0p5_0p02_0012_0011" 6099
"../../../Engine/Content/EngineMaterials/Substrate/GLints/dict_16_192_64_0p5_0p02_0012_0004.uasset" 6100
"../../../Engine/Content/EngineMaterials/Substrate/GLints/dict_16_192_64_0p5_0p02_0012_0006.uasset" 6101
"/Engine/EngineMaterials/Substrate/GLints/dict_16_192_64_0p5_0p02_0012_0012" 6102
"/Engine/EngineMaterials/Substrate/GLints/dict_16_192_64_0p5_0p02_0013_0000" 6103
"/Engine/EngineMaterials/Substrate/GLints/dict_16_192_64_0p5_0p02_0012_0014" 6104
"../../../Engine/Content/EngineMaterials/Substrate/GLints/dict_16_192_64_0p5_0p02_0012_0007.uasset" 6105
"/Engine/EngineMaterials/Substrate/GLints/dict_16_192_64_0p5_0p02_0012_0015" 6106
"../../../Engine/Content/EngineMaterials/Substrate/GLints/dict_16_192_64_0p5_0p02_0012_0008.uasset" 6107
"/Engine/EngineMaterials/Substrate/GLints/dict_16_192_64_0p5_0p02_0013_0001" 6108
"/Engine/EngineMaterials/Substrate/GLints/dict_16_192_64_0p5_0p02_0012_0004" 6109
"/Engine/EngineMaterials/Substrate/GLints/dict_16_192_64_0p5_0p02_0012_0005" 6110
"/Engine/EngineMaterials/Substrate/GLints/dict_16_192_64_0p5_0p02_0012_0006" 6111
"../../../Engine/Content/EngineMaterials/Substrate/GLints/dict_16_192_64_0p5_0p02_0012_0002.uasset" 6112
"/Engine/EngineMaterials/Substrate/GLints/dict_16_192_64_0p5_0p02_0012_0007" 6113
"../../../Engine/Content/EngineMaterials/Substrate/GLints/dict_16_192_64_0p5_0p02_0012_0003.uasset" 6114
"/Engine/EngineMaterials/Substrate/GLints/dict_16_192_64_0p5_0p02_0012_0008" 6115
"../../../Engine/Content/EngineMaterials/Substrate/GLints/dict_16_192_64_0p5_0p02_0011_0013.uasset" 6116
"../../../Engine/Content/EngineMaterials/Substrate/GLints/dict_16_192_64_0p5_0p02_0011_0015.uasset" 6117
"../../../Engine/Content/EngineMaterials/Substrate/GLints/dict_16_192_64_0p5_0p02_0012_0000.uasset" 6118
"/Engine/EngineMaterials/Substrate/GLints/dict_16_192_64_0p5_0p02_0012_0009" 6119
"../../../Engine/Content/EngineMaterials/Substrate/GLints/dict_16_192_64_0p5_0p02_0012_0001.uasset" 6120
"/Engine/EngineMaterials/Substrate/GLints/dict_16_192_64_0p5_0p02_0012_0010" 6121
"/Engine/EngineMaterials/Substrate/GLints/dict_16_192_64_0p5_0p02_0012_0013" 6122
"/Engine/EngineMaterials/Substrate/GLints/dict_16_192_64_0p5_0p02_0011_0013" 6123
"/Engine/EngineMaterials/Substrate/GLints/dict_16_192_64_0p5_0p02_0012_0002" 6124
"/Engine/EngineMaterials/Substrate/GLints/dict_16_192_64_0p5_0p02_0012_0003" 6125
"/Engine/EngineMaterials/Substrate/GLints/dict_16_192_64_0p5_0p02_0011_0015" 6126
"/Engine/EngineMaterials/Substrate/GLints/dict_16_192_64_0p5_0p02_0012_0000" 6127
"/Engine/EngineMaterials/Substrate/GLints/dict_16_192_64_0p5_0p02_0012_0001" 6128
"../../../Engine/Content/EngineMaterials/Substrate/GLints/dict_16_192_64_0p5_0p02_0011_0014.uasset" 6129
"../../../Engine/Content/EngineMaterials/Substrate/GLints/dict_16_192_64_0p5_0p02_0011_0011.uasset" 6130
"../../../Engine/Content/EngineMaterials/Substrate/GLints/dict_16_192_64_0p5_0p02_0011_0009.uasset" 6131
"../../../Engine/Content/EngineMaterials/Substrate/GLints/dict_16_192_64_0p5_0p02_0011_0010.uasset" 6132
"../../../Engine/Content/EngineMaterials/Substrate/GLints/dict_16_192_64_0p5_0p02_0011_0008.uasset" 6133
"../../../Engine/Content/EngineMaterials/Substrate/GLints/dict_16_192_64_0p5_0p02_0011_0006.uasset" 6134
"../../../Engine/Content/EngineMaterials/Substrate/GLints/dict_16_192_64_0p5_0p02_0011_0012.uasset" 6135
"../../../Engine/Content/EngineMaterials/Substrate/GLints/dict_16_192_64_0p5_0p02_0011_0007.uasset" 6136
"../../../Engine/Content/EngineMaterials/Substrate/GLints/dict_16_192_64_0p5_0p02_0011_0005.uasset" 6137
"../../../Engine/Content/EngineMaterials/Substrate/GLints/dict_16_192_64_0p5_0p02_0011_0004.uasset" 6138
"../../../Engine/Content/EngineMaterials/Substrate/GLints/dict_16_192_64_0p5_0p02_0011_0002.uasset" 6139
"../../../Engine/Content/EngineMaterials/Substrate/GLints/dict_16_192_64_0p5_0p02_0011_0001.uasset" 6140
"../../../Engine/Content/EngineMaterials/Substrate/GLints/dict_16_192_64_0p5_0p02_0011_0000.uasset" 6141
"../../../Engine/Content/EngineMaterials/Substrate/GLints/dict_16_192_64_0p5_0p02_0011_0003.uasset" 6142
"../../../Engine/Content/EngineMaterials/Substrate/GLints/dict_16_192_64_0p5_0p02_0010_0014.uasset" 6143
"/Engine/EngineMaterials/Substrate/GLints/dict_16_192_64_0p5_0p02_0010_0014" 6144
"/Engine/EngineMaterials/Substrate/GLints/dict_16_192_64_0p5_0p02_0011_0014" 6145
"../../../Engine/Content/EngineMaterials/Substrate/GLints/dict_16_192_64_0p5_0p02_0010_0015.uasset" 6146
"/Engine/EngineMaterials/Substrate/GLints/dict_16_192_64_0p5_0p02_0011_0000" 6147
"/Engine/EngineMaterials/Substrate/GLints/dict_16_192_64_0p5_0p02_0011_0001" 6148
"/Engine/EngineMaterials/Substrate/GLints/dict_16_192_64_0p5_0p02_0011_0002" 6149
"../../../Engine/Content/EngineMaterials/Substrate/GLints/dict_16_192_64_0p5_0p02_0010_0010.uasset" 6150
"/Engine/EngineMaterials/Substrate/GLints/dict_16_192_64_0p5_0p02_0011_0003" 6151
"/Engine/EngineMaterials/Substrate/GLints/dict_16_192_64_0p5_0p02_0011_0011" 6152
"/Engine/EngineMaterials/Substrate/GLints/dict_16_192_64_0p5_0p02_0011_0012" 6153
"../../../Engine/Content/EngineMaterials/Substrate/GLints/dict_16_192_64_0p5_0p02_0010_0011.uasset" 6154
"../../../Engine/Content/EngineMaterials/Substrate/GLints/dict_16_192_64_0p5_0p02_0010_0009.uasset" 6155
"/Engine/EngineMaterials/Substrate/GLints/dict_16_192_64_0p5_0p02_0011_0004" 6156
"/Engine/EngineMaterials/Substrate/GLints/dict_16_192_64_0p5_0p02_0011_0005" 6157
"/Engine/EngineMaterials/Substrate/GLints/dict_16_192_64_0p5_0p02_0011_0006" 6158
"../../../Engine/Content/EngineMaterials/Substrate/GLints/dict_16_192_64_0p5_0p02_0010_0008.uasset" 6159
"/Engine/EngineMaterials/Substrate/GLints/dict_16_192_64_0p5_0p02_0011_0007" 6160
"../../../Engine/Content/EngineMaterials/Substrate/GLints/dict_16_192_64_0p5_0p02_0010_0013.uasset" 6161
"/Engine/EngineMaterials/Substrate/GLints/dict_16_192_64_0p5_0p02_0011_0008" 6162
"/Engine/EngineMaterials/Substrate/GLints/dict_16_192_64_0p5_0p02_0011_0009" 6163
"/Engine/EngineMaterials/Substrate/GLints/dict_16_192_64_0p5_0p02_0011_0010" 6164
"/Engine/EngineMaterials/Substrate/GLints/dict_16_192_64_0p5_0p02_0010_0013" 6165
"/Engine/EngineMaterials/Substrate/GLints/dict_16_192_64_0p5_0p02_0010_0015" 6166
"/Engine/EngineMaterials/Substrate/GLints/dict_16_192_64_0p5_0p02_0010_0008" 6167
"/Engine/EngineMaterials/Substrate/GLints/dict_16_192_64_0p5_0p02_0010_0009" 6168
"../../../Engine/Content/EngineMaterials/Substrate/GLints/dict_16_192_64_0p5_0p02_0010_0005.uasset" 6169
"/Engine/EngineMaterials/Substrate/GLints/dict_16_192_64_0p5_0p02_0010_0010" 6170
"../../../Engine/Content/EngineMaterials/Substrate/GLints/dict_16_192_64_0p5_0p02_0010_0006.uasset" 6171
"/Engine/EngineMaterials/Substrate/GLints/dict_16_192_64_0p5_0p02_0010_0011" 6172
"../../../Engine/Content/EngineMaterials/Substrate/GLints/dict_16_192_64_0p5_0p02_0010_0004.uasset" 6173
"/Engine/EngineMaterials/Substrate/GLints/dict_16_192_64_0p5_0p02_0010_0004" 6174
"/Engine/EngineMaterials/Substrate/GLints/dict_16_192_64_0p5_0p02_0010_0005" 6175
"../../../Engine/Content/EngineMaterials/Substrate/GLints/dict_16_192_64_0p5_0p02_0010_0012.uasset" 6176
"/Engine/EngineMaterials/Substrate/GLints/dict_16_192_64_0p5_0p02_0010_0006" 6177
"/Engine/EngineMaterials/Substrate/GLints/dict_16_192_64_0p5_0p02_0010_0012" 6178
"../../../Engine/Content/EngineMaterials/Substrate/GLints/dict_16_192_64_0p5_0p02_0010_0003.uasset" 6179
"../../../Engine/Content/EngineMaterials/Substrate/GLints/dict_16_192_64_0p5_0p02_0010_0007.uasset" 6180
"../../../Engine/Content/EngineMaterials/Substrate/GLints/dict_16_192_64_0p5_0p02_0010_0002.uasset" 6181
"../../../Engine/Content/EngineMaterials/Substrate/GLints/dict_16_192_64_0p5_0p02_0010_0000.uasset" 6182
"../../../Engine/Content/EngineMaterials/Substrate/GLints/dict_16_192_64_0p5_0p02_0010_0001.uasset" 6183
"../../../Engine/Content/EngineMaterials/Substrate/GLints/dict_16_192_64_0p5_0p02_0009_0014.uasset" 6184
"../../../Engine/Content/EngineMaterials/Substrate/GLints/dict_16_192_64_0p5_0p02_0009_0015.uasset" 6185
"../../../Engine/Content/EngineMaterials/Substrate/GLints/dict_16_192_64_0p5_0p02_0009_0013.uasset" 6186
"../../../Engine/Content/EngineMaterials/Substrate/GLints/dict_16_192_64_0p5_0p02_0009_0007.uasset" 6187
"../../../Engine/Content/EngineMaterials/Substrate/GLints/dict_16_192_64_0p5_0p02_0009_0009.uasset" 6188
"../../../Engine/Content/EngineMaterials/Substrate/GLints/dict_16_192_64_0p5_0p02_0009_0012.uasset" 6189
"../../../Engine/Content/EngineMaterials/Substrate/GLints/dict_16_192_64_0p5_0p02_0009_0008.uasset" 6190
"../../../Engine/Content/EngineMaterials/Substrate/GLints/dict_16_192_64_0p5_0p02_0009_0011.uasset" 6191
"../../../Engine/Content/EngineMaterials/Substrate/GLints/dict_16_192_64_0p5_0p02_0009_0006.uasset" 6192
"../../../Engine/Content/EngineMaterials/Substrate/GLints/dict_16_192_64_0p5_0p02_0009_0010.uasset" 6193
"/Engine/EngineMaterials/Substrate/GLints/dict_16_192_64_0p5_0p02_0009_0014" 6194
"/Engine/EngineMaterials/Substrate/GLints/dict_16_192_64_0p5_0p02_0009_0015" 6195
"/Engine/EngineMaterials/Substrate/GLints/dict_16_192_64_0p5_0p02_0010_0000" 6196
"/Engine/EngineMaterials/Substrate/GLints/dict_16_192_64_0p5_0p02_0010_0001" 6197
"/Engine/EngineMaterials/Substrate/GLints/dict_16_192_64_0p5_0p02_0010_0002" 6198
"/Engine/EngineMaterials/Substrate/GLints/dict_16_192_64_0p5_0p02_0010_0007" 6199
"/Engine/EngineMaterials/Substrate/GLints/dict_16_192_64_0p5_0p02_0010_0003" 6200
"/Engine/EngineMaterials/Substrate/GLints/dict_16_192_64_0p5_0p02_0009_0006" 6201
"/Engine/EngineMaterials/Substrate/GLints/dict_16_192_64_0p5_0p02_0009_0007" 6202
"/Engine/EngineMaterials/Substrate/GLints/dict_16_192_64_0p5_0p02_0009_0008" 6203
"/Engine/EngineMaterials/Substrate/GLints/dict_16_192_64_0p5_0p02_0009_0009" 6204
"../../../Engine/Content/EngineMaterials/Substrate/GLints/dict_16_192_64_0p5_0p02_0009_0004.uasset" 6205
"/Engine/EngineMaterials/Substrate/GLints/dict_16_192_64_0p5_0p02_0009_0010" 6206
"../../../Engine/Content/EngineMaterials/Substrate/GLints/dict_16_192_64_0p5_0p02_0009_0003.uasset" 6207
"../../../Engine/Content/EngineMaterials/Substrate/GLints/dict_16_192_64_0p5_0p02_0009_0002.uasset" 6208
"/Engine/EngineMaterials/Substrate/GLints/dict_16_192_64_0p5_0p02_0009_0011" 6209
"/Engine/EngineMaterials/Substrate/GLints/dict_16_192_64_0p5_0p02_0009_0012" 6210
"/Engine/EngineMaterials/Substrate/GLints/dict_16_192_64_0p5_0p02_0009_0013" 6211
"/Engine/EngineMaterials/Substrate/GLints/dict_16_192_64_0p5_0p02_0009_0002" 6212
"/Engine/EngineMaterials/Substrate/GLints/dict_16_192_64_0p5_0p02_0009_0003" 6213
"/Engine/EngineMaterials/Substrate/GLints/dict_16_192_64_0p5_0p02_0009_0004" 6214
"../../../Engine/Content/EngineMaterials/Substrate/GLints/dict_16_192_64_0p5_0p02_0009_0005.uasset" 6215
"/Engine/EngineMaterials/Substrate/GLints/dict_16_192_64_0p5_0p02_0009_0005" 6216
"../../../Engine/Content/EngineMaterials/Substrate/GLints/dict_16_192_64_0p5_0p02_0009_0001.uasset" 6217
"/Engine/EngineMaterials/Substrate/GLints/dict_16_192_64_0p5_0p02_0009_0001" 6218
"../../../Engine/Content/EngineMaterials/Substrate/GLints/dict_16_192_64_0p5_0p02_0008_0013.uasset" 6219
"../../../Engine/Content/EngineMaterials/Substrate/GLints/dict_16_192_64_0p5_0p02_0009_0000.uasset" 6220
"../../../Engine/Content/EngineMaterials/Substrate/GLints/dict_16_192_64_0p5_0p02_0008_0015.uasset" 6221
"../../../Engine/Content/EngineMaterials/Substrate/GLints/dict_16_192_64_0p5_0p02_0008_0014.uasset" 6222
"../../../Engine/Content/EngineMaterials/Substrate/GLints/dict_16_192_64_0p5_0p02_0008_0010.uasset" 6223
"../../../Engine/Content/EngineMaterials/Substrate/GLints/dict_16_192_64_0p5_0p02_0008_0012.uasset" 6224
"../../../Engine/Content/EngineMaterials/Substrate/GLints/dict_16_192_64_0p5_0p02_0008_0007.uasset" 6225
"../../../Engine/Content/EngineMaterials/Substrate/GLints/dict_16_192_64_0p5_0p02_0008_0009.uasset" 6226
"../../../Engine/Content/EngineMaterials/Substrate/GLints/dict_16_192_64_0p5_0p02_0008_0005.uasset" 6227
"../../../Engine/Content/EngineMaterials/Substrate/GLints/dict_16_192_64_0p5_0p02_0008_0008.uasset" 6228
"../../../Engine/Content/EngineMaterials/Substrate/GLints/dict_16_192_64_0p5_0p02_0008_0011.uasset" 6229
"../../../Engine/Content/EngineMaterials/Substrate/GLints/dict_16_192_64_0p5_0p02_0008_0006.uasset" 6230
"../../../Engine/Content/EngineMaterials/Substrate/GLints/dict_16_192_64_0p5_0p02_0008_0004.uasset" 6231
"../../../Engine/Content/EngineMaterials/Substrate/GLints/dict_16_192_64_0p5_0p02_0008_0003.uasset" 6232
"/Engine/EngineMaterials/Substrate/GLints/dict_16_192_64_0p5_0p02_0008_0009" 6233
"/Engine/EngineMaterials/Substrate/GLints/dict_16_192_64_0p5_0p02_0008_0015" 6234
"../../../Engine/Content/EngineMaterials/Substrate/GLints/dict_16_192_64_0p5_0p02_0007_0011.uasset" 6235
"../../../Engine/Content/EngineMaterials/Substrate/GLints/dict_16_192_64_0p5_0p02_0008_0001.uasset" 6236
"/Engine/EngineMaterials/Substrate/GLints/dict_16_192_64_0p5_0p02_0009_0000" 6237
"/Engine/EngineMaterials/Substrate/GLints/dict_16_192_64_0p5_0p02_0008_0010" 6238
"/Engine/EngineMaterials/Substrate/GLints/dict_16_192_64_0p5_0p02_0008_0006" 6239
"../../../Engine/Content/EngineMaterials/Substrate/GLints/dict_16_192_64_0p5_0p02_0008_0000.uasset" 6240
"/Engine/EngineMaterials/Substrate/GLints/dict_16_192_64_0p5_0p02_0008_0007" 6241
"../../../Engine/Content/EngineMaterials/Substrate/GLints/dict_16_192_64_0p5_0p02_0007_0012.uasset" 6242
"/Engine/EngineMaterials/Substrate/GLints/dict_16_192_64_0p5_0p02_0008_0008" 6243
"../../../Engine/Content/EngineMaterials/Substrate/GLints/dict_16_192_64_0p5_0p02_0008_0002.uasset" 6244
"../../../Engine/Content/EngineMaterials/Substrate/GLints/dict_16_192_64_0p5_0p02_0007_0013.uasset" 6245
"/Engine/EngineMaterials/Substrate/GLints/dict_16_192_64_0p5_0p02_0008_0011" 6246
"../../../Engine/Content/EngineMaterials/Substrate/GLints/dict_16_192_64_0p5_0p02_0007_0010.uasset" 6247
"/Engine/EngineMaterials/Substrate/GLints/dict_16_192_64_0p5_0p02_0008_0012" 6248
"/Engine/EngineMaterials/Substrate/GLints/dict_16_192_64_0p5_0p02_0008_0013" 6249
"/Engine/EngineMaterials/Substrate/GLints/dict_16_192_64_0p5_0p02_0008_0014" 6250
"/Engine/EngineMaterials/Substrate/GLints/dict_16_192_64_0p5_0p02_0008_0005" 6251
"/Engine/EngineMaterials/Substrate/GLints/dict_16_192_64_0p5_0p02_0008_0003" 6252
"/Engine/EngineMaterials/Substrate/GLints/dict_16_192_64_0p5_0p02_0008_0004" 6253
"/Engine/EngineMaterials/Substrate/GLints/dict_16_192_64_0p5_0p02_0007_0010" 6254
"../../../Engine/Content/EngineMaterials/Substrate/GLints/dict_16_192_64_0p5_0p02_0007_0015.uasset" 6255
"/Engine/EngineMaterials/Substrate/GLints/dict_16_192_64_0p5_0p02_0007_0011" 6256
"/Engine/EngineMaterials/Substrate/GLints/dict_16_192_64_0p5_0p02_0007_0012" 6257
"../../../Engine/Content/EngineMaterials/Substrate/GLints/dict_16_192_64_0p5_0p02_0007_0014.uasset" 6258
"/Engine/EngineMaterials/Substrate/GLints/dict_16_192_64_0p5_0p02_0007_0013" 6259
"/Engine/EngineMaterials/Substrate/GLints/dict_16_192_64_0p5_0p02_0008_0000" 6260
"../../../Engine/Content/EngineMaterials/Substrate/GLints/dict_16_192_64_0p5_0p02_0007_0009.uasset" 6261
"../../../Engine/Content/EngineMaterials/Substrate/GLints/dict_16_192_64_0p5_0p02_0007_0003.uasset" 6262
"/Engine/EngineMaterials/Substrate/GLints/dict_16_192_64_0p5_0p02_0008_0001" 6263
"/Engine/EngineMaterials/Substrate/GLints/dict_16_192_64_0p5_0p02_0008_0002" 6264
"../../../Engine/Content/EngineMaterials/Substrate/GLints/dict_16_192_64_0p5_0p02_0007_0006.uasset" 6265
"/Engine/EngineMaterials/Substrate/GLints/dict_16_192_64_0p5_0p02_0007_0003" 6266
"../../../Engine/Content/EngineMaterials/Substrate/GLints/dict_16_192_64_0p5_0p02_0007_0008.uasset" 6267
"../../../Engine/Content/EngineMaterials/Substrate/GLints/dict_16_192_64_0p5_0p02_0007_0005.uasset" 6268
"../../../Engine/Content/EngineMaterials/Substrate/GLints/dict_16_192_64_0p5_0p02_0007_0007.uasset" 6269
"/Engine/EngineMaterials/Substrate/GLints/dict_16_192_64_0p5_0p02_0007_0009" 6270
"/Engine/EngineMaterials/Substrate/GLints/dict_16_192_64_0p5_0p02_0007_0014" 6271
"../../../Engine/Content/EngineMaterials/Substrate/GLints/dict_16_192_64_0p5_0p02_0007_0002.uasset" 6272
"/Engine/EngineMaterials/Substrate/GLints/dict_16_192_64_0p5_0p02_0007_0015" 6273
"../../../Engine/Content/EngineMaterials/Substrate/GLints/dict_16_192_64_0p5_0p02_0007_0000.uasset" 6274
"../../../Engine/Content/EngineMaterials/Substrate/GLints/dict_16_192_64_0p5_0p02_0007_0004.uasset" 6275
"/Engine/EngineMaterials/Substrate/GLints/dict_16_192_64_0p5_0p02_0007_0006" 6276
"/Engine/EngineMaterials/Substrate/GLints/dict_16_192_64_0p5_0p02_0007_0007" 6277
"/Engine/EngineMaterials/Substrate/GLints/dict_16_192_64_0p5_0p02_0007_0008" 6278
"../../../Engine/Content/EngineMaterials/Substrate/GLints/dict_16_192_64_0p5_0p02_0007_0001.uasset" 6279
"/Engine/EngineMaterials/Substrate/GLints/dict_16_192_64_0p5_0p02_0007_0005" 6280
"/Engine/EngineMaterials/Substrate/GLints/dict_16_192_64_0p5_0p02_0007_0002" 6281
"/Engine/EngineMaterials/Substrate/GLints/dict_16_192_64_0p5_0p02_0007_0000" 6282
"../../../Engine/Content/EngineMaterials/Substrate/GLints/dict_16_192_64_0p5_0p02_0006_0013.uasset" 6283
"/Engine/EngineMaterials/Substrate/GLints/dict_16_192_64_0p5_0p02_0007_0001" 6284
"/Engine/EngineMaterials/Substrate/GLints/dict_16_192_64_0p5_0p02_0007_0004" 6285
"/Engine/EngineMaterials/Substrate/GLints/dict_16_192_64_0p5_0p02_0006_0013" 6286
"../../../Engine/Content/EngineMaterials/Substrate/GLints/dict_16_192_64_0p5_0p02_0006_0015.uasset" 6287
"../../../Engine/Content/EngineMaterials/Substrate/GLints/dict_16_192_64_0p5_0p02_0006_0011.uasset" 6288
"../../../Engine/Content/EngineMaterials/Substrate/GLints/dict_16_192_64_0p5_0p02_0006_0012.uasset" 6289
"../../../Engine/Content/EngineMaterials/Substrate/GLints/dict_16_192_64_0p5_0p02_0006_0009.uasset" 6290
"../../../Engine/Content/EngineMaterials/Substrate/GLints/dict_16_192_64_0p5_0p02_0006_0014.uasset" 6291
"../../../Engine/Content/EngineMaterials/Substrate/GLints/dict_16_192_64_0p5_0p02_0006_0008.uasset" 6292
"../../../Engine/Content/EngineMaterials/Substrate/GLints/dict_16_192_64_0p5_0p02_0006_0007.uasset" 6293
"../../../Engine/Content/EngineMaterials/Substrate/GLints/dict_16_192_64_0p5_0p02_0006_0010.uasset" 6294
"../../../Engine/Content/EngineMaterials/Substrate/GLints/dict_16_192_64_0p5_0p02_0006_0005.uasset" 6295
"../../../Engine/Content/EngineMaterials/Substrate/GLints/dict_16_192_64_0p5_0p02_0006_0004.uasset" 6296
"../../../Engine/Content/EngineMaterials/Substrate/GLints/dict_16_192_64_0p5_0p02_0006_0003.uasset" 6297
"../../../Engine/Content/EngineMaterials/Substrate/GLints/dict_16_192_64_0p5_0p02_0006_0001.uasset" 6298
"../../../Engine/Content/EngineMaterials/Substrate/GLints/dict_16_192_64_0p5_0p02_0006_0006.uasset" 6299
"../../../Engine/Content/EngineMaterials/Substrate/GLints/dict_16_192_64_0p5_0p02_0006_0002.uasset" 6300
"/Engine/EngineMaterials/Substrate/GLints/dict_16_192_64_0p5_0p02_0006_0003" 6301
"../../../Engine/Content/EngineMaterials/Substrate/GLints/dict_16_192_64_0p5_0p02_0005_0012.uasset" 6302
"../../../Engine/Content/EngineMaterials/Substrate/GLints/dict_16_192_64_0p5_0p02_0005_0013.uasset" 6303
"/Engine/EngineMaterials/Substrate/GLints/dict_16_192_64_0p5_0p02_0006_0004" 6304
"../../../Engine/Content/EngineMaterials/Substrate/GLints/dict_16_192_64_0p5_0p02_0006_0000.uasset" 6305
"/Engine/EngineMaterials/Substrate/GLints/dict_16_192_64_0p5_0p02_0006_0005" 6306
"../../../Engine/Content/EngineMaterials/Substrate/GLints/dict_16_192_64_0p5_0p02_0005_0015.uasset" 6307
"/Engine/EngineMaterials/Substrate/GLints/dict_16_192_64_0p5_0p02_0006_0006" 6308
"/Engine/EngineMaterials/Substrate/GLints/dict_16_192_64_0p5_0p02_0006_0007" 6309
"../../../Engine/Content/EngineMaterials/Substrate/GLints/dict_16_192_64_0p5_0p02_0005_0014.uasset" 6310
"/Engine/EngineMaterials/Substrate/GLints/dict_16_192_64_0p5_0p02_0006_0008" 6311
"/Engine/EngineMaterials/Substrate/GLints/dict_16_192_64_0p5_0p02_0006_0009" 6312
"/Engine/EngineMaterials/Substrate/GLints/dict_16_192_64_0p5_0p02_0006_0010" 6313
"../../../Engine/Content/EngineMaterials/Substrate/GLints/dict_16_192_64_0p5_0p02_0005_0009.uasset" 6314
"/Engine/EngineMaterials/Substrate/GLints/dict_16_192_64_0p5_0p02_0006_0011" 6315
"/Engine/EngineMaterials/Substrate/GLints/dict_16_192_64_0p5_0p02_0006_0012" 6316
"../../../Engine/Content/EngineMaterials/Substrate/GLints/dict_16_192_64_0p5_0p02_0005_0011.uasset" 6317
"/Engine/EngineMaterials/Substrate/GLints/dict_16_192_64_0p5_0p02_0006_0001" 6318
"/Engine/EngineMaterials/Substrate/GLints/dict_16_192_64_0p5_0p02_0006_0002" 6319
"../../../Engine/Content/EngineMaterials/Substrate/GLints/dict_16_192_64_0p5_0p02_0005_0010.uasset" 6320
"/Engine/EngineMaterials/Substrate/GLints/dict_16_192_64_0p5_0p02_0006_0014" 6321
"/Engine/EngineMaterials/Substrate/GLints/dict_16_192_64_0p5_0p02_0006_0015" 6322
"../../../Engine/Content/EngineMaterials/Substrate/GLints/dict_16_192_64_0p5_0p02_0005_0007.uasset" 6323
"/Engine/EngineMaterials/Substrate/GLints/dict_16_192_64_0p5_0p02_0005_0009" 6324
"/Engine/EngineMaterials/Substrate/GLints/dict_16_192_64_0p5_0p02_0005_0012" 6325
"../../../Engine/Content/EngineMaterials/Substrate/GLints/dict_16_192_64_0p5_0p02_0005_0008.uasset" 6326
"../../../Engine/Content/EngineMaterials/Substrate/GLints/dict_16_192_64_0p5_0p02_0005_0006.uasset" 6327
"/Engine/EngineMaterials/Substrate/GLints/dict_16_192_64_0p5_0p02_0005_0013" 6328
"/Engine/EngineMaterials/Substrate/GLints/dict_16_192_64_0p5_0p02_0005_0014" 6329
"/Engine/EngineMaterials/Substrate/GLints/dict_16_192_64_0p5_0p02_0005_0015" 6330
"/Engine/EngineMaterials/Substrate/GLints/dict_16_192_64_0p5_0p02_0005_0010" 6331
"../../../Engine/Content/EngineMaterials/Substrate/GLints/dict_16_192_64_0p5_0p02_0005_0005.uasset" 6332
"/Engine/EngineMaterials/Substrate/GLints/dict_16_192_64_0p5_0p02_0005_0011" 6333
"/Engine/EngineMaterials/Substrate/GLints/dict_16_192_64_0p5_0p02_0006_0000" 6334
"../../../Engine/Content/EngineMaterials/Substrate/GLints/dict_16_192_64_0p5_0p02_0005_0002.uasset" 6335
"/Engine/EngineMaterials/Substrate/GLints/dict_16_192_64_0p5_0p02_0005_0002" 6336
"/Engine/EngineMaterials/Substrate/GLints/dict_16_192_64_0p5_0p02_0005_0008" 6337
"/Engine/EngineMaterials/Substrate/GLints/dict_16_192_64_0p5_0p02_0005_0005" 6338
"/Engine/EngineMaterials/Substrate/GLints/dict_16_192_64_0p5_0p02_0005_0006" 6339
"/Engine/EngineMaterials/Substrate/GLints/dict_16_192_64_0p5_0p02_0005_0007" 6340
"../../../Engine/Content/EngineMaterials/Substrate/GLints/dict_16_192_64_0p5_0p02_0004_0013.uasset" 6341
"../../../Engine/Content/EngineMaterials/Substrate/GLints/dict_16_192_64_0p5_0p02_0004_0015.uasset" 6342
"../../../Engine/Content/EngineMaterials/Substrate/GLints/dict_16_192_64_0p5_0p02_0005_0004.uasset" 6343
"../../../Engine/Content/EngineMaterials/Substrate/GLints/dict_16_192_64_0p5_0p02_0005_0001.uasset" 6344
"../../../Engine/Content/EngineMaterials/Substrate/GLints/dict_16_192_64_0p5_0p02_0005_0000.uasset" 6345
"../../../Engine/Content/EngineMaterials/Substrate/GLints/dict_16_192_64_0p5_0p02_0005_0003.uasset" 6346
"../../../Engine/Content/EngineMaterials/Substrate/GLints/dict_16_192_64_0p5_0p02_0004_0009.uasset" 6347
"../../../Engine/Content/EngineMaterials/Substrate/GLints/dict_16_192_64_0p5_0p02_0004_0014.uasset" 6348
"../../../Engine/Content/EngineMaterials/Substrate/GLints/dict_16_192_64_0p5_0p02_0004_0012.uasset" 6349
"../../../Engine/Content/EngineMaterials/Substrate/GLints/dict_16_192_64_0p5_0p02_0004_0011.uasset" 6350
"../../../Engine/Content/EngineMaterials/Substrate/GLints/dict_16_192_64_0p5_0p02_0004_0008.uasset" 6351
"../../../Engine/Content/EngineMaterials/Substrate/GLints/dict_16_192_64_0p5_0p02_0004_0010.uasset" 6352
"../../../Engine/Content/EngineMaterials/Substrate/GLints/dict_16_192_64_0p5_0p02_0004_0007.uasset" 6353
"../../../Engine/Content/EngineMaterials/Substrate/GLints/dict_16_192_64_0p5_0p02_0004_0006.uasset" 6354
"../../../Engine/Content/EngineMaterials/Substrate/GLints/dict_16_192_64_0p5_0p02_0004_0001.uasset" 6355
"../../../Engine/Content/EngineMaterials/Substrate/GLints/dict_16_192_64_0p5_0p02_0004_0004.uasset" 6356
"/Engine/EngineMaterials/Substrate/GLints/dict_16_192_64_0p5_0p02_0004_0001" 6357
"../../../Engine/Content/EngineMaterials/Substrate/GLints/dict_16_192_64_0p5_0p02_0004_0002.uasset" 6358
"/Engine/EngineMaterials/Substrate/GLints/dict_16_192_64_0p5_0p02_0005_0003" 6359
"/Engine/EngineMaterials/Substrate/GLints/dict_16_192_64_0p5_0p02_0004_0004" 6360
"/Engine/EngineMaterials/Substrate/GLints/dict_16_192_64_0p5_0p02_0004_0015" 6361
"../../../Engine/Content/EngineMaterials/Substrate/GLints/dict_16_192_64_0p5_0p02_0004_0005.uasset" 6362
"/Engine/EngineMaterials/Substrate/GLints/dict_16_192_64_0p5_0p02_0005_0004" 6363
"/Engine/EngineMaterials/Substrate/GLints/dict_16_192_64_0p5_0p02_0004_0006" 6364
"../../../Engine/Content/EngineMaterials/Substrate/GLints/dict_16_192_64_0p5_0p02_0003_0014.uasset" 6365
"/Engine/EngineMaterials/Substrate/GLints/dict_16_192_64_0p5_0p02_0005_0000" 6366
"../../../Engine/Content/EngineMaterials/Substrate/GLints/dict_16_192_64_0p5_0p02_0004_0000.uasset" 6367
"/Engine/EngineMaterials/Substrate/GLints/dict_16_192_64_0p5_0p02_0004_0007" 6368
"../../../Engine/Content/EngineMaterials/Substrate/GLints/dict_16_192_64_0p5_0p02_0004_0003.uasset" 6369
"/Engine/EngineMaterials/Substrate/GLints/dict_16_192_64_0p5_0p02_0004_0008" 6370
"/Engine/EngineMaterials/Substrate/GLints/dict_16_192_64_0p5_0p02_0004_0009" 6371
"/Engine/EngineMaterials/Substrate/GLints/dict_16_192_64_0p5_0p02_0004_0010" 6372
"../../../Engine/Content/EngineMaterials/Substrate/GLints/dict_16_192_64_0p5_0p02_0003_0013.uasset" 6373
"../../../Engine/Content/EngineMaterials/Substrate/GLints/dict_16_192_64_0p5_0p02_0003_0015.uasset" 6374
"/Engine/EngineMaterials/Substrate/GLints/dict_16_192_64_0p5_0p02_0005_0001" 6375
"../../../Engine/Content/EngineMaterials/Substrate/GLints/dict_16_192_64_0p5_0p02_0003_0012.uasset" 6376
"/Engine/EngineMaterials/Substrate/GLints/dict_16_192_64_0p5_0p02_0004_0011" 6377
"/Engine/EngineMaterials/Substrate/GLints/dict_16_192_64_0p5_0p02_0004_0012" 6378
"/Engine/EngineMaterials/Substrate/GLints/dict_16_192_64_0p5_0p02_0004_0013" 6379
"../../../Engine/Content/EngineMaterials/Substrate/GLints/dict_16_192_64_0p5_0p02_0003_0008.uasset" 6380
"/Engine/EngineMaterials/Substrate/GLints/dict_16_192_64_0p5_0p02_0004_0014" 6381
"/Engine/EngineMaterials/Substrate/GLints/dict_16_192_64_0p5_0p02_0004_0002" 6382
"/Engine/EngineMaterials/Substrate/GLints/dict_16_192_64_0p5_0p02_0004_0003" 6383
"/Engine/EngineMaterials/Substrate/GLints/dict_16_192_64_0p5_0p02_0004_0005" 6384
"../../../Engine/Content/EngineMaterials/Substrate/GLints/dict_16_192_64_0p5_0p02_0003_0011.uasset" 6385
"/Engine/EngineMaterials/Substrate/GLints/dict_16_192_64_0p5_0p02_0003_0012" 6386
"../../../Engine/Content/EngineMaterials/Substrate/GLints/dict_16_192_64_0p5_0p02_0003_0010.uasset" 6387
"/Engine/EngineMaterials/Substrate/GLints/dict_16_192_64_0p5_0p02_0003_0013" 6388
"/Engine/EngineMaterials/Substrate/GLints/dict_16_192_64_0p5_0p02_0003_0014" 6389
"/Engine/EngineMaterials/Substrate/GLints/dict_16_192_64_0p5_0p02_0003_0015" 6390
"/Engine/EngineMaterials/Substrate/GLints/dict_16_192_64_0p5_0p02_0004_0000" 6391
"/Engine/EngineMaterials/Substrate/GLints/dict_16_192_64_0p5_0p02_0003_0008" 6392
"../../../Engine/Content/EngineMaterials/Substrate/GLints/dict_16_192_64_0p5_0p02_0003_0007.uasset" 6393
"../../../Engine/Content/EngineMaterials/Substrate/GLints/dict_16_192_64_0p5_0p02_0003_0009.uasset" 6394
"/Engine/EngineMaterials/Substrate/GLints/dict_16_192_64_0p5_0p02_0003_0010" 6395
"/Engine/EngineMaterials/Substrate/GLints/dict_16_192_64_0p5_0p02_0003_0011" 6396
"/Engine/EngineMaterials/Substrate/GLints/dict_16_192_64_0p5_0p02_0003_0009" 6397
"/Engine/EngineMaterials/Substrate/GLints/dict_16_192_64_0p5_0p02_0003_0007" 6398
"../../../Engine/Content/EngineMaterials/Substrate/GLints/dict_16_192_64_0p5_0p02_0003_0006.uasset" 6399
"../../../Engine/Content/EngineMaterials/Substrate/GLints/dict_16_192_64_0p5_0p02_0003_0005.uasset" 6400
"../../../Engine/Content/EngineMaterials/Substrate/GLints/dict_16_192_64_0p5_0p02_0003_0002.uasset" 6401
"../../../Engine/Content/EngineMaterials/Substrate/GLints/dict_16_192_64_0p5_0p02_0003_0004.uasset" 6402
"../../../Engine/Content/EngineMaterials/Substrate/GLints/dict_16_192_64_0p5_0p02_0003_0003.uasset" 6403
"../../../Engine/Content/EngineMaterials/Substrate/GLints/dict_16_192_64_0p5_0p02_0003_0001.uasset" 6404
"../../../Engine/Content/EngineMaterials/Substrate/GLints/dict_16_192_64_0p5_0p02_0003_0000.uasset" 6405
"../../../Engine/Content/EngineMaterials/Substrate/GLints/dict_16_192_64_0p5_0p02_0002_0015.uasset" 6406
"../../../Engine/Content/EngineMaterials/Substrate/GLints/dict_16_192_64_0p5_0p02_0002_0014.uasset" 6407
"../../../Engine/Content/EngineMaterials/Substrate/GLints/dict_16_192_64_0p5_0p02_0002_0011.uasset" 6408
"/Engine/EngineMaterials/Substrate/GLints/dict_16_192_64_0p5_0p02_0003_0004" 6409
"../../../Engine/Content/EngineMaterials/Substrate/GLints/dict_16_192_64_0p5_0p02_0002_0010.uasset" 6410
"../../../Engine/Content/EngineMaterials/Substrate/GLints/dict_16_192_64_0p5_0p02_0002_0012.uasset" 6411
"/Engine/EngineMaterials/Substrate/GLints/dict_16_192_64_0p5_0p02_0003_0005" 6412
"../../../Engine/Content/EngineMaterials/Substrate/GLints/dict_16_192_64_0p5_0p02_0002_0007.uasset" 6413
"../../../Engine/Content/EngineMaterials/Substrate/GLints/dict_16_192_64_0p5_0p02_0002_0013.uasset" 6414
"/Engine/EngineMaterials/Substrate/GLints/dict_16_192_64_0p5_0p02_0003_0006" 6415
"/Engine/EngineMaterials/Substrate/GLints/dict_16_192_64_0p5_0p02_0002_0011" 6416
"/Engine/EngineMaterials/Substrate/GLints/dict_16_192_64_0p5_0p02_0002_0014" 6417
"../../../Engine/Content/EngineMaterials/Substrate/GLints/dict_16_192_64_0p5_0p02_0002_0009.uasset" 6418
"../../../Engine/Content/EngineMaterials/Substrate/GLints/dict_16_192_64_0p5_0p02_0002_0008.uasset" 6419
"/Engine/EngineMaterials/Substrate/GLints/dict_16_192_64_0p5_0p02_0002_0015" 6420
"/Engine/EngineMaterials/Substrate/GLints/dict_16_192_64_0p5_0p02_0003_0000" 6421
"../../../Engine/Content/EngineMaterials/Substrate/GLints/dict_16_192_64_0p5_0p02_0002_0006.uasset" 6422
"/Engine/EngineMaterials/Substrate/GLints/dict_16_192_64_0p5_0p02_0003_0001" 6423
"/Engine/EngineMaterials/Substrate/GLints/dict_16_192_64_0p5_0p02_0003_0002" 6424
"../../../Engine/Content/EngineMaterials/Substrate/GLints/dict_16_192_64_0p5_0p02_0002_0003.uasset" 6425
"../../../Engine/Content/EngineMaterials/Substrate/GLints/dict_16_192_64_0p5_0p02_0002_0004.uasset" 6426
"/Engine/EngineMaterials/Substrate/GLints/dict_16_192_64_0p5_0p02_0003_0003" 6427
"../../../Engine/Content/EngineMaterials/Substrate/GLints/dict_16_192_64_0p5_0p02_0001_0015.uasset" 6428
"/Engine/EngineMaterials/Substrate/GLints/dict_16_192_64_0p5_0p02_0002_0004" 6429
"/Engine/EngineMaterials/Substrate/GLints/dict_16_192_64_0p5_0p02_0002_0006" 6430
"../../../Engine/Content/EngineMaterials/Substrate/GLints/dict_16_192_64_0p5_0p02_0002_0001.uasset" 6431
"/Engine/EngineMaterials/Substrate/GLints/dict_16_192_64_0p5_0p02_0002_0007" 6432
"/Engine/EngineMaterials/Substrate/GLints/dict_16_192_64_0p5_0p02_0002_0008" 6433
"/Engine/EngineMaterials/Substrate/GLints/dict_16_192_64_0p5_0p02_0002_0009" 6434
"../../../Engine/Content/EngineMaterials/Substrate/GLints/dict_16_192_64_0p5_0p02_0001_0014.uasset" 6435
"/Engine/EngineMaterials/Substrate/GLints/dict_16_192_64_0p5_0p02_0002_0010" 6436
"/Engine/EngineMaterials/Substrate/GLints/dict_16_192_64_0p5_0p02_0002_0012" 6437
"/Engine/EngineMaterials/Substrate/GLints/dict_16_192_64_0p5_0p02_0002_0013" 6438
"../../../Engine/Content/EngineMaterials/Substrate/GLints/dict_16_192_64_0p5_0p02_0001_0013.uasset" 6439
"/Engine/EngineMaterials/Substrate/GLints/dict_16_192_64_0p5_0p02_0002_0003" 6440
"/Engine/EngineMaterials/Substrate/GLints/dict_16_192_64_0p5_0p02_0001_0013" 6441
"/Engine/EngineMaterials/Substrate/GLints/dict_16_192_64_0p5_0p02_0001_0014" 6442
"/Engine/EngineMaterials/Substrate/GLints/dict_16_192_64_0p5_0p02_0001_0015" 6443
"../../../Engine/Content/EngineMaterials/Substrate/GLints/dict_16_192_64_0p5_0p02_0002_0002.uasset" 6444
"/Engine/EngineMaterials/Substrate/GLints/dict_16_192_64_0p5_0p02_0002_0001" 6445
"/Engine/EngineMaterials/Substrate/GLints/dict_16_192_64_0p5_0p02_0002_0002" 6446
"../../../Engine/Content/EngineMaterials/Substrate/GLints/dict_16_192_64_0p5_0p02_0001_0012.uasset" 6447
"../../../Engine/Content/EngineMaterials/Substrate/GLints/dict_16_192_64_0p5_0p02_0001_0010.uasset" 6448
"../../../Engine/Content/EngineMaterials/Substrate/GLints/dict_16_192_64_0p5_0p02_0001_0011.uasset" 6449
"../../../Engine/Content/EngineMaterials/Substrate/GLints/dict_16_192_64_0p5_0p02_0002_0005.uasset" 6450
"../../../Engine/Content/EngineMaterials/Substrate/GLints/dict_16_192_64_0p5_0p02_0001_0008.uasset" 6451
"../../../Engine/Content/EngineMaterials/Substrate/GLints/dict_16_192_64_0p5_0p02_0002_0000.uasset" 6452
"../../../Engine/Content/EngineMaterials/Substrate/GLints/dict_16_192_64_0p5_0p02_0001_0009.uasset" 6453
"../../../Engine/Content/EngineMaterials/Substrate/GLints/dict_16_192_64_0p5_0p02_0001_0007.uasset" 6454
"/Engine/EngineMaterials/Substrate/GLints/dict_16_192_64_0p5_0p02_0002_0005" 6455
"../../../Engine/Content/EngineMaterials/Substrate/GLints/dict_16_192_64_0p5_0p02_0001_0006.uasset" 6456
"/Engine/EngineMaterials/Substrate/GLints/dict_16_192_64_0p5_0p02_0001_0011" 6457
"/Engine/EngineMaterials/Substrate/GLints/dict_16_192_64_0p5_0p02_0001_0012" 6458
"../../../Engine/Content/EngineMaterials/Substrate/GLints/dict_16_192_64_0p5_0p02_0001_0005.uasset" 6459
"/Engine/EngineMaterials/Substrate/GLints/dict_16_192_64_0p5_0p02_0001_0009" 6460
"/Engine/EngineMaterials/Substrate/GLints/dict_16_192_64_0p5_0p02_0001_0010" 6461
"/Engine/EngineMaterials/Substrate/GLints/dict_16_192_64_0p5_0p02_0001_0008" 6462
"/Engine/EngineMaterials/Substrate/GLints/dict_16_192_64_0p5_0p02_0002_0000" 6463
"/Engine/EngineMaterials/Substrate/GLints/dict_16_192_64_0p5_0p02_0001_0007" 6464
"../../../Engine/Content/EngineMaterials/Substrate/GLints/dict_16_192_64_0p5_0p02_0001_0001.uasset" 6465
"/Engine/EngineMaterials/Substrate/GLints/dict_16_192_64_0p5_0p02_0001_0005" 6466
"../../../Engine/Content/EngineMaterials/Substrate/GLints/dict_16_192_64_0p5_0p02_0001_0003.uasset" 6467
"/Engine/EngineMaterials/Substrate/GLints/dict_16_192_64_0p5_0p02_0001_0006" 6468
"../../../Engine/Content/EngineMaterials/Substrate/GLints/dict_16_192_64_0p5_0p02_0001_0004.uasset" 6469
"/Engine/EngineMaterials/Substrate/GLints/dict_16_192_64_0p5_0p02_0001_0001" 6470
"/Engine/EngineMaterials/Substrate/GLints/dict_16_192_64_0p5_0p02_0001_0003" 6471
"/Engine/EngineMaterials/Substrate/GLints/dict_16_192_64_0p5_0p02_0001_0004" 6472
"../../../Engine/Content/EngineMaterials/Substrate/GLints/dict_16_192_64_0p5_0p02_0001_0000.uasset" 6473
"../../../Engine/Content/EngineMaterials/Substrate/GLints/dict_16_192_64_0p5_0p02_0000_0015.uasset" 6474
"../../../Engine/Content/EngineMaterials/Substrate/GLints/dict_16_192_64_0p5_0p02_0000_0014.uasset" 6475
"../../../Engine/Content/EngineMaterials/Substrate/GLints/dict_16_192_64_0p5_0p02_0000_0012.uasset" 6476
"../../../Engine/Content/EngineMaterials/Substrate/GLints/dict_16_192_64_0p5_0p02_0000_0013.uasset" 6477
"../../../Engine/Content/EngineMaterials/Substrate/GLints/dict_16_192_64_0p5_0p02_0000_0011.uasset" 6478
"../../../Engine/Content/EngineMaterials/Substrate/GLints/dict_16_192_64_0p5_0p02_0000_0010.uasset" 6479
"../../../Engine/Content/EngineMaterials/Substrate/GLints/dict_16_192_64_0p5_0p02_0000_0009.uasset" 6480
"../../../Engine/Content/EngineMaterials/Substrate/GLints/dict_16_192_64_0p5_0p02_0001_0002.uasset" 6481
"/Engine/EngineMaterials/Substrate/GLints/dict_16_192_64_0p5_0p02_0000_0013" 6482
"/Engine/EngineMaterials/Substrate/GLints/dict_16_192_64_0p5_0p02_0000_0014" 6483
"/Engine/EngineMaterials/Substrate/GLints/dict_16_192_64_0p5_0p02_0000_0009" 6484
"/Engine/EngineMaterials/Substrate/GLints/dict_16_192_64_0p5_0p02_0000_0015" 6485
"../../../Engine/Content/EngineMaterials/Substrate/GLints/dict_16_192_64_0p5_0p02_0000_0004.uasset" 6486
"/Engine/EngineMaterials/Substrate/GLints/dict_16_192_64_0p5_0p02_0001_0000" 6487
"../../../Engine/Content/EngineMaterials/Substrate/GLints/dict_16_192_64_0p5_0p02_0000_0006.uasset" 6488
"/Engine/EngineMaterials/Substrate/GLints/dict_16_192_64_0p5_0p02_0000_0010" 6489
"../../../Engine/Content/EngineMaterials/Substrate/GLints/dict_16_192_64_0p5_0p02_0000_0003.uasset" 6490
"/Engine/EngineMaterials/Substrate/GLints/dict_16_192_64_0p5_0p02_0000_0011" 6491
"/Engine/EngineMaterials/Substrate/GLints/dict_16_192_64_0p5_0p02_0001_0002" 6492
"../../../Engine/Content/EngineMaterials/Substrate/GLints/dict_16_192_64_0p5_0p02_0000_0007.uasset" 6493
"../../../Engine/Content/EngineMaterials/Substrate/GLints/dict_16_192_64_0p5_0p02_0000_0005.uasset" 6494
"/Engine/EngineMaterials/Substrate/GLints/dict_16_192_64_0p5_0p02_0000_0012" 6495
"/Engine/EngineMaterials/Substrate/GLints/dict_16_192_64_0p5_0p02_0000_0004" 6496
"/Engine/EngineMaterials/Substrate/GLints/dict_16_192_64_0p5_0p02_0000_0005" 6497
"../../../Engine/Content/EngineMaterials/Substrate/GLints/dict_16_192_64_0p5_0p02_0000_0008.uasset" 6498
"/Engine/EngineMaterials/Substrate/GLints/dict_16_192_64_0p5_0p02_0000_0006" 6499
"/Engine/EngineMaterials/Substrate/GLints/dict_16_192_64_0p5_0p02_0000_0007" 6500
"/Engine/EngineMaterials/Substrate/GLints/dict_16_192_64_0p5_0p02_0000_0003" 6501
"/Engine/EngineMaterials/Substrate/GLints/dict_16_192_64_0p5_0p02_0000_0008" 6502
"../../../Engine/Content/EngineMaterials/Substrate/GLints/dict_16_192_64_0p5_0p02_0000_0000.uasset" 6503
"../../../Engine/Content/EngineMaterials/Substrate/GLints/dict_16_192_64_0p5_0p02_0000_0001.uasset" 6504
"../../../Engine/Content/EngineMaterials/Substrate/GLints/dict_16_192_64_0p5_0p02_0000_0002.uasset" 6505
"../../../Engine/Content/EngineMaterials/Substrate/Glints2/dict_0007_0255.uasset" 6506
"../../../Engine/Content/EngineMaterials/Substrate/GLints/AGlintTex2dArray.uasset" 6507
"../../../Engine/Content/EngineMaterials/Substrate/Glints2/dict_0007_0254.uasset" 6508
"../../../Engine/Content/EngineMaterials/Substrate/Glints2/dict_0007_0251.uasset" 6509
"../../../Engine/Content/EngineMaterials/Substrate/Glints2/dict_0007_0252.uasset" 6510
"../../../Engine/Content/EngineMaterials/Substrate/Glints2/dict_0007_0253.uasset" 6511
"../../../Engine/Content/EngineMaterials/Substrate/Glints2/dict_0007_0249.uasset" 6512
"../../../Engine/Content/EngineMaterials/Substrate/Glints2/dict_0007_0250.uasset" 6513
"/Engine/EngineMaterials/Substrate/Glints2/dict_0007_0249" 6514
"../../../Engine/Content/EngineMaterials/Substrate/Glints2/dict_0007_0248.uasset" 6515
"/Engine/EngineMaterials/Substrate/Glints2/dict_0007_0250" 6516
"../../../Engine/Content/EngineMaterials/Substrate/Glints2/dict_0007_0247.uasset" 6517
"/Engine/EngineMaterials/Substrate/Glints2/dict_0007_0251" 6518
"/Engine/EngineMaterials/Substrate/GLints/dict_16_192_64_0p5_0p02_0000_0000" 6519
"/Engine/EngineMaterials/Substrate/Glints2/dict_0007_0252" 6520
"../../../Engine/Content/EngineMaterials/Substrate/Glints2/dict_0007_0244.uasset" 6521
"/Engine/EngineMaterials/Substrate/Glints2/dict_0007_0253" 6522
"/Engine/EngineMaterials/Substrate/Glints2/dict_0007_0254" 6523
"/Engine/EngineMaterials/Substrate/GLints/dict_16_192_64_0p5_0p02_0000_0001" 6524
"/Engine/EngineMaterials/Substrate/GLints/dict_16_192_64_0p5_0p02_0000_0002" 6525
"/Engine/EngineMaterials/Substrate/Glints2/dict_0007_0255" 6526
"../../../Engine/Content/EngineMaterials/Substrate/Glints2/dict_0007_0245.uasset" 6527
"/Engine/EngineMaterials/Substrate/GLints/AGlintTex2dArray" 6528
"../../../Engine/Content/EngineMaterials/Substrate/Glints2/dict_0007_0246.uasset" 6529
"../../../Engine/Content/EngineMaterials/Substrate/Glints2/dict_0007_0243.uasset" 6530
"../../../Engine/Content/EngineMaterials/Substrate/Glints2/dict_0007_0242.uasset" 6531
"../../../Engine/Content/EngineMaterials/Substrate/Glints2/dict_0007_0241.uasset" 6532
"../../../Engine/Content/EngineMaterials/Substrate/Glints2/dict_0007_0240.uasset" 6533
"../../../Engine/Content/EngineMaterials/Substrate/Glints2/dict_0007_0239.uasset" 6534
"../../../Engine/Content/EngineMaterials/Substrate/Glints2/dict_0007_0236.uasset" 6535
"../../../Engine/Content/EngineMaterials/Substrate/Glints2/dict_0007_0237.uasset" 6536
"../../../Engine/Content/EngineMaterials/Substrate/Glints2/dict_0007_0238.uasset" 6537
"../../../Engine/Content/EngineMaterials/Substrate/Glints2/dict_0007_0234.uasset" 6538
"../../../Engine/Content/EngineMaterials/Substrate/Glints2/dict_0007_0235.uasset" 6539
"/Engine/EngineMaterials/Substrate/Glints2/dict_0007_0234" 6540
"/Engine/EngineMaterials/Substrate/Glints2/dict_0007_0235" 6541
"/Engine/EngineMaterials/Substrate/Glints2/dict_0007_0246" 6542
"/Engine/EngineMaterials/Substrate/Glints2/dict_0007_0236" 6543
"../../../Engine/Content/EngineMaterials/Substrate/Glints2/dict_0007_0233.uasset" 6544
"../../../Engine/Content/EngineMaterials/Substrate/Glints2/dict_0007_0232.uasset" 6545
"/Engine/EngineMaterials/Substrate/Glints2/dict_0007_0237" 6546
"../../../Engine/Content/EngineMaterials/Substrate/Glints2/dict_0007_0230.uasset" 6547
"/Engine/EngineMaterials/Substrate/Glints2/dict_0007_0238" 6548
"../../../Engine/Content/EngineMaterials/Substrate/Glints2/dict_0007_0231.uasset" 6549
"/Engine/EngineMaterials/Substrate/Glints2/dict_0007_0239" 6550
"/Engine/EngineMaterials/Substrate/Glints2/dict_0007_0240" 6551
"../../../Engine/Content/EngineMaterials/Substrate/Glints2/dict_0007_0229.uasset" 6552
"../../../Engine/Content/EngineMaterials/Substrate/Glints2/dict_0007_0228.uasset" 6553
"/Engine/EngineMaterials/Substrate/Glints2/dict_0007_0244" 6554
"/Engine/EngineMaterials/Substrate/Glints2/dict_0007_0241" 6555
"/Engine/EngineMaterials/Substrate/Glints2/dict_0007_0245" 6556
"/Engine/EngineMaterials/Substrate/Glints2/dict_0007_0243" 6557
"/Engine/EngineMaterials/Substrate/Glints2/dict_0007_0247" 6558
"/Engine/EngineMaterials/Substrate/Glints2/dict_0007_0248" 6559
"/Engine/EngineMaterials/Substrate/Glints2/dict_0007_0242" 6560
"/Engine/EngineMaterials/Substrate/Glints2/dict_0007_0229" 6561
"/Engine/EngineMaterials/Substrate/Glints2/dict_0007_0230" 6562
"/Engine/EngineMaterials/Substrate/Glints2/dict_0007_0231" 6563
"/Engine/EngineMaterials/Substrate/Glints2/dict_0007_0232" 6564
"/Engine/EngineMaterials/Substrate/Glints2/dict_0007_0228" 6565
"../../../Engine/Content/EngineMaterials/Substrate/Glints2/dict_0007_0224.uasset" 6566
"../../../Engine/Content/EngineMaterials/Substrate/Glints2/dict_0007_0225.uasset" 6567
"/Engine/EngineMaterials/Substrate/Glints2/dict_0007_0233" 6568
"../../../Engine/Content/EngineMaterials/Substrate/Glints2/dict_0007_0226.uasset" 6569
"/Engine/EngineMaterials/Substrate/Glints2/dict_0007_0224" 6570
"/Engine/EngineMaterials/Substrate/Glints2/dict_0007_0225" 6571
"/Engine/EngineMaterials/Substrate/Glints2/dict_0007_0226" 6572
"../../../Engine/Content/EngineMaterials/Substrate/Glints2/dict_0007_0222.uasset" 6573
"/Engine/EngineMaterials/Substrate/Glints2/dict_0007_0222" 6574
"../../../Engine/Content/EngineMaterials/Substrate/Glints2/dict_0007_0227.uasset" 6575
"../../../Engine/Content/EngineMaterials/Substrate/Glints2/dict_0007_0220.uasset" 6576
"../../../Engine/Content/EngineMaterials/Substrate/Glints2/dict_0007_0219.uasset" 6577
"../../../Engine/Content/EngineMaterials/Substrate/Glints2/dict_0007_0218.uasset" 6578
"../../../Engine/Content/EngineMaterials/Substrate/Glints2/dict_0007_0223.uasset" 6579
"../../../Engine/Content/EngineMaterials/Substrate/Glints2/dict_0007_0221.uasset" 6580
"../../../Engine/Content/EngineMaterials/Substrate/Glints2/dict_0007_0215.uasset" 6581
"../../../Engine/Content/EngineMaterials/Substrate/Glints2/dict_0007_0217.uasset" 6582
"../../../Engine/Content/EngineMaterials/Substrate/Glints2/dict_0007_0213.uasset" 6583
"../../../Engine/Content/EngineMaterials/Substrate/Glints2/dict_0007_0212.uasset" 6584
"../../../Engine/Content/EngineMaterials/Substrate/Glints2/dict_0007_0214.uasset" 6585
"/Engine/EngineMaterials/Substrate/Glints2/dict_0007_0217" 6586
"../../../Engine/Content/EngineMaterials/Substrate/Glints2/dict_0007_0216.uasset" 6587
"/Engine/EngineMaterials/Substrate/Glints2/dict_0007_0218" 6588
"/Engine/EngineMaterials/Substrate/Glints2/dict_0007_0219" 6589
"/Engine/EngineMaterials/Substrate/Glints2/dict_0007_0220" 6590
"/Engine/EngineMaterials/Substrate/Glints2/dict_0007_0221" 6591
"/Engine/EngineMaterials/Substrate/Glints2/dict_0007_0223" 6592
"/Engine/EngineMaterials/Substrate/Glints2/dict_0007_0227" 6593
"/Engine/EngineMaterials/Substrate/Glints2/dict_0007_0212" 6594
"/Engine/EngineMaterials/Substrate/Glints2/dict_0007_0213" 6595
"/Engine/EngineMaterials/Substrate/Glints2/dict_0007_0214" 6596
"/Engine/EngineMaterials/Substrate/Glints2/dict_0007_0215" 6597
"../../../Engine/Content/EngineMaterials/Substrate/Glints2/dict_0007_0211.uasset" 6598
"../../../Engine/Content/EngineMaterials/Substrate/Glints2/dict_0007_0207.uasset" 6599
"../../../Engine/Content/EngineMaterials/Substrate/Glints2/dict_0007_0208.uasset" 6600
"/Engine/EngineMaterials/Substrate/Glints2/dict_0007_0207" 6601
"../../../Engine/Content/EngineMaterials/Substrate/Glints2/dict_0007_0209.uasset" 6602
"/Engine/EngineMaterials/Substrate/Glints2/dict_0007_0208" 6603
"/Engine/EngineMaterials/Substrate/Glints2/dict_0007_0211" 6604
"/Engine/EngineMaterials/Substrate/Glints2/dict_0007_0216" 6605
"/Engine/EngineMaterials/Substrate/Glints2/dict_0007_0209" 6606
"../../../Engine/Content/EngineMaterials/Substrate/Glints2/dict_0007_0210.uasset" 6607
"../../../Engine/Content/EngineMaterials/Substrate/Glints2/dict_0007_0206.uasset" 6608
"../../../Engine/Content/EngineMaterials/Substrate/Glints2/dict_0007_0202.uasset" 6609
"../../../Engine/Content/EngineMaterials/Substrate/Glints2/dict_0007_0205.uasset" 6610
"../../../Engine/Content/EngineMaterials/Substrate/Glints2/dict_0007_0203.uasset" 6611
"../../../Engine/Content/EngineMaterials/Substrate/Glints2/dict_0007_0201.uasset" 6612
"../../../Engine/Content/EngineMaterials/Substrate/Glints2/dict_0007_0204.uasset" 6613
"/Engine/EngineMaterials/Substrate/Glints2/dict_0007_0202" 6614
"/Engine/EngineMaterials/Substrate/Glints2/dict_0007_0203" 6615
"../../../Engine/Content/EngineMaterials/Substrate/Glints2/dict_0007_0199.uasset" 6616
"/Engine/EngineMaterials/Substrate/Glints2/dict_0007_0204" 6617
"/Engine/EngineMaterials/Substrate/Glints2/dict_0007_0205" 6618
"/Engine/EngineMaterials/Substrate/Glints2/dict_0007_0206" 6619
"/Engine/EngineMaterials/Substrate/Glints2/dict_0007_0201" 6620
"../../../Engine/Content/EngineMaterials/Substrate/Glints2/dict_0007_0197.uasset" 6621
"/Engine/EngineMaterials/Substrate/Glints2/dict_0007_0210" 6622
"/Engine/EngineMaterials/Substrate/Glints2/dict_0007_0197" 6623
"/Engine/EngineMaterials/Substrate/Glints2/dict_0007_0199" 6624
"../../../Engine/Content/EngineMaterials/Substrate/Glints2/dict_0007_0200.uasset" 6625
"../../../Engine/Content/EngineMaterials/Substrate/Glints2/dict_0007_0195.uasset" 6626
"../../../Engine/Content/EngineMaterials/Substrate/Glints2/dict_0007_0198.uasset" 6627
"../../../Engine/Content/EngineMaterials/Substrate/Glints2/dict_0007_0196.uasset" 6628
"../../../Engine/Content/EngineMaterials/Substrate/Glints2/dict_0007_0193.uasset" 6629
"../../../Engine/Content/EngineMaterials/Substrate/Glints2/dict_0007_0192.uasset" 6630
"../../../Engine/Content/EngineMaterials/Substrate/Glints2/dict_0007_0189.uasset" 6631
"../../../Engine/Content/EngineMaterials/Substrate/Glints2/dict_0007_0194.uasset" 6632
"../../../Engine/Content/EngineMaterials/Substrate/Glints2/dict_0007_0190.uasset" 6633
"/Engine/EngineMaterials/Substrate/Glints2/dict_0007_0196" 6634
"../../../Engine/Content/EngineMaterials/Substrate/Glints2/dict_0007_0188.uasset" 6635
"../../../Engine/Content/EngineMaterials/Substrate/Glints2/dict_0007_0185.uasset" 6636
"../../../Engine/Content/EngineMaterials/Substrate/Glints2/dict_0007_0191.uasset" 6637
"../../../Engine/Content/EngineMaterials/Substrate/Glints2/dict_0007_0186.uasset" 6638
"/Engine/EngineMaterials/Substrate/Glints2/dict_0007_0198" 6639
"../../../Engine/Content/EngineMaterials/Substrate/Glints2/dict_0007_0187.uasset" 6640
"/Engine/EngineMaterials/Substrate/Glints2/dict_0007_0200" 6641
"/Engine/EngineMaterials/Substrate/Glints2/dict_0007_0192" 6642
"/Engine/EngineMaterials/Substrate/Glints2/dict_0007_0193" 6643
"/Engine/EngineMaterials/Substrate/Glints2/dict_0007_0194" 6644
"/Engine/EngineMaterials/Substrate/Glints2/dict_0007_0195" 6645
"/Engine/EngineMaterials/Substrate/Glints2/dict_0007_0189" 6646
"/Engine/EngineMaterials/Substrate/Glints2/dict_0007_0190" 6647
"/Engine/EngineMaterials/Substrate/Glints2/dict_0007_0185" 6648
"/Engine/EngineMaterials/Substrate/Glints2/dict_0007_0186" 6649
"/Engine/EngineMaterials/Substrate/Glints2/dict_0007_0187" 6650
"/Engine/EngineMaterials/Substrate/Glints2/dict_0007_0188" 6651
"/Engine/EngineMaterials/Substrate/Glints2/dict_0007_0191" 6652
"../../../Engine/Content/EngineMaterials/Substrate/Glints2/dict_0007_0183.uasset" 6653
"../../../Engine/Content/EngineMaterials/Substrate/Glints2/dict_0007_0179.uasset" 6654
"../../../Engine/Content/EngineMaterials/Substrate/Glints2/dict_0007_0181.uasset" 6655
"../../../Engine/Content/EngineMaterials/Substrate/Glints2/dict_0007_0180.uasset" 6656
"../../../Engine/Content/EngineMaterials/Substrate/Glints2/dict_0007_0182.uasset" 6657
"../../../Engine/Content/EngineMaterials/Substrate/Glints2/dict_0007_0175.uasset" 6658
"../../../Engine/Content/EngineMaterials/Substrate/Glints2/dict_0007_0176.uasset" 6659
"../../../Engine/Content/EngineMaterials/Substrate/Glints2/dict_0007_0184.uasset" 6660
"../../../Engine/Content/EngineMaterials/Substrate/Glints2/dict_0007_0177.uasset" 6661
"../../../Engine/Content/EngineMaterials/Substrate/Glints2/dict_0007_0174.uasset" 6662
"../../../Engine/Content/EngineMaterials/Substrate/Glints2/dict_0007_0178.uasset" 6663
"../../../Engine/Content/EngineMaterials/Substrate/Glints2/dict_0007_0172.uasset" 6664
"../../../Engine/Content/EngineMaterials/Substrate/Glints2/dict_0007_0171.uasset" 6665
"/Engine/EngineMaterials/Substrate/Glints2/dict_0007_0181" 6666
"../../../Engine/Content/EngineMaterials/Substrate/Glints2/dict_0007_0170.uasset" 6667
"../../../Engine/Content/EngineMaterials/Substrate/Glints2/dict_0007_0173.uasset" 6668
"../../../Engine/Content/EngineMaterials/Substrate/Glints2/dict_0007_0169.uasset" 6669
"/Engine/EngineMaterials/Substrate/Glints2/dict_0007_0182" 6670
"/Engine/EngineMaterials/Substrate/Glints2/dict_0007_0183" 6671
"/Engine/EngineMaterials/Substrate/Glints2/dict_0007_0184" 6672
"/Engine/EngineMaterials/Substrate/Glints2/dict_0007_0172" 6673
"/Engine/EngineMaterials/Substrate/Glints2/dict_0007_0177" 6674
"/Engine/EngineMaterials/Substrate/Glints2/dict_0007_0178" 6675
"/Engine/EngineMaterials/Substrate/Glints2/dict_0007_0174" 6676
"../../../Engine/Content/EngineMaterials/Substrate/Glints2/dict_0007_0168.uasset" 6677
"/Engine/EngineMaterials/Substrate/Glints2/dict_0007_0176" 6678
"/Engine/EngineMaterials/Substrate/Glints2/dict_0007_0175" 6679
"/Engine/EngineMaterials/Substrate/Glints2/dict_0007_0179" 6680
"/Engine/EngineMaterials/Substrate/Glints2/dict_0007_0180" 6681
"/Engine/EngineMaterials/Substrate/Glints2/dict_0007_0169" 6682
"/Engine/EngineMaterials/Substrate/Glints2/dict_0007_0170" 6683
"/Engine/EngineMaterials/Substrate/Glints2/dict_0007_0168" 6684
"/Engine/EngineMaterials/Substrate/Glints2/dict_0007_0171" 6685
"/Engine/EngineMaterials/Substrate/Glints2/dict_0007_0173" 6686
"../../../Engine/Content/EngineMaterials/Substrate/Glints2/dict_0007_0163.uasset" 6687
"../../../Engine/Content/EngineMaterials/Substrate/Glints2/dict_0007_0164.uasset" 6688
"../../../Engine/Content/EngineMaterials/Substrate/Glints2/dict_0007_0166.uasset" 6689
"../../../Engine/Content/EngineMaterials/Substrate/Glints2/dict_0007_0167.uasset" 6690
"../../../Engine/Content/EngineMaterials/Substrate/Glints2/dict_0007_0165.uasset" 6691
"../../../Engine/Content/EngineMaterials/Substrate/Glints2/dict_0007_0162.uasset" 6692
"../../../Engine/Content/EngineMaterials/Substrate/Glints2/dict_0007_0161.uasset" 6693
"../../../Engine/Content/EngineMaterials/Substrate/Glints2/dict_0007_0159.uasset" 6694
"../../../Engine/Content/EngineMaterials/Substrate/Glints2/dict_0007_0158.uasset" 6695
"../../../Engine/Content/EngineMaterials/Substrate/Glints2/dict_0007_0157.uasset" 6696
"../../../Engine/Content/EngineMaterials/Substrate/Glints2/dict_0007_0160.uasset" 6697
"/Engine/EngineMaterials/Substrate/Glints2/dict_0007_0158" 6698
"/Engine/EngineMaterials/Substrate/Glints2/dict_0007_0167" 6699
"../../../Engine/Content/EngineMaterials/Substrate/Glints2/dict_0007_0155.uasset" 6700
"../../../Engine/Content/EngineMaterials/Substrate/Glints2/dict_0007_0156.uasset" 6701
"/Engine/EngineMaterials/Substrate/Glints2/dict_0007_0159" 6702
"/Engine/EngineMaterials/Substrate/Glints2/dict_0007_0160" 6703
"../../../Engine/Content/EngineMaterials/Substrate/Glints2/dict_0007_0153.uasset" 6704
"../../../Engine/Content/EngineMaterials/Substrate/Glints2/dict_0007_0152.uasset" 6705
"/Engine/EngineMaterials/Substrate/Glints2/dict_0007_0161" 6706
"/Engine/EngineMaterials/Substrate/Glints2/dict_0007_0162" 6707
"/Engine/EngineMaterials/Substrate/Glints2/dict_0007_0163" 6708
"../../../Engine/Content/EngineMaterials/Substrate/Glints2/dict_0007_0154.uasset" 6709
"/Engine/EngineMaterials/Substrate/Glints2/dict_0007_0164" 6710
"/Engine/EngineMaterials/Substrate/Glints2/dict_0007_0165" 6711
"/Engine/EngineMaterials/Substrate/Glints2/dict_0007_0166" 6712
"/Engine/EngineMaterials/Substrate/Glints2/dict_0007_0157" 6713
"/Engine/EngineMaterials/Substrate/Glints2/dict_0007_0153" 6714
"/Engine/EngineMaterials/Substrate/Glints2/dict_0007_0154" 6715
"/Engine/EngineMaterials/Substrate/Glints2/dict_0007_0155" 6716
"../../../Engine/Content/EngineMaterials/Substrate/Glints2/dict_0007_0150.uasset" 6717
"../../../Engine/Content/EngineMaterials/Substrate/Glints2/dict_0007_0151.uasset" 6718
"/Engine/EngineMaterials/Substrate/Glints2/dict_0007_0156" 6719
"/Engine/EngineMaterials/Substrate/Glints2/dict_0007_0152" 6720
"/Engine/EngineMaterials/Substrate/Glints2/dict_0007_0150" 6721
"/Engine/EngineMaterials/Substrate/Glints2/dict_0007_0151" 6722
"../../../Engine/Content/EngineMaterials/Substrate/Glints2/dict_0007_0149.uasset" 6723
"../../../Engine/Content/EngineMaterials/Substrate/Glints2/dict_0007_0147.uasset" 6724
"../../../Engine/Content/EngineMaterials/Substrate/Glints2/dict_0007_0144.uasset" 6725
"../../../Engine/Content/EngineMaterials/Substrate/Glints2/dict_0007_0146.uasset" 6726
"../../../Engine/Content/EngineMaterials/Substrate/Glints2/dict_0007_0148.uasset" 6727
"../../../Engine/Content/EngineMaterials/Substrate/Glints2/dict_0007_0145.uasset" 6728
"../../../Engine/Content/EngineMaterials/Substrate/Glints2/dict_0007_0143.uasset" 6729
"../../../Engine/Content/EngineMaterials/Substrate/Glints2/dict_0007_0141.uasset" 6730
"/Engine/EngineMaterials/Substrate/Glints2/dict_0007_0143" 6731
"../../../Engine/Content/EngineMaterials/Substrate/Glints2/dict_0007_0140.uasset" 6732
"/Engine/EngineMaterials/Substrate/Glints2/dict_0007_0144" 6733
"/Engine/EngineMaterials/Substrate/Glints2/dict_0007_0145" 6734
"../../../Engine/Content/EngineMaterials/Substrate/Glints2/dict_0007_0139.uasset" 6735
"../../../Engine/Content/EngineMaterials/Substrate/Glints2/dict_0007_0142.uasset" 6736
"/Engine/EngineMaterials/Substrate/Glints2/dict_0007_0146" 6737
"/Engine/EngineMaterials/Substrate/Glints2/dict_0007_0147" 6738
"/Engine/EngineMaterials/Substrate/Glints2/dict_0007_0148" 6739
"../../../Engine/Content/EngineMaterials/Substrate/Glints2/dict_0007_0138.uasset" 6740
"/Engine/EngineMaterials/Substrate/Glints2/dict_0007_0149" 6741
"../../../Engine/Content/EngineMaterials/Substrate/Glints2/dict_0007_0137.uasset" 6742
"/Engine/EngineMaterials/Substrate/Glints2/dict_0007_0141" 6743
"../../../Engine/Content/EngineMaterials/Substrate/Glints2/dict_0007_0136.uasset" 6744
"/Engine/EngineMaterials/Substrate/Glints2/dict_0007_0142" 6745
"/Engine/EngineMaterials/Substrate/Glints2/dict_0007_0137" 6746
"../../../Engine/Content/EngineMaterials/Substrate/Glints2/dict_0007_0135.uasset" 6747
"/Engine/EngineMaterials/Substrate/Glints2/dict_0007_0138" 6748
"../../../Engine/Content/EngineMaterials/Substrate/Glints2/dict_0007_0134.uasset" 6749
"/Engine/EngineMaterials/Substrate/Glints2/dict_0007_0139" 6750
"../../../Engine/Content/EngineMaterials/Substrate/Glints2/dict_0007_0133.uasset" 6751
"/Engine/EngineMaterials/Substrate/Glints2/dict_0007_0140" 6752
"/Engine/EngineMaterials/Substrate/Glints2/dict_0007_0136" 6753
"/Engine/EngineMaterials/Substrate/Glints2/dict_0007_0133" 6754
"../../../Engine/Content/EngineMaterials/Substrate/Glints2/dict_0007_0132.uasset" 6755
"/Engine/EngineMaterials/Substrate/Glints2/dict_0007_0134" 6756
"/Engine/EngineMaterials/Substrate/Glints2/dict_0007_0135" 6757
"/Engine/EngineMaterials/Substrate/Glints2/dict_0007_0132" 6758
"../../../Engine/Content/EngineMaterials/Substrate/Glints2/dict_0007_0131.uasset" 6759
"../../../Engine/Content/EngineMaterials/Substrate/Glints2/dict_0007_0129.uasset" 6760
"../../../Engine/Content/EngineMaterials/Substrate/Glints2/dict_0007_0130.uasset" 6761
"../../../Engine/Content/EngineMaterials/Substrate/Glints2/dict_0007_0126.uasset" 6762
"../../../Engine/Content/EngineMaterials/Substrate/Glints2/dict_0007_0128.uasset" 6763
"../../../Engine/Content/EngineMaterials/Substrate/Glints2/dict_0007_0127.uasset" 6764
"../../../Engine/Content/EngineMaterials/Substrate/Glints2/dict_0007_0125.uasset" 6765
"/Engine/EngineMaterials/Substrate/Glints2/dict_0007_0125" 6766
"/Engine/EngineMaterials/Substrate/Glints2/dict_0007_0126" 6767
"/Engine/EngineMaterials/Substrate/Glints2/dict_0007_0127" 6768
"/Engine/EngineMaterials/Substrate/Glints2/dict_0007_0128" 6769
"../../../Engine/Content/EngineMaterials/Substrate/Glints2/dict_0007_0124.uasset" 6770
"/Engine/EngineMaterials/Substrate/Glints2/dict_0007_0129" 6771
"../../../Engine/Content/EngineMaterials/Substrate/Glints2/dict_0007_0123.uasset" 6772
"../../../Engine/Content/EngineMaterials/Substrate/Glints2/dict_0007_0122.uasset" 6773
"/Engine/EngineMaterials/Substrate/Glints2/dict_0007_0130" 6774
"/Engine/EngineMaterials/Substrate/Glints2/dict_0007_0131" 6775
"/Engine/EngineMaterials/Substrate/Glints2/dict_0007_0122" 6776
"../../../Engine/Content/EngineMaterials/Substrate/Glints2/dict_0007_0121.uasset" 6777
"/Engine/EngineMaterials/Substrate/Glints2/dict_0007_0123" 6778
"/Engine/EngineMaterials/Substrate/Glints2/dict_0007_0124" 6779
"../../../Engine/Content/EngineMaterials/Substrate/Glints2/dict_0007_0120.uasset" 6780
"/Engine/EngineMaterials/Substrate/Glints2/dict_0007_0120" 6781
"/Engine/EngineMaterials/Substrate/Glints2/dict_0007_0121" 6782
"../../../Engine/Content/EngineMaterials/Substrate/Glints2/dict_0007_0117.uasset" 6783
"../../../Engine/Content/EngineMaterials/Substrate/Glints2/dict_0007_0116.uasset" 6784
"../../../Engine/Content/EngineMaterials/Substrate/Glints2/dict_0007_0118.uasset" 6785
"../../../Engine/Content/EngineMaterials/Substrate/Glints2/dict_0007_0119.uasset" 6786
"../../../Engine/Content/EngineMaterials/Substrate/Glints2/dict_0007_0115.uasset" 6787
"../../../Engine/Content/EngineMaterials/Substrate/Glints2/dict_0007_0114.uasset" 6788
"../../../Engine/Content/EngineMaterials/Substrate/Glints2/dict_0007_0110.uasset" 6789
"../../../Engine/Content/EngineMaterials/Substrate/Glints2/dict_0007_0113.uasset" 6790
"../../../Engine/Content/EngineMaterials/Substrate/Glints2/dict_0007_0111.uasset" 6791
"../../../Engine/Content/EngineMaterials/Substrate/Glints2/dict_0007_0112.uasset" 6792
"/Engine/EngineMaterials/Substrate/Glints2/dict_0007_0111" 6793
"../../../Engine/Content/EngineMaterials/Substrate/Glints2/dict_0007_0107.uasset" 6794
"../../../Engine/Content/EngineMaterials/Substrate/Glints2/dict_0007_0109.uasset" 6795
"/Engine/EngineMaterials/Substrate/Glints2/dict_0007_0112" 6796
"../../../Engine/Content/EngineMaterials/Substrate/Glints2/dict_0007_0106.uasset" 6797
"/Engine/EngineMaterials/Substrate/Glints2/dict_0007_0113" 6798
"../../../Engine/Content/EngineMaterials/Substrate/Glints2/dict_0007_0108.uasset" 6799
"/Engine/EngineMaterials/Substrate/Glints2/dict_0007_0110" 6800
"/Engine/EngineMaterials/Substrate/Glints2/dict_0007_0114" 6801
"/Engine/EngineMaterials/Substrate/Glints2/dict_0007_0115" 6802
"/Engine/EngineMaterials/Substrate/Glints2/dict_0007_0116" 6803
"/Engine/EngineMaterials/Substrate/Glints2/dict_0007_0117" 6804
"../../../Engine/Content/EngineMaterials/Substrate/Glints2/dict_0007_0103.uasset" 6805
"/Engine/EngineMaterials/Substrate/Glints2/dict_0007_0118" 6806
"/Engine/EngineMaterials/Substrate/Glints2/dict_0007_0119" 6807
"/Engine/EngineMaterials/Substrate/Glints2/dict_0007_0106" 6808
"/Engine/EngineMaterials/Substrate/Glints2/dict_0007_0107" 6809
"/Engine/EngineMaterials/Substrate/Glints2/dict_0007_0108" 6810
"../../../Engine/Content/EngineMaterials/Substrate/Glints2/dict_0007_0104.uasset" 6811
"/Engine/EngineMaterials/Substrate/Glints2/dict_0007_0109" 6812
"/Engine/EngineMaterials/Substrate/Glints2/dict_0007_0103" 6813
"/Engine/EngineMaterials/Substrate/Glints2/dict_0007_0104" 6814
"../../../Engine/Content/EngineMaterials/Substrate/Glints2/dict_0007_0102.uasset" 6815
"../../../Engine/Content/EngineMaterials/Substrate/Glints2/dict_0007_0101.uasset" 6816
"../../../Engine/Content/EngineMaterials/Substrate/Glints2/dict_0007_0105.uasset" 6817
"../../../Engine/Content/EngineMaterials/Substrate/Glints2/dict_0007_0099.uasset" 6818
"../../../Engine/Content/EngineMaterials/Substrate/Glints2/dict_0007_0095.uasset" 6819
"../../../Engine/Content/EngineMaterials/Substrate/Glints2/dict_0007_0094.uasset" 6820
"/Engine/EngineMaterials/Substrate/Glints2/dict_0007_0101" 6821
"/Engine/EngineMaterials/Substrate/Glints2/dict_0007_0105" 6822
"/Engine/EngineMaterials/Substrate/Glints2/dict_0007_0094" 6823
"/Engine/EngineMaterials/Substrate/Glints2/dict_0007_0095" 6824
"../../../Engine/Content/EngineMaterials/Substrate/Glints2/dict_0007_0097.uasset" 6825
"../../../Engine/Content/EngineMaterials/Substrate/Glints2/dict_0007_0092.uasset" 6826
"/Engine/EngineMaterials/Substrate/Glints2/dict_0007_0099" 6827
"/Engine/EngineMaterials/Substrate/Glints2/dict_0007_0102" 6828
"/Engine/EngineMaterials/Substrate/Glints2/dict_0007_0097" 6829
"/Engine/EngineMaterials/Substrate/Glints2/dict_0007_0092" 6830
"../../../Engine/Content/EngineMaterials/Substrate/Glints2/dict_0007_0098.uasset" 6831
"/Engine/EngineMaterials/Substrate/Glints2/dict_0007_0098" 6832
"../../../Engine/Content/EngineMaterials/Substrate/Glints2/dict_0007_0096.uasset" 6833
"../../../Engine/Content/EngineMaterials/Substrate/Glints2/dict_0007_0093.uasset" 6834
"../../../Engine/Content/EngineMaterials/Substrate/Glints2/dict_0007_0100.uasset" 6835
"../../../Engine/Content/EngineMaterials/Substrate/Glints2/dict_0007_0090.uasset" 6836
"../../../Engine/Content/EngineMaterials/Substrate/Glints2/dict_0007_0091.uasset" 6837
"../../../Engine/Content/EngineMaterials/Substrate/Glints2/dict_0007_0089.uasset" 6838
"../../../Engine/Content/EngineMaterials/Substrate/Glints2/dict_0007_0085.uasset" 6839
"../../../Engine/Content/EngineMaterials/Substrate/Glints2/dict_0007_0086.uasset" 6840
"../../../Engine/Content/EngineMaterials/Substrate/Glints2/dict_0007_0087.uasset" 6841
"../../../Engine/Content/EngineMaterials/Substrate/Glints2/dict_0007_0088.uasset" 6842
"../../../Engine/Content/EngineMaterials/Substrate/Glints2/dict_0007_0084.uasset" 6843
"/Engine/EngineMaterials/Substrate/Glints2/dict_0007_0093" 6844
"../../../Engine/Content/EngineMaterials/Substrate/Glints2/dict_0007_0083.uasset" 6845
"../../../Engine/Content/EngineMaterials/Substrate/Glints2/dict_0007_0079.uasset" 6846
"/Engine/EngineMaterials/Substrate/Glints2/dict_0007_0088" 6847
"/Engine/EngineMaterials/Substrate/Glints2/dict_0007_0096" 6848
"/Engine/EngineMaterials/Substrate/Glints2/dict_0007_0089" 6849
"/Engine/EngineMaterials/Substrate/Glints2/dict_0007_0100" 6850
"../../../Engine/Content/EngineMaterials/Substrate/Glints2/dict_0007_0082.uasset" 6851
"/Engine/EngineMaterials/Substrate/Glints2/dict_0007_0084" 6852
"../../../Engine/Content/EngineMaterials/Substrate/Glints2/dict_0007_0081.uasset" 6853
"/Engine/EngineMaterials/Substrate/Glints2/dict_0007_0085" 6854
"/Engine/EngineMaterials/Substrate/Glints2/dict_0007_0086" 6855
"/Engine/EngineMaterials/Substrate/Glints2/dict_0007_0087" 6856
"../../../Engine/Content/EngineMaterials/Substrate/Glints2/dict_0007_0076.uasset" 6857
"../../../Engine/Content/EngineMaterials/Substrate/Glints2/dict_0007_0080.uasset" 6858
"/Engine/EngineMaterials/Substrate/Glints2/dict_0007_0090" 6859
"/Engine/EngineMaterials/Substrate/Glints2/dict_0007_0091" 6860
"/Engine/EngineMaterials/Substrate/Glints2/dict_0007_0079" 6861
"/Engine/EngineMaterials/Substrate/Glints2/dict_0007_0076" 6862
"/Engine/EngineMaterials/Substrate/Glints2/dict_0007_0080" 6863
"/Engine/EngineMaterials/Substrate/Glints2/dict_0007_0081" 6864
"../../../Engine/Content/EngineMaterials/Substrate/Glints2/dict_0007_0075.uasset" 6865
"/Engine/EngineMaterials/Substrate/Glints2/dict_0007_0082" 6866
"../../../Engine/Content/EngineMaterials/Substrate/Glints2/dict_0007_0078.uasset" 6867
"/Engine/EngineMaterials/Substrate/Glints2/dict_0007_0083" 6868
"/Engine/EngineMaterials/Substrate/Glints2/dict_0007_0078" 6869
"/Engine/EngineMaterials/Substrate/Glints2/dict_0007_0075" 6870
"../../../Engine/Content/EngineMaterials/Substrate/Glints2/dict_0007_0074.uasset" 6871
"../../../Engine/Content/EngineMaterials/Substrate/Glints2/dict_0007_0073.uasset" 6872
"../../../Engine/Content/EngineMaterials/Substrate/Glints2/dict_0007_0077.uasset" 6873
"../../../Engine/Content/EngineMaterials/Substrate/Glints2/dict_0007_0071.uasset" 6874
"../../../Engine/Content/EngineMaterials/Substrate/Glints2/dict_0007_0068.uasset" 6875
"../../../Engine/Content/EngineMaterials/Substrate/Glints2/dict_0007_0070.uasset" 6876
"../../../Engine/Content/EngineMaterials/Substrate/Glints2/dict_0007_0066.uasset" 6877
"../../../Engine/Content/EngineMaterials/Substrate/Glints2/dict_0007_0072.uasset" 6878
"/Engine/EngineMaterials/Substrate/Glints2/dict_0007_0066" 6879
"../../../Engine/Content/EngineMaterials/Substrate/Glints2/dict_0007_0069.uasset" 6880
"../../../Engine/Content/EngineMaterials/Substrate/Glints2/dict_0007_0065.uasset" 6881
"/Engine/EngineMaterials/Substrate/Glints2/dict_0007_0073" 6882
"../../../Engine/Content/EngineMaterials/Substrate/Glints2/dict_0007_0063.uasset" 6883
"/Engine/EngineMaterials/Substrate/Glints2/dict_0007_0068" 6884
"../../../Engine/Content/EngineMaterials/Substrate/Glints2/dict_0007_0064.uasset" 6885
"/Engine/EngineMaterials/Substrate/Glints2/dict_0007_0074" 6886
"../../../Engine/Content/EngineMaterials/Substrate/Glints2/dict_0007_0060.uasset" 6887
"../../../Engine/Content/EngineMaterials/Substrate/Glints2/dict_0007_0061.uasset" 6888
"../../../Engine/Content/EngineMaterials/Substrate/Glints2/dict_0007_0067.uasset" 6889
"/Engine/EngineMaterials/Substrate/Glints2/dict_0007_0070" 6890
"../../../Engine/Content/EngineMaterials/Substrate/Glints2/dict_0007_0059.uasset" 6891
"/Engine/EngineMaterials/Substrate/Glints2/dict_0007_0071" 6892
"/Engine/EngineMaterials/Substrate/Glints2/dict_0007_0077" 6893
"../../../Engine/Content/EngineMaterials/Substrate/Glints2/dict_0007_0056.uasset" 6894
"/Engine/EngineMaterials/Substrate/Glints2/dict_0007_0072" 6895
"../../../Engine/Content/EngineMaterials/Substrate/Glints2/dict_0007_0054.uasset" 6896
"/Engine/EngineMaterials/Substrate/Glints2/dict_0007_0067" 6897
"/Engine/EngineMaterials/Substrate/Glints2/dict_0007_0069" 6898
"/Engine/EngineMaterials/Substrate/Glints2/dict_0007_0054" 6899
"/Engine/EngineMaterials/Substrate/Glints2/dict_0007_0064" 6900
"../../../Engine/Content/EngineMaterials/Substrate/Glints2/dict_0007_0062.uasset" 6901
"../../../Engine/Content/EngineMaterials/Substrate/Glints2/dict_0007_0055.uasset" 6902
"/Engine/EngineMaterials/Substrate/Glints2/dict_0007_0063" 6903
"../../../Engine/Content/EngineMaterials/Substrate/Glints2/dict_0007_0058.uasset" 6904
"../../../Engine/Content/EngineMaterials/Substrate/Glints2/dict_0007_0057.uasset" 6905
"/Engine/EngineMaterials/Substrate/Glints2/dict_0007_0056" 6906
"../../../Engine/Content/EngineMaterials/Substrate/Glints2/dict_0007_0052.uasset" 6907
"/Engine/EngineMaterials/Substrate/Glints2/dict_0007_0059" 6908
"../../../Engine/Content/EngineMaterials/Substrate/Glints2/dict_0007_0053.uasset" 6909
"/Engine/EngineMaterials/Substrate/Glints2/dict_0007_0060" 6910
"/Engine/EngineMaterials/Substrate/Glints2/dict_0007_0061" 6911
"../../../Engine/Content/EngineMaterials/Substrate/Glints2/dict_0007_0049.uasset" 6912
"/Engine/EngineMaterials/Substrate/Glints2/dict_0007_0065" 6913
"/Engine/EngineMaterials/Substrate/Glints2/dict_0007_0052" 6914
"/Engine/EngineMaterials/Substrate/Glints2/dict_0007_0053" 6915
"/Engine/EngineMaterials/Substrate/Glints2/dict_0007_0049" 6916
"../../../Engine/Content/EngineMaterials/Substrate/Glints2/dict_0007_0050.uasset" 6917
"/Engine/EngineMaterials/Substrate/Glints2/dict_0007_0055" 6918
"../../../Engine/Content/EngineMaterials/Substrate/Glints2/dict_0007_0051.uasset" 6919
"/Engine/EngineMaterials/Substrate/Glints2/dict_0007_0057" 6920
"/Engine/EngineMaterials/Substrate/Glints2/dict_0007_0058" 6921
"../../../Engine/Content/EngineMaterials/Substrate/Glints2/dict_0007_0048.uasset" 6922
"/Engine/EngineMaterials/Substrate/Glints2/dict_0007_0062" 6923
"../../../Engine/Content/EngineMaterials/Substrate/Glints2/dict_0007_0047.uasset" 6924
"/Engine/EngineMaterials/Substrate/Glints2/dict_0007_0047" 6925
"/Engine/EngineMaterials/Substrate/Glints2/dict_0007_0048" 6926
"/Engine/EngineMaterials/Substrate/Glints2/dict_0007_0050" 6927
"/Engine/EngineMaterials/Substrate/Glints2/dict_0007_0051" 6928
"../../../Engine/Content/EngineMaterials/Substrate/Glints2/dict_0007_0045.uasset" 6929
"../../../Engine/Content/EngineMaterials/Substrate/Glints2/dict_0007_0043.uasset" 6930
"../../../Engine/Content/EngineMaterials/Substrate/Glints2/dict_0007_0046.uasset" 6931
"../../../Engine/Content/EngineMaterials/Substrate/Glints2/dict_0007_0037.uasset" 6932
"../../../Engine/Content/EngineMaterials/Substrate/Glints2/dict_0007_0042.uasset" 6933
"../../../Engine/Content/EngineMaterials/Substrate/Glints2/dict_0007_0041.uasset" 6934
"../../../Engine/Content/EngineMaterials/Substrate/Glints2/dict_0007_0039.uasset" 6935
"../../../Engine/Content/EngineMaterials/Substrate/Glints2/dict_0007_0044.uasset" 6936
"../../../Engine/Content/EngineMaterials/Substrate/Glints2/dict_0007_0036.uasset" 6937
"../../../Engine/Content/EngineMaterials/Substrate/Glints2/dict_0007_0035.uasset" 6938
"/Engine/EngineMaterials/Substrate/Glints2/dict_0007_0036" 6939
"../../../Engine/Content/EngineMaterials/Substrate/Glints2/dict_0007_0040.uasset" 6940
"/Engine/EngineMaterials/Substrate/Glints2/dict_0007_0037" 6941
"/Engine/EngineMaterials/Substrate/Glints2/dict_0007_0044" 6942
"../../../Engine/Content/EngineMaterials/Substrate/Glints2/dict_0007_0034.uasset" 6943
"/Engine/EngineMaterials/Substrate/Glints2/dict_0007_0046" 6944
"/Engine/EngineMaterials/Substrate/Glints2/dict_0007_0039" 6945
"/Engine/EngineMaterials/Substrate/Glints2/dict_0007_0045" 6946
"/Engine/EngineMaterials/Substrate/Glints2/dict_0007_0041" 6947
"../../../Engine/Content/EngineMaterials/Substrate/Glints2/dict_0007_0031.uasset" 6948
"../../../Engine/Content/EngineMaterials/Substrate/Glints2/dict_0007_0038.uasset" 6949
"/Engine/EngineMaterials/Substrate/Glints2/dict_0007_0042" 6950
"../../../Engine/Content/EngineMaterials/Substrate/Glints2/dict_0007_0032.uasset" 6951
"/Engine/EngineMaterials/Substrate/Glints2/dict_0007_0043" 6952
"../../../Engine/Content/EngineMaterials/Substrate/Glints2/dict_0007_0033.uasset" 6953
"/Engine/EngineMaterials/Substrate/Glints2/dict_0007_0035" 6954
"../../../Engine/Content/EngineMaterials/Substrate/Glints2/dict_0007_0028.uasset" 6955
"/Engine/EngineMaterials/Substrate/Glints2/dict_0007_0038" 6956
"/Engine/EngineMaterials/Substrate/Glints2/dict_0007_0028" 6957
"../../../Engine/Content/EngineMaterials/Substrate/Glints2/dict_0007_0029.uasset" 6958
"/Engine/EngineMaterials/Substrate/Glints2/dict_0007_0040" 6959
"../../../Engine/Content/EngineMaterials/Substrate/Glints2/dict_0007_0026.uasset" 6960
"/Engine/EngineMaterials/Substrate/Glints2/dict_0007_0031" 6961
"/Engine/EngineMaterials/Substrate/Glints2/dict_0007_0032" 6962
"/Engine/EngineMaterials/Substrate/Glints2/dict_0007_0033" 6963
"/Engine/EngineMaterials/Substrate/Glints2/dict_0007_0034" 6964
"/Engine/EngineMaterials/Substrate/Glints2/dict_0007_0026" 6965
"../../../Engine/Content/EngineMaterials/Substrate/Glints2/dict_0007_0022.uasset" 6966
"../../../Engine/Content/EngineMaterials/Substrate/Glints2/dict_0007_0025.uasset" 6967
"../../../Engine/Content/EngineMaterials/Substrate/Glints2/dict_0007_0024.uasset" 6968
"../../../Engine/Content/EngineMaterials/Substrate/Glints2/dict_0007_0021.uasset" 6969
"../../../Engine/Content/EngineMaterials/Substrate/Glints2/dict_0007_0023.uasset" 6970
"../../../Engine/Content/EngineMaterials/Substrate/Glints2/dict_0007_0020.uasset" 6971
"../../../Engine/Content/EngineMaterials/Substrate/Glints2/dict_0007_0019.uasset" 6972
"../../../Engine/Content/EngineMaterials/Substrate/Glints2/dict_0007_0013.uasset" 6973
"../../../Engine/Content/EngineMaterials/Substrate/Glints2/dict_0007_0015.uasset" 6974
"../../../Engine/Content/EngineMaterials/Substrate/Glints2/dict_0007_0018.uasset" 6975
"../../../Engine/Content/EngineMaterials/Substrate/Glints2/dict_0007_0017.uasset" 6976
"/Engine/EngineMaterials/Substrate/Glints2/dict_0007_0019" 6977
"../../../Engine/Content/EngineMaterials/Substrate/Glints2/dict_0007_0016.uasset" 6978
"/Engine/EngineMaterials/Substrate/Glints2/dict_0007_0015" 6979
"/Engine/EngineMaterials/Substrate/Glints2/dict_0007_0020" 6980
"/Engine/EngineMaterials/Substrate/Glints2/dict_0007_0021" 6981
"/Engine/EngineMaterials/Substrate/Glints2/dict_0007_0029" 6982
"/Engine/EngineMaterials/Substrate/Glints2/dict_0007_0022" 6983
"../../../Engine/Content/EngineMaterials/Substrate/Glints2/dict_0007_0014.uasset" 6984
"/Engine/EngineMaterials/Substrate/Glints2/dict_0007_0018" 6985
"/Engine/EngineMaterials/Substrate/Glints2/dict_0007_0023" 6986
"/Engine/EngineMaterials/Substrate/Glints2/dict_0007_0024" 6987
"../../../Engine/Content/EngineMaterials/Substrate/Glints2/dict_0007_0011.uasset" 6988
"../../../Engine/Content/EngineMaterials/Substrate/Glints2/dict_0007_0010.uasset" 6989
"/Engine/EngineMaterials/Substrate/Glints2/dict_0007_0025" 6990
"../../../Engine/Content/EngineMaterials/Substrate/Glints2/dict_0007_0008.uasset" 6991
"/Engine/EngineMaterials/Substrate/Glints2/dict_0007_0013" 6992
"../../../Engine/Content/EngineMaterials/Substrate/Glints2/dict_0007_0009.uasset" 6993
"../../../Engine/Content/EngineMaterials/Substrate/Glints2/dict_0007_0012.uasset" 6994
"/Engine/EngineMaterials/Substrate/Glints2/dict_0007_0008" 6995
"/Engine/EngineMaterials/Substrate/Glints2/dict_0007_0009" 6996
"../../../Engine/Content/EngineMaterials/Substrate/Glints2/dict_0007_0007.uasset" 6997
"/Engine/EngineMaterials/Substrate/Glints2/dict_0007_0010" 6998
"/Engine/EngineMaterials/Substrate/Glints2/dict_0007_0016" 6999
"/Engine/EngineMaterials/Substrate/Glints2/dict_0007_0017" 7000
"/Engine/EngineMaterials/Substrate/Glints2/dict_0007_0011" 7001
"/Engine/EngineMaterials/Substrate/Glints2/dict_0007_0012" 7002
"/Engine/EngineMaterials/Substrate/Glints2/dict_0007_0014" 7003
"/Engine/EngineMaterials/Substrate/Glints2/dict_0007_0007" 7004
"../../../Engine/Content/EngineMaterials/Substrate/Glints2/dict_0007_0001.uasset" 7005
"../../../Engine/Content/EngineMaterials/Substrate/Glints2/dict_0007_0005.uasset" 7006
"../../../Engine/Content/EngineMaterials/Substrate/Glints2/dict_0007_0004.uasset" 7007
"../../../Engine/Content/EngineMaterials/Substrate/Glints2/dict_0007_0003.uasset" 7008
"../../../Engine/Content/EngineMaterials/Substrate/Glints2/dict_0007_0002.uasset" 7009
"../../../Engine/Content/EngineMaterials/Substrate/Glints2/dict_0007_0006.uasset" 7010
"../../../Engine/Content/EngineMaterials/Substrate/Glints2/dict_0007_0000.uasset" 7011
"../../../Engine/Content/EngineMaterials/Substrate/Glints2/dict_0006_0251.uasset" 7012
"../../../Engine/Content/EngineMaterials/Substrate/Glints2/dict_0006_0254.uasset" 7013
"../../../Engine/Content/EngineMaterials/Substrate/Glints2/dict_0006_0249.uasset" 7014
"../../../Engine/Content/EngineMaterials/Substrate/Glints2/dict_0006_0250.uasset" 7015
"../../../Engine/Content/EngineMaterials/Substrate/Glints2/dict_0006_0255.uasset" 7016
"../../../Engine/Content/EngineMaterials/Substrate/Glints2/dict_0006_0252.uasset" 7017
"../../../Engine/Content/EngineMaterials/Substrate/Glints2/dict_0007_0030.uasset" 7018
"../../../Engine/Content/EngineMaterials/Substrate/Glints2/dict_0006_0253.uasset" 7019
"/Engine/EngineMaterials/Substrate/Glints2/dict_0007_0005" 7020
"/Engine/EngineMaterials/Substrate/Glints2/dict_0007_0006" 7021
"../../../Engine/Content/EngineMaterials/Substrate/Glints2/dict_0006_0248.uasset" 7022
"../../../Engine/Content/EngineMaterials/Substrate/Glints2/dict_0006_0247.uasset" 7023
"/Engine/EngineMaterials/Substrate/Glints2/dict_0006_0254" 7024
"/Engine/EngineMaterials/Substrate/Glints2/dict_0006_0255" 7025
"/Engine/EngineMaterials/Substrate/Glints2/dict_0007_0000" 7026
"../../../Engine/Content/EngineMaterials/Substrate/Glints2/dict_0006_0243.uasset" 7027
"../../../Engine/Content/EngineMaterials/Substrate/Glints2/dict_0006_0246.uasset" 7028
"/Engine/EngineMaterials/Substrate/Glints2/dict_0007_0001" 7029
"../../../Engine/Content/EngineMaterials/Substrate/Glints2/dict_0006_0244.uasset" 7030
"/Engine/EngineMaterials/Substrate/Glints2/dict_0006_0249" 7031
"/Engine/EngineMaterials/Substrate/Glints2/dict_0006_0250" 7032
"/Engine/EngineMaterials/Substrate/Glints2/dict_0007_0002" 7033
"/Engine/EngineMaterials/Substrate/Glints2/dict_0007_0003" 7034
"/Engine/EngineMaterials/Substrate/Glints2/dict_0007_0004" 7035
"../../../Engine/Content/EngineMaterials/Substrate/Glints2/dict_0006_0245.uasset" 7036
"/Engine/EngineMaterials/Substrate/Glints2/dict_0006_0251" 7037
"/Engine/EngineMaterials/Substrate/Glints2/dict_0006_0252" 7038
"/Engine/EngineMaterials/Substrate/Glints2/dict_0006_0253" 7039
"/Engine/EngineMaterials/Substrate/Glints2/dict_0006_0243" 7040
"/Engine/EngineMaterials/Substrate/Glints2/dict_0006_0244" 7041
"../../../Engine/Content/EngineMaterials/Substrate/Glints2/dict_0006_0241.uasset" 7042
"/Engine/EngineMaterials/Substrate/Glints2/dict_0006_0245" 7043
"../../../Engine/Content/EngineMaterials/Substrate/Glints2/dict_0006_0240.uasset" 7044
"/Engine/EngineMaterials/Substrate/Glints2/dict_0006_0246" 7045
"/Engine/EngineMaterials/Substrate/Glints2/dict_0006_0247" 7046
"/Engine/EngineMaterials/Substrate/Glints2/dict_0007_0030" 7047
"/Engine/EngineMaterials/Substrate/Glints2/dict_0006_0248" 7048
"/Engine/EngineMaterials/Substrate/Glints2/dict_0006_0240" 7049
"/Engine/EngineMaterials/Substrate/Glints2/dict_0006_0241" 7050
"../../../Engine/Content/EngineMaterials/Substrate/Glints2/dict_0007_0027.uasset" 7051
"../../../Engine/Content/EngineMaterials/Substrate/Glints2/dict_0006_0238.uasset" 7052
"../../../Engine/Content/EngineMaterials/Substrate/Glints2/dict_0006_0237.uasset" 7053
"../../../Engine/Content/EngineMaterials/Substrate/Glints2/dict_0006_0239.uasset" 7054
"../../../Engine/Content/EngineMaterials/Substrate/Glints2/dict_0006_0235.uasset" 7055
"../../../Engine/Content/EngineMaterials/Substrate/Glints2/dict_0006_0236.uasset" 7056
"../../../Engine/Content/EngineMaterials/Substrate/Glints2/dict_0006_0233.uasset" 7057
"../../../Engine/Content/EngineMaterials/Substrate/Glints2/dict_0006_0234.uasset" 7058
"../../../Engine/Content/EngineMaterials/Substrate/Glints2/dict_0006_0228.uasset" 7059
"../../../Engine/Content/EngineMaterials/Substrate/Glints2/dict_0006_0230.uasset" 7060
"../../../Engine/Content/EngineMaterials/Substrate/Glints2/dict_0006_0229.uasset" 7061
"../../../Engine/Content/EngineMaterials/Substrate/Glints2/dict_0006_0232.uasset" 7062
"../../../Engine/Content/EngineMaterials/Substrate/Glints2/dict_0006_0242.uasset" 7063
"../../../Engine/Content/EngineMaterials/Substrate/Glints2/dict_0006_0231.uasset" 7064
"/Engine/EngineMaterials/Substrate/Glints2/dict_0006_0242" 7065
"../../../Engine/Content/EngineMaterials/Substrate/Glints2/dict_0006_0227.uasset" 7066
"/Engine/EngineMaterials/Substrate/Glints2/dict_0006_0233" 7067
"/Engine/EngineMaterials/Substrate/Glints2/dict_0007_0027" 7068
"/Engine/EngineMaterials/Substrate/Glints2/dict_0006_0234" 7069
"/Engine/EngineMaterials/Substrate/Glints2/dict_0006_0235" 7070
"/Engine/EngineMaterials/Substrate/Glints2/dict_0006_0236" 7071
"/Engine/EngineMaterials/Substrate/Glints2/dict_0006_0237" 7072
"/Engine/EngineMaterials/Substrate/Glints2/dict_0006_0238" 7073
"/Engine/EngineMaterials/Substrate/Glints2/dict_0006_0228" 7074
"/Engine/EngineMaterials/Substrate/Glints2/dict_0006_0229" 7075
"/Engine/EngineMaterials/Substrate/Glints2/dict_0006_0230" 7076
"../../../Engine/Content/EngineMaterials/Substrate/Glints2/dict_0006_0223.uasset" 7077
"../../../Engine/Content/EngineMaterials/Substrate/Glints2/dict_0006_0226.uasset" 7078
"/Engine/EngineMaterials/Substrate/Glints2/dict_0006_0231" 7079
"/Engine/EngineMaterials/Substrate/Glints2/dict_0006_0239" 7080
"/Engine/EngineMaterials/Substrate/Glints2/dict_0006_0232" 7081
"/Engine/EngineMaterials/Substrate/Glints2/dict_0006_0223" 7082
"../../../Engine/Content/EngineMaterials/Substrate/Glints2/dict_0006_0224.uasset" 7083
"../../../Engine/Content/EngineMaterials/Substrate/Glints2/dict_0006_0221.uasset" 7084
"/Engine/EngineMaterials/Substrate/Glints2/dict_0006_0226" 7085
"/Engine/EngineMaterials/Substrate/Glints2/dict_0006_0227" 7086
"/Engine/EngineMaterials/Substrate/Glints2/dict_0006_0221" 7087
"/Engine/EngineMaterials/Substrate/Glints2/dict_0006_0224" 7088
"../../../Engine/Content/EngineMaterials/Substrate/Glints2/dict_0006_0222.uasset" 7089
"../../../Engine/Content/EngineMaterials/Substrate/Glints2/dict_0006_0225.uasset" 7090
"../../../Engine/Content/EngineMaterials/Substrate/Glints2/dict_0006_0216.uasset" 7091
"../../../Engine/Content/EngineMaterials/Substrate/Glints2/dict_0006_0218.uasset" 7092
"../../../Engine/Content/EngineMaterials/Substrate/Glints2/dict_0006_0217.uasset" 7093
"../../../Engine/Content/EngineMaterials/Substrate/Glints2/dict_0006_0219.uasset" 7094
"../../../Engine/Content/EngineMaterials/Substrate/Glints2/dict_0006_0214.uasset" 7095
"../../../Engine/Content/EngineMaterials/Substrate/Glints2/dict_0006_0211.uasset" 7096
"../../../Engine/Content/EngineMaterials/Substrate/Glints2/dict_0006_0209.uasset" 7097
"../../../Engine/Content/EngineMaterials/Substrate/Glints2/dict_0006_0213.uasset" 7098
"../../../Engine/Content/EngineMaterials/Substrate/Glints2/dict_0006_0215.uasset" 7099
"../../../Engine/Content/EngineMaterials/Substrate/Glints2/dict_0006_0208.uasset" 7100
"/Engine/EngineMaterials/Substrate/Glints2/dict_0006_0222" 7101
"../../../Engine/Content/EngineMaterials/Substrate/Glints2/dict_0006_0210.uasset" 7102
"../../../Engine/Content/EngineMaterials/Substrate/Glints2/dict_0006_0212.uasset" 7103
"../../../Engine/Content/EngineMaterials/Substrate/Glints2/dict_0006_0204.uasset" 7104
"../../../Engine/Content/EngineMaterials/Substrate/Glints2/dict_0006_0203.uasset" 7105
"/Engine/EngineMaterials/Substrate/Glints2/dict_0006_0213" 7106
"/Engine/EngineMaterials/Substrate/Glints2/dict_0006_0214" 7107
"../../../Engine/Content/EngineMaterials/Substrate/Glints2/dict_0006_0220.uasset" 7108
"../../../Engine/Content/EngineMaterials/Substrate/Glints2/dict_0006_0205.uasset" 7109
"/Engine/EngineMaterials/Substrate/Glints2/dict_0006_0215" 7110
"/Engine/EngineMaterials/Substrate/Glints2/dict_0006_0216" 7111
"../../../Engine/Content/EngineMaterials/Substrate/Glints2/dict_0006_0202.uasset" 7112
"/Engine/EngineMaterials/Substrate/Glints2/dict_0006_0217" 7113
"../../../Engine/Content/EngineMaterials/Substrate/Glints2/dict_0006_0207.uasset" 7114
"/Engine/EngineMaterials/Substrate/Glints2/dict_0006_0218" 7115
"/Engine/EngineMaterials/Substrate/Glints2/dict_0006_0219" 7116
"/Engine/EngineMaterials/Substrate/Glints2/dict_0006_0225" 7117
"/Engine/EngineMaterials/Substrate/Glints2/dict_0006_0208" 7118
"/Engine/EngineMaterials/Substrate/Glints2/dict_0006_0209" 7119
"/Engine/EngineMaterials/Substrate/Glints2/dict_0006_0211" 7120
"../../../Engine/Content/EngineMaterials/Substrate/Glints2/dict_0006_0206.uasset" 7121
"../../../Engine/Content/EngineMaterials/Substrate/Glints2/dict_0006_0200.uasset" 7122
"../../../Engine/Content/EngineMaterials/Substrate/Glints2/dict_0006_0201.uasset" 7123
"/Engine/EngineMaterials/Substrate/Glints2/dict_0006_0220" 7124
"../../../Engine/Content/EngineMaterials/Substrate/Glints2/dict_0006_0199.uasset" 7125
"/Engine/EngineMaterials/Substrate/Glints2/dict_0006_0212" 7126
"/Engine/EngineMaterials/Substrate/Glints2/dict_0006_0200" 7127
"../../../Engine/Content/EngineMaterials/Substrate/Glints2/dict_0006_0198.uasset" 7128
"/Engine/EngineMaterials/Substrate/Glints2/dict_0006_0201" 7129
"/Engine/EngineMaterials/Substrate/Glints2/dict_0006_0202" 7130
"/Engine/EngineMaterials/Substrate/Glints2/dict_0006_0203" 7131
"/Engine/EngineMaterials/Substrate/Glints2/dict_0006_0204" 7132
"/Engine/EngineMaterials/Substrate/Glints2/dict_0006_0205" 7133
"/Engine/EngineMaterials/Substrate/Glints2/dict_0006_0206" 7134
"../../../Engine/Content/EngineMaterials/Substrate/Glints2/dict_0006_0197.uasset" 7135
"/Engine/EngineMaterials/Substrate/Glints2/dict_0006_0207" 7136
"/Engine/EngineMaterials/Substrate/Glints2/dict_0006_0210" 7137
"/Engine/EngineMaterials/Substrate/Glints2/dict_0006_0197" 7138
"/Engine/EngineMaterials/Substrate/Glints2/dict_0006_0198" 7139
"/Engine/EngineMaterials/Substrate/Glints2/dict_0006_0199" 7140
"../../../Engine/Content/EngineMaterials/Substrate/Glints2/dict_0006_0190.uasset" 7141
"/Engine/EngineMaterials/Substrate/Glints2/dict_0006_0190" 7142
"../../../Engine/Content/EngineMaterials/Substrate/Glints2/dict_0006_0193.uasset" 7143
"/Engine/EngineMaterials/Substrate/Glints2/dict_0006_0193" 7144
"../../../Engine/Content/EngineMaterials/Substrate/Glints2/dict_0006_0194.uasset" 7145
"/Engine/EngineMaterials/Substrate/Glints2/dict_0006_0194" 7146
"../../../Engine/Content/EngineMaterials/Substrate/Glints2/dict_0006_0189.uasset" 7147
"../../../Engine/Content/EngineMaterials/Substrate/Glints2/dict_0006_0196.uasset" 7148
"../../../Engine/Content/EngineMaterials/Substrate/Glints2/dict_0006_0195.uasset" 7149
"../../../Engine/Content/EngineMaterials/Substrate/Glints2/dict_0006_0191.uasset" 7150
"../../../Engine/Content/EngineMaterials/Substrate/Glints2/dict_0006_0188.uasset" 7151
"../../../Engine/Content/EngineMaterials/Substrate/Glints2/dict_0006_0187.uasset" 7152
"../../../Engine/Content/EngineMaterials/Substrate/Glints2/dict_0006_0192.uasset" 7153
"../../../Engine/Content/EngineMaterials/Substrate/Glints2/dict_0006_0182.uasset" 7154
"../../../Engine/Content/EngineMaterials/Substrate/Glints2/dict_0006_0185.uasset" 7155
"../../../Engine/Content/EngineMaterials/Substrate/Glints2/dict_0006_0186.uasset" 7156
"../../../Engine/Content/EngineMaterials/Substrate/Glints2/dict_0006_0184.uasset" 7157
"../../../Engine/Content/EngineMaterials/Substrate/Glints2/dict_0006_0179.uasset" 7158
"../../../Engine/Content/EngineMaterials/Substrate/Glints2/dict_0006_0181.uasset" 7159
"../../../Engine/Content/EngineMaterials/Substrate/Glints2/dict_0006_0180.uasset" 7160
"/Engine/EngineMaterials/Substrate/Glints2/dict_0006_0196" 7161
"/Engine/EngineMaterials/Substrate/Glints2/dict_0006_0191" 7162
"/Engine/EngineMaterials/Substrate/Glints2/dict_0006_0179" 7163
"/Engine/EngineMaterials/Substrate/Glints2/dict_0006_0180" 7164
"/Engine/EngineMaterials/Substrate/Glints2/dict_0006_0181" 7165
"../../../Engine/Content/EngineMaterials/Substrate/Glints2/dict_0006_0183.uasset" 7166
"/Engine/EngineMaterials/Substrate/Glints2/dict_0006_0182" 7167
"/Engine/EngineMaterials/Substrate/Glints2/dict_0006_0184" 7168
"../../../Engine/Content/EngineMaterials/Substrate/Glints2/dict_0006_0178.uasset" 7169
"/Engine/EngineMaterials/Substrate/Glints2/dict_0006_0185" 7170
"../../../Engine/Content/EngineMaterials/Substrate/Glints2/dict_0006_0175.uasset" 7171
"/Engine/EngineMaterials/Substrate/Glints2/dict_0006_0192" 7172
"/Engine/EngineMaterials/Substrate/Glints2/dict_0006_0186" 7173
"../../../Engine/Content/EngineMaterials/Substrate/Glints2/dict_0006_0177.uasset" 7174
"/Engine/EngineMaterials/Substrate/Glints2/dict_0006_0187" 7175
"../../../Engine/Content/EngineMaterials/Substrate/Glints2/dict_0006_0176.uasset" 7176
"/Engine/EngineMaterials/Substrate/Glints2/dict_0006_0195" 7177
"/Engine/EngineMaterials/Substrate/Glints2/dict_0006_0188" 7178
"/Engine/EngineMaterials/Substrate/Glints2/dict_0006_0189" 7179
"/Engine/EngineMaterials/Substrate/Glints2/dict_0006_0183" 7180
"../../../Engine/Content/EngineMaterials/Substrate/Glints2/dict_0006_0173.uasset" 7181
"/Engine/EngineMaterials/Substrate/Glints2/dict_0006_0175" 7182
"/Engine/EngineMaterials/Substrate/Glints2/dict_0006_0176" 7183
"/Engine/EngineMaterials/Substrate/Glints2/dict_0006_0177" 7184
"../../../Engine/Content/EngineMaterials/Substrate/Glints2/dict_0006_0168.uasset" 7185
"/Engine/EngineMaterials/Substrate/Glints2/dict_0006_0178" 7186
"../../../Engine/Content/EngineMaterials/Substrate/Glints2/dict_0006_0174.uasset" 7187
"/Engine/EngineMaterials/Substrate/Glints2/dict_0006_0168" 7188
"../../../Engine/Content/EngineMaterials/Substrate/Glints2/dict_0006_0171.uasset" 7189
"/Engine/EngineMaterials/Substrate/Glints2/dict_0006_0173" 7190
"/Engine/EngineMaterials/Substrate/Glints2/dict_0006_0174" 7191
"../../../Engine/Content/EngineMaterials/Substrate/Glints2/dict_0006_0170.uasset" 7192
"../../../Engine/Content/EngineMaterials/Substrate/Glints2/dict_0006_0167.uasset" 7193
"../../../Engine/Content/EngineMaterials/Substrate/Glints2/dict_0006_0169.uasset" 7194
"/Engine/EngineMaterials/Substrate/Glints2/dict_0006_0169" 7195
"../../../Engine/Content/EngineMaterials/Substrate/Glints2/dict_0006_0166.uasset" 7196
"/Engine/EngineMaterials/Substrate/Glints2/dict_0006_0167" 7197
"/Engine/EngineMaterials/Substrate/Glints2/dict_0006_0170" 7198
"/Engine/EngineMaterials/Substrate/Glints2/dict_0006_0171" 7199
"/Engine/EngineMaterials/Substrate/Glints2/dict_0006_0166" 7200
"../../../Engine/Content/EngineMaterials/Substrate/Glints2/dict_0006_0164.uasset" 7201
"../../../Engine/Content/EngineMaterials/Substrate/Glints2/dict_0006_0165.uasset" 7202
"../../../Engine/Content/EngineMaterials/Substrate/Glints2/dict_0006_0162.uasset" 7203
"../../../Engine/Content/EngineMaterials/Substrate/Glints2/dict_0006_0161.uasset" 7204
"../../../Engine/Content/EngineMaterials/Substrate/Glints2/dict_0006_0163.uasset" 7205
"../../../Engine/Content/EngineMaterials/Substrate/Glints2/dict_0006_0172.uasset" 7206
"../../../Engine/Content/EngineMaterials/Substrate/Glints2/dict_0006_0158.uasset" 7207
"../../../Engine/Content/EngineMaterials/Substrate/Glints2/dict_0006_0159.uasset" 7208
"../../../Engine/Content/EngineMaterials/Substrate/Glints2/dict_0006_0160.uasset" 7209
"../../../Engine/Content/EngineMaterials/Substrate/Glints2/dict_0006_0157.uasset" 7210
"../../../Engine/Content/EngineMaterials/Substrate/Glints2/dict_0006_0156.uasset" 7211
"../../../Engine/Content/EngineMaterials/Substrate/Glints2/dict_0006_0155.uasset" 7212
"/Engine/EngineMaterials/Substrate/Glints2/dict_0006_0165" 7213
"../../../Engine/Content/EngineMaterials/Substrate/Glints2/dict_0006_0154.uasset" 7214
"/Engine/EngineMaterials/Substrate/Glints2/dict_0006_0163" 7215
"../../../Engine/Content/EngineMaterials/Substrate/Glints2/dict_0006_0151.uasset" 7216
"/Engine/EngineMaterials/Substrate/Glints2/dict_0006_0172" 7217
"../../../Engine/Content/EngineMaterials/Substrate/Glints2/dict_0006_0149.uasset" 7218
"/Engine/EngineMaterials/Substrate/Glints2/dict_0006_0156" 7219
"/Engine/EngineMaterials/Substrate/Glints2/dict_0006_0157" 7220
"/Engine/EngineMaterials/Substrate/Glints2/dict_0006_0158" 7221
"/Engine/EngineMaterials/Substrate/Glints2/dict_0006_0162" 7222
"../../../Engine/Content/EngineMaterials/Substrate/Glints2/dict_0006_0153.uasset" 7223
"/Engine/EngineMaterials/Substrate/Glints2/dict_0006_0159" 7224
"/Engine/EngineMaterials/Substrate/Glints2/dict_0006_0160" 7225
"/Engine/EngineMaterials/Substrate/Glints2/dict_0006_0161" 7226
"/Engine/EngineMaterials/Substrate/Glints2/dict_0006_0164" 7227
"/Engine/EngineMaterials/Substrate/Glints2/dict_0006_0149" 7228
"/Engine/EngineMaterials/Substrate/Glints2/dict_0006_0151" 7229
"/Engine/EngineMaterials/Substrate/Glints2/dict_0006_0153" 7230
"/Engine/EngineMaterials/Substrate/Glints2/dict_0006_0154" 7231
"../../../Engine/Content/EngineMaterials/Substrate/Glints2/dict_0006_0146.uasset" 7232
"/Engine/EngineMaterials/Substrate/Glints2/dict_0006_0155" 7233
"../../../Engine/Content/EngineMaterials/Substrate/Glints2/dict_0006_0148.uasset" 7234
"../../../Engine/Content/EngineMaterials/Substrate/Glints2/dict_0006_0150.uasset" 7235
"/Engine/EngineMaterials/Substrate/Glints2/dict_0006_0148" 7236
"/Engine/EngineMaterials/Substrate/Glints2/dict_0006_0150" 7237
"/Engine/EngineMaterials/Substrate/Glints2/dict_0006_0146" 7238
"../../../Engine/Content/EngineMaterials/Substrate/Glints2/dict_0006_0144.uasset" 7239
"../../../Engine/Content/EngineMaterials/Substrate/Glints2/dict_0006_0147.uasset" 7240
"../../../Engine/Content/EngineMaterials/Substrate/Glints2/dict_0006_0143.uasset" 7241
"../../../Engine/Content/EngineMaterials/Substrate/Glints2/dict_0006_0145.uasset" 7242
"../../../Engine/Content/EngineMaterials/Substrate/Glints2/dict_0006_0142.uasset" 7243
"../../../Engine/Content/EngineMaterials/Substrate/Glints2/dict_0006_0139.uasset" 7244
"../../../Engine/Content/EngineMaterials/Substrate/Glints2/dict_0006_0141.uasset" 7245
"../../../Engine/Content/EngineMaterials/Substrate/Glints2/dict_0006_0136.uasset" 7246
"../../../Engine/Content/EngineMaterials/Substrate/Glints2/dict_0006_0138.uasset" 7247
"/Engine/EngineMaterials/Substrate/Glints2/dict_0006_0136" 7248
"../../../Engine/Content/EngineMaterials/Substrate/Glints2/dict_0006_0152.uasset" 7249
"/Engine/EngineMaterials/Substrate/Glints2/dict_0006_0138" 7250
"../../../Engine/Content/EngineMaterials/Substrate/Glints2/dict_0006_0134.uasset" 7251
"/Engine/EngineMaterials/Substrate/Glints2/dict_0006_0139" 7252
"../../../Engine/Content/EngineMaterials/Substrate/Glints2/dict_0006_0133.uasset" 7253
"../../../Engine/Content/EngineMaterials/Substrate/Glints2/dict_0006_0137.uasset" 7254
"/Engine/EngineMaterials/Substrate/Glints2/dict_0006_0141" 7255
"../../../Engine/Content/EngineMaterials/Substrate/Glints2/dict_0006_0140.uasset" 7256
"/Engine/EngineMaterials/Substrate/Glints2/dict_0006_0143" 7257
"../../../Engine/Content/EngineMaterials/Substrate/Glints2/dict_0006_0132.uasset" 7258
"../../../Engine/Content/EngineMaterials/Substrate/Glints2/dict_0006_0131.uasset" 7259
"../../../Engine/Content/EngineMaterials/Substrate/Glints2/dict_0006_0135.uasset" 7260
"/Engine/EngineMaterials/Substrate/Glints2/dict_0006_0142" 7261
"/Engine/EngineMaterials/Substrate/Glints2/dict_0006_0144" 7262
"/Engine/EngineMaterials/Substrate/Glints2/dict_0006_0145" 7263
"../../../Engine/Content/EngineMaterials/Substrate/Glints2/dict_0006_0130.uasset" 7264
"/Engine/EngineMaterials/Substrate/Glints2/dict_0006_0147" 7265
"/Engine/EngineMaterials/Substrate/Glints2/dict_0006_0140" 7266
"/Engine/EngineMaterials/Substrate/Glints2/dict_0006_0135" 7267
"/Engine/EngineMaterials/Substrate/Glints2/dict_0006_0137" 7268
"../../../Engine/Content/EngineMaterials/Substrate/Glints2/dict_0006_0126.uasset" 7269
"/Engine/EngineMaterials/Substrate/Glints2/dict_0006_0152" 7270
"../../../Engine/Content/EngineMaterials/Substrate/Glints2/dict_0006_0124.uasset" 7271
"../../../Engine/Content/EngineMaterials/Substrate/Glints2/dict_0006_0129.uasset" 7272
"/Engine/EngineMaterials/Substrate/Glints2/dict_0006_0130" 7273
"../../../Engine/Content/EngineMaterials/Substrate/Glints2/dict_0006_0128.uasset" 7274
"../../../Engine/Content/EngineMaterials/Substrate/Glints2/dict_0006_0127.uasset" 7275
"../../../Engine/Content/EngineMaterials/Substrate/Glints2/dict_0006_0125.uasset" 7276
"/Engine/EngineMaterials/Substrate/Glints2/dict_0006_0131" 7277
"/Engine/EngineMaterials/Substrate/Glints2/dict_0006_0132" 7278
"/Engine/EngineMaterials/Substrate/Glints2/dict_0006_0133" 7279
"/Engine/EngineMaterials/Substrate/Glints2/dict_0006_0134" 7280
"/Engine/EngineMaterials/Substrate/Glints2/dict_0006_0124" 7281
"/Engine/EngineMaterials/Substrate/Glints2/dict_0006_0125" 7282
"/Engine/EngineMaterials/Substrate/Glints2/dict_0006_0126" 7283
"/Engine/EngineMaterials/Substrate/Glints2/dict_0006_0127" 7284
"/Engine/EngineMaterials/Substrate/Glints2/dict_0006_0128" 7285
"/Engine/EngineMaterials/Substrate/Glints2/dict_0006_0129" 7286
"../../../Engine/Content/EngineMaterials/Substrate/Glints2/dict_0006_0123.uasset" 7287
"/Engine/EngineMaterials/Substrate/Glints2/dict_0006_0123" 7288
"../../../Engine/Content/EngineMaterials/Substrate/Glints2/dict_0006_0120.uasset" 7289
"../../../Engine/Content/EngineMaterials/Substrate/Glints2/dict_0006_0122.uasset" 7290
"../../../Engine/Content/EngineMaterials/Substrate/Glints2/dict_0006_0121.uasset" 7291
"../../../Engine/Content/EngineMaterials/Substrate/Glints2/dict_0006_0117.uasset" 7292
"../../../Engine/Content/EngineMaterials/Substrate/Glints2/dict_0006_0115.uasset" 7293
"../../../Engine/Content/EngineMaterials/Substrate/Glints2/dict_0006_0119.uasset" 7294
"../../../Engine/Content/EngineMaterials/Substrate/Glints2/dict_0006_0110.uasset" 7295
"../../../Engine/Content/EngineMaterials/Substrate/Glints2/dict_0006_0111.uasset" 7296
"../../../Engine/Content/EngineMaterials/Substrate/Glints2/dict_0006_0114.uasset" 7297
"../../../Engine/Content/EngineMaterials/Substrate/Glints2/dict_0006_0116.uasset" 7298
"../../../Engine/Content/EngineMaterials/Substrate/Glints2/dict_0006_0118.uasset" 7299
"../../../Engine/Content/EngineMaterials/Substrate/Glints2/dict_0006_0113.uasset" 7300
"../../../Engine/Content/EngineMaterials/Substrate/Glints2/dict_0006_0108.uasset" 7301
"../../../Engine/Content/EngineMaterials/Substrate/Glints2/dict_0006_0106.uasset" 7302
"../../../Engine/Content/EngineMaterials/Substrate/Glints2/dict_0006_0112.uasset" 7303
"/Engine/EngineMaterials/Substrate/Glints2/dict_0006_0116" 7304
"../../../Engine/Content/EngineMaterials/Substrate/Glints2/dict_0006_0105.uasset" 7305
"/Engine/EngineMaterials/Substrate/Glints2/dict_0006_0119" 7306
"../../../Engine/Content/EngineMaterials/Substrate/Glints2/dict_0006_0107.uasset" 7307
"../../../Engine/Content/EngineMaterials/Substrate/Glints2/dict_0006_0109.uasset" 7308
"/Engine/EngineMaterials/Substrate/Glints2/dict_0006_0117" 7309
"/Engine/EngineMaterials/Substrate/Glints2/dict_0006_0108" 7310
"/Engine/EngineMaterials/Substrate/Glints2/dict_0006_0120" 7311
"/Engine/EngineMaterials/Substrate/Glints2/dict_0006_0121" 7312
"/Engine/EngineMaterials/Substrate/Glints2/dict_0006_0110" 7313
"../../../Engine/Content/EngineMaterials/Substrate/Glints2/dict_0006_0100.uasset" 7314
"/Engine/EngineMaterials/Substrate/Glints2/dict_0006_0111" 7315
"../../../Engine/Content/EngineMaterials/Substrate/Glints2/dict_0006_0097.uasset" 7316
"/Engine/EngineMaterials/Substrate/Glints2/dict_0006_0122" 7317
"../../../Engine/Content/EngineMaterials/Substrate/Glints2/dict_0006_0101.uasset" 7318
"/Engine/EngineMaterials/Substrate/Glints2/dict_0006_0113" 7319
"/Engine/EngineMaterials/Substrate/Glints2/dict_0006_0114" 7320
"/Engine/EngineMaterials/Substrate/Glints2/dict_0006_0118" 7321
"../../../Engine/Content/EngineMaterials/Substrate/Glints2/dict_0006_0098.uasset" 7322
"/Engine/EngineMaterials/Substrate/Glints2/dict_0006_0115" 7323
"/Engine/EngineMaterials/Substrate/Glints2/dict_0006_0106" 7324
"../../../Engine/Content/EngineMaterials/Substrate/Glints2/dict_0006_0102.uasset" 7325
"../../../Engine/Content/EngineMaterials/Substrate/Glints2/dict_0006_0099.uasset" 7326
"/Engine/EngineMaterials/Substrate/Glints2/dict_0006_0098" 7327
"../../../Engine/Content/EngineMaterials/Substrate/Glints2/dict_0006_0096.uasset" 7328
"/Engine/EngineMaterials/Substrate/Glints2/dict_0006_0107" 7329
"/Engine/EngineMaterials/Substrate/Glints2/dict_0006_0099" 7330
"/Engine/EngineMaterials/Substrate/Glints2/dict_0006_0100" 7331
"../../../Engine/Content/EngineMaterials/Substrate/Glints2/dict_0006_0104.uasset" 7332
"/Engine/EngineMaterials/Substrate/Glints2/dict_0006_0109" 7333
"/Engine/EngineMaterials/Substrate/Glints2/dict_0006_0101" 7334
"/Engine/EngineMaterials/Substrate/Glints2/dict_0006_0097" 7335
"/Engine/EngineMaterials/Substrate/Glints2/dict_0006_0102" 7336
"/Engine/EngineMaterials/Substrate/Glints2/dict_0006_0112" 7337
"/Engine/EngineMaterials/Substrate/Glints2/dict_0006_0105" 7338
"../../../Engine/Content/EngineMaterials/Substrate/Glints2/dict_0006_0094.uasset" 7339
"../../../Engine/Content/EngineMaterials/Substrate/Glints2/dict_0006_0093.uasset" 7340
"../../../Engine/Content/EngineMaterials/Substrate/Glints2/dict_0006_0095.uasset" 7341
"/Engine/EngineMaterials/Substrate/Glints2/dict_0006_0093" 7342
"/Engine/EngineMaterials/Substrate/Glints2/dict_0006_0094" 7343
"/Engine/EngineMaterials/Substrate/Glints2/dict_0006_0095" 7344
"/Engine/EngineMaterials/Substrate/Glints2/dict_0006_0096" 7345
"../../../Engine/Content/EngineMaterials/Substrate/Glints2/dict_0006_0087.uasset" 7346
"../../../Engine/Content/EngineMaterials/Substrate/Glints2/dict_0006_0086.uasset" 7347
"../../../Engine/Content/EngineMaterials/Substrate/Glints2/dict_0006_0091.uasset" 7348
"/Engine/EngineMaterials/Substrate/Glints2/dict_0006_0104" 7349
"../../../Engine/Content/EngineMaterials/Substrate/Glints2/dict_0006_0085.uasset" 7350
"/Engine/EngineMaterials/Substrate/Glints2/dict_0006_0085" 7351
"../../../Engine/Content/EngineMaterials/Substrate/Glints2/dict_0006_0088.uasset" 7352
"/Engine/EngineMaterials/Substrate/Glints2/dict_0006_0091" 7353
"../../../Engine/Content/EngineMaterials/Substrate/Glints2/dict_0006_0092.uasset" 7354
"../../../Engine/Content/EngineMaterials/Substrate/Glints2/dict_0006_0089.uasset" 7355
"/Engine/EngineMaterials/Substrate/Glints2/dict_0006_0086" 7356
"/Engine/EngineMaterials/Substrate/Glints2/dict_0006_0087" 7357
"/Engine/EngineMaterials/Substrate/Glints2/dict_0006_0092" 7358
"../../../Engine/Content/EngineMaterials/Substrate/Glints2/dict_0006_0084.uasset" 7359
"/Engine/EngineMaterials/Substrate/Glints2/dict_0006_0088" 7360
"../../../Engine/Content/EngineMaterials/Substrate/Glints2/dict_0006_0083.uasset" 7361
"../../../Engine/Content/EngineMaterials/Substrate/Glints2/dict_0006_0082.uasset" 7362
"../../../Engine/Content/EngineMaterials/Substrate/Glints2/dict_0006_0081.uasset" 7363
"/Engine/EngineMaterials/Substrate/Glints2/dict_0006_0089" 7364
"/Engine/EngineMaterials/Substrate/Glints2/dict_0006_0081" 7365
"/Engine/EngineMaterials/Substrate/Glints2/dict_0006_0082" 7366
"/Engine/EngineMaterials/Substrate/Glints2/dict_0006_0083" 7367
"/Engine/EngineMaterials/Substrate/Glints2/dict_0006_0084" 7368
"../../../Engine/Content/EngineMaterials/Substrate/Glints2/dict_0006_0077.uasset" 7369
"../../../Engine/Content/EngineMaterials/Substrate/Glints2/dict_0006_0080.uasset" 7370
"../../../Engine/Content/EngineMaterials/Substrate/Glints2/dict_0006_0090.uasset" 7371
"../../../Engine/Content/EngineMaterials/Substrate/Glints2/dict_0006_0079.uasset" 7372
"../../../Engine/Content/EngineMaterials/Substrate/Glints2/dict_0006_0076.uasset" 7373
"../../../Engine/Content/EngineMaterials/Substrate/Glints2/dict_0006_0074.uasset" 7374
"../../../Engine/Content/EngineMaterials/Substrate/Glints2/dict_0006_0078.uasset" 7375
"../../../Engine/Content/EngineMaterials/Substrate/Glints2/dict_0006_0075.uasset" 7376
"../../../Engine/Content/EngineMaterials/Substrate/Glints2/dict_0006_0069.uasset" 7377
"../../../Engine/Content/EngineMaterials/Substrate/Glints2/dict_0006_0072.uasset" 7378
"../../../Engine/Content/EngineMaterials/Substrate/Glints2/dict_0006_0071.uasset" 7379
"../../../Engine/Content/EngineMaterials/Substrate/Glints2/dict_0006_0068.uasset" 7380
"../../../Engine/Content/EngineMaterials/Substrate/Glints2/dict_0006_0073.uasset" 7381
"/Engine/EngineMaterials/Substrate/Glints2/dict_0006_0077" 7382
"../../../Engine/Content/EngineMaterials/Substrate/Glints2/dict_0006_0066.uasset" 7383
"../../../Engine/Content/EngineMaterials/Substrate/Glints2/dict_0006_0070.uasset" 7384
"/Engine/EngineMaterials/Substrate/Glints2/dict_0006_0068" 7385
"../../../Engine/Content/EngineMaterials/Substrate/Glints2/dict_0006_0065.uasset" 7386
"../../../Engine/Content/EngineMaterials/Substrate/Glints2/dict_0006_0062.uasset" 7387
"../../../Engine/Content/EngineMaterials/Substrate/Glints2/dict_0006_0064.uasset" 7388
"/Engine/EngineMaterials/Substrate/Glints2/dict_0006_0078" 7389
"../../../Engine/Content/EngineMaterials/Substrate/Glints2/dict_0006_0063.uasset" 7390
"/Engine/EngineMaterials/Substrate/Glints2/dict_0006_0079" 7391
"../../../Engine/Content/EngineMaterials/Substrate/Glints2/dict_0006_0067.uasset" 7392
"/Engine/EngineMaterials/Substrate/Glints2/dict_0006_0069" 7393
"/Engine/EngineMaterials/Substrate/Glints2/dict_0006_0080" 7394
"/Engine/EngineMaterials/Substrate/Glints2/dict_0006_0071" 7395
"/Engine/EngineMaterials/Substrate/Glints2/dict_0006_0072" 7396
"../../../Engine/Content/EngineMaterials/Substrate/Glints2/dict_0006_0103.uasset" 7397
"/Engine/EngineMaterials/Substrate/Glints2/dict_0006_0073" 7398
"/Engine/EngineMaterials/Substrate/Glints2/dict_0006_0074" 7399
"/Engine/EngineMaterials/Substrate/Glints2/dict_0006_0075" 7400
"/Engine/EngineMaterials/Substrate/Glints2/dict_0006_0076" 7401
"/Engine/EngineMaterials/Substrate/Glints2/dict_0006_0090" 7402
"/Engine/EngineMaterials/Substrate/Glints2/dict_0006_0067" 7403
"/Engine/EngineMaterials/Substrate/Glints2/dict_0006_0070" 7404
"/Engine/EngineMaterials/Substrate/Glints2/dict_0006_0062" 7405
"../../../Engine/Content/EngineMaterials/Substrate/Glints2/dict_0006_0059.uasset" 7406
"../../../Engine/Content/EngineMaterials/Substrate/Glints2/dict_0006_0058.uasset" 7407
"../../../Engine/Content/EngineMaterials/Substrate/Glints2/dict_0006_0061.uasset" 7408
"/Engine/EngineMaterials/Substrate/Glints2/dict_0006_0063" 7409
"../../../Engine/Content/EngineMaterials/Substrate/Glints2/dict_0006_0057.uasset" 7410
"/Engine/EngineMaterials/Substrate/Glints2/dict_0006_0064" 7411
"/Engine/EngineMaterials/Substrate/Glints2/dict_0006_0065" 7412
"/Engine/EngineMaterials/Substrate/Glints2/dict_0006_0103" 7413
"/Engine/EngineMaterials/Substrate/Glints2/dict_0006_0066" 7414
"/Engine/EngineMaterials/Substrate/Glints2/dict_0006_0058" 7415
"/Engine/EngineMaterials/Substrate/Glints2/dict_0006_0059" 7416
"../../../Engine/Content/EngineMaterials/Substrate/Glints2/dict_0006_0056.uasset" 7417
"/Engine/EngineMaterials/Substrate/Glints2/dict_0006_0061" 7418
"/Engine/EngineMaterials/Substrate/Glints2/dict_0006_0057" 7419
"../../../Engine/Content/EngineMaterials/Substrate/Glints2/dict_0006_0060.uasset" 7420
"/Engine/EngineMaterials/Substrate/Glints2/dict_0006_0060" 7421
"/Engine/EngineMaterials/Substrate/Glints2/dict_0006_0056" 7422
"../../../Engine/Content/EngineMaterials/Substrate/Glints2/dict_0006_0055.uasset" 7423
"../../../Engine/Content/EngineMaterials/Substrate/Glints2/dict_0006_0052.uasset" 7424
"../../../Engine/Content/EngineMaterials/Substrate/Glints2/dict_0006_0049.uasset" 7425
"../../../Engine/Content/EngineMaterials/Substrate/Glints2/dict_0006_0051.uasset" 7426
"../../../Engine/Content/EngineMaterials/Substrate/Glints2/dict_0006_0054.uasset" 7427
"../../../Engine/Content/EngineMaterials/Substrate/Glints2/dict_0006_0048.uasset" 7428
"../../../Engine/Content/EngineMaterials/Substrate/Glints2/dict_0006_0050.uasset" 7429
"../../../Engine/Content/EngineMaterials/Substrate/Glints2/dict_0006_0045.uasset" 7430
"../../../Engine/Content/EngineMaterials/Substrate/Glints2/dict_0006_0044.uasset" 7431
"../../../Engine/Content/EngineMaterials/Substrate/Glints2/dict_0006_0046.uasset" 7432
"../../../Engine/Content/EngineMaterials/Substrate/Glints2/dict_0006_0047.uasset" 7433
"/Engine/EngineMaterials/Substrate/Glints2/dict_0006_0055" 7434
"/Engine/EngineMaterials/Substrate/Glints2/dict_0006_0044" 7435
"/Engine/EngineMaterials/Substrate/Glints2/dict_0006_0051" 7436
"../../../Engine/Content/EngineMaterials/Substrate/Glints2/dict_0006_0038.uasset" 7437
"/Engine/EngineMaterials/Substrate/Glints2/dict_0006_0045" 7438
"/Engine/EngineMaterials/Substrate/Glints2/dict_0006_0052" 7439
"/Engine/EngineMaterials/Substrate/Glints2/dict_0006_0054" 7440
"../../../Engine/Content/EngineMaterials/Substrate/Glints2/dict_0006_0039.uasset" 7441
"/Engine/EngineMaterials/Substrate/Glints2/dict_0006_0046" 7442
"/Engine/EngineMaterials/Substrate/Glints2/dict_0006_0047" 7443
"../../../Engine/Content/EngineMaterials/Substrate/Glints2/dict_0006_0040.uasset" 7444
"/Engine/EngineMaterials/Substrate/Glints2/dict_0006_0048" 7445
"../../../Engine/Content/EngineMaterials/Substrate/Glints2/dict_0006_0036.uasset" 7446
"/Engine/EngineMaterials/Substrate/Glints2/dict_0006_0049" 7447
"/Engine/EngineMaterials/Substrate/Glints2/dict_0006_0050" 7448
"/Engine/EngineMaterials/Substrate/Glints2/dict_0006_0038" 7449
"/Engine/EngineMaterials/Substrate/Glints2/dict_0006_0039" 7450
"/Engine/EngineMaterials/Substrate/Glints2/dict_0006_0040" 7451
"/Engine/EngineMaterials/Substrate/Glints2/dict_0006_0036" 7452
"../../../Engine/Content/EngineMaterials/Substrate/Glints2/dict_0006_0042.uasset" 7453
"../../../Engine/Content/EngineMaterials/Substrate/Glints2/dict_0006_0034.uasset" 7454
"../../../Engine/Content/EngineMaterials/Substrate/Glints2/dict_0006_0043.uasset" 7455
"../../../Engine/Content/EngineMaterials/Substrate/Glints2/dict_0006_0035.uasset" 7456
"../../../Engine/Content/EngineMaterials/Substrate/Glints2/dict_0006_0037.uasset" 7457
"../../../Engine/Content/EngineMaterials/Substrate/Glints2/dict_0006_0033.uasset" 7458
"../../../Engine/Content/EngineMaterials/Substrate/Glints2/dict_0006_0032.uasset" 7459
"../../../Engine/Content/EngineMaterials/Substrate/Glints2/dict_0006_0041.uasset" 7460
"../../../Engine/Content/EngineMaterials/Substrate/Glints2/dict_0006_0029.uasset" 7461
"../../../Engine/Content/EngineMaterials/Substrate/Glints2/dict_0006_0030.uasset" 7462
"/Engine/EngineMaterials/Substrate/Glints2/dict_0006_0030" 7463
"/Engine/EngineMaterials/Substrate/Glints2/dict_0006_0041" 7464
"../../../Engine/Content/EngineMaterials/Substrate/Glints2/dict_0006_0026.uasset" 7465
"/Engine/EngineMaterials/Substrate/Glints2/dict_0006_0042" 7466
"/Engine/EngineMaterials/Substrate/Glints2/dict_0006_0043" 7467
"/Engine/EngineMaterials/Substrate/Glints2/dict_0006_0032" 7468
"../../../Engine/Content/EngineMaterials/Substrate/Glints2/dict_0006_0028.uasset" 7469
"../../../Engine/Content/EngineMaterials/Substrate/Glints2/dict_0006_0025.uasset" 7470
"/Engine/EngineMaterials/Substrate/Glints2/dict_0006_0033" 7471
"../../../Engine/Content/EngineMaterials/Substrate/Glints2/dict_0006_0023.uasset" 7472
"/Engine/EngineMaterials/Substrate/Glints2/dict_0006_0034" 7473
"/Engine/EngineMaterials/Substrate/Glints2/dict_0006_0035" 7474
"../../../Engine/Content/EngineMaterials/Substrate/Glints2/dict_0006_0024.uasset" 7475
"/Engine/EngineMaterials/Substrate/Glints2/dict_0006_0037" 7476
"/Engine/EngineMaterials/Substrate/Glints2/dict_0006_0029" 7477
"../../../Engine/Content/EngineMaterials/Substrate/Glints2/dict_0006_0031.uasset" 7478
"/Engine/EngineMaterials/Substrate/Glints2/dict_0006_0031" 7479
"/Engine/EngineMaterials/Substrate/Glints2/dict_0006_0026" 7480
"../../../Engine/Content/EngineMaterials/Substrate/Glints2/dict_0006_0027.uasset" 7481
"/Engine/EngineMaterials/Substrate/Glints2/dict_0006_0024" 7482
"/Engine/EngineMaterials/Substrate/Glints2/dict_0006_0028" 7483
"/Engine/EngineMaterials/Substrate/Glints2/dict_0006_0025" 7484
"/Engine/EngineMaterials/Substrate/Glints2/dict_0006_0023" 7485
"/Engine/EngineMaterials/Substrate/Glints2/dict_0006_0027" 7486
"../../../Engine/Content/EngineMaterials/Substrate/Glints2/dict_0006_0020.uasset" 7487
"/Engine/EngineMaterials/Substrate/Glints2/dict_0006_0020" 7488
"../../../Engine/Content/EngineMaterials/Substrate/Glints2/dict_0006_0018.uasset" 7489
"../../../Engine/Content/EngineMaterials/Substrate/Glints2/dict_0006_0021.uasset" 7490
"../../../Engine/Content/EngineMaterials/Substrate/Glints2/dict_0006_0019.uasset" 7491
"../../../Engine/Content/EngineMaterials/Substrate/Glints2/dict_0006_0022.uasset" 7492
"../../../Engine/Content/EngineMaterials/Substrate/Glints2/dict_0006_0014.uasset" 7493
"../../../Engine/Content/EngineMaterials/Substrate/Glints2/dict_0006_0053.uasset" 7494
"../../../Engine/Content/EngineMaterials/Substrate/Glints2/dict_0006_0015.uasset" 7495
"../../../Engine/Content/EngineMaterials/Substrate/Glints2/dict_0006_0017.uasset" 7496
"../../../Engine/Content/EngineMaterials/Substrate/Glints2/dict_0006_0016.uasset" 7497
"../../../Engine/Content/EngineMaterials/Substrate/Glints2/dict_0006_0011.uasset" 7498
"../../../Engine/Content/EngineMaterials/Substrate/Glints2/dict_0006_0010.uasset" 7499
"../../../Engine/Content/EngineMaterials/Substrate/Glints2/dict_0006_0009.uasset" 7500
"../../../Engine/Content/EngineMaterials/Substrate/Glints2/dict_0006_0012.uasset" 7501
"/Engine/EngineMaterials/Substrate/Glints2/dict_0006_0009" 7502
"../../../Engine/Content/EngineMaterials/Substrate/Glints2/dict_0006_0013.uasset" 7503
"/Engine/EngineMaterials/Substrate/Glints2/dict_0006_0010" 7504
"/Engine/EngineMaterials/Substrate/Glints2/dict_0006_0011" 7505
"/Engine/EngineMaterials/Substrate/Glints2/dict_0006_0014" 7506
"/Engine/EngineMaterials/Substrate/Glints2/dict_0006_0015" 7507
"/Engine/EngineMaterials/Substrate/Glints2/dict_0006_0016" 7508
"../../../Engine/Content/EngineMaterials/Substrate/Glints2/dict_0006_0007.uasset" 7509
"/Engine/EngineMaterials/Substrate/Glints2/dict_0006_0017" 7510
"../../../Engine/Content/EngineMaterials/Substrate/Glints2/dict_0006_0002.uasset" 7511
"../../../Engine/Content/EngineMaterials/Substrate/Glints2/dict_0006_0005.uasset" 7512
"/Engine/EngineMaterials/Substrate/Glints2/dict_0006_0053" 7513
"/Engine/EngineMaterials/Substrate/Glints2/dict_0006_0018" 7514
"/Engine/EngineMaterials/Substrate/Glints2/dict_0006_0019" 7515
"/Engine/EngineMaterials/Substrate/Glints2/dict_0006_0021" 7516
"/Engine/EngineMaterials/Substrate/Glints2/dict_0006_0022" 7517
"/Engine/EngineMaterials/Substrate/Glints2/dict_0006_0013" 7518
"/Engine/EngineMaterials/Substrate/Glints2/dict_0006_0002" 7519
"../../../Engine/Content/EngineMaterials/Substrate/Glints2/dict_0006_0004.uasset" 7520
"../../../Engine/Content/EngineMaterials/Substrate/Glints2/dict_0005_0254.uasset" 7521
"../../../Engine/Content/EngineMaterials/Substrate/Glints2/dict_0006_0001.uasset" 7522
"../../../Engine/Content/EngineMaterials/Substrate/Glints2/dict_0006_0003.uasset" 7523
"/Engine/EngineMaterials/Substrate/Glints2/dict_0006_0005" 7524
"../../../Engine/Content/EngineMaterials/Substrate/Glints2/dict_0006_0006.uasset" 7525
"/Engine/EngineMaterials/Substrate/Glints2/dict_0006_0012" 7526
"../../../Engine/Content/EngineMaterials/Substrate/Glints2/dict_0005_0253.uasset" 7527
"../../../Engine/Content/EngineMaterials/Substrate/Glints2/dict_0005_0251.uasset" 7528
"../../../Engine/Content/EngineMaterials/Substrate/Glints2/dict_0006_0000.uasset" 7529
"/Engine/EngineMaterials/Substrate/Glints2/dict_0006_0007" 7530
"/Engine/EngineMaterials/Substrate/Glints2/dict_0006_0000" 7531
"/Engine/EngineMaterials/Substrate/Glints2/dict_0006_0001" 7532
"/Engine/EngineMaterials/Substrate/Glints2/dict_0006_0003" 7533
"/Engine/EngineMaterials/Substrate/Glints2/dict_0006_0004" 7534
"/Engine/EngineMaterials/Substrate/Glints2/dict_0006_0006" 7535
"/Engine/EngineMaterials/Substrate/Glints2/dict_0005_0251" 7536
"/Engine/EngineMaterials/Substrate/Glints2/dict_0005_0253" 7537
"/Engine/EngineMaterials/Substrate/Glints2/dict_0005_0254" 7538
"../../../Engine/Content/EngineMaterials/Substrate/Glints2/dict_0005_0248.uasset" 7539
"../../../Engine/Content/EngineMaterials/Substrate/Glints2/dict_0005_0255.uasset" 7540
"/Engine/EngineMaterials/Substrate/Glints2/dict_0005_0248" 7541
"../../../Engine/Content/EngineMaterials/Substrate/Glints2/dict_0005_0250.uasset" 7542
"/Engine/EngineMaterials/Substrate/Glints2/dict_0005_0255" 7543
"../../../Engine/Content/EngineMaterials/Substrate/Glints2/dict_0005_0249.uasset" 7544
"/Engine/EngineMaterials/Substrate/Glints2/dict_0005_0250" 7545
"/Engine/EngineMaterials/Substrate/Glints2/dict_0005_0249" 7546
"../../../Engine/Content/EngineMaterials/Substrate/Glints2/dict_0005_0245.uasset" 7547
"../../../Engine/Content/EngineMaterials/Substrate/Glints2/dict_0005_0252.uasset" 7548
"../../../Engine/Content/EngineMaterials/Substrate/Glints2/dict_0005_0247.uasset" 7549
"../../../Engine/Content/EngineMaterials/Substrate/Glints2/dict_0005_0246.uasset" 7550
"../../../Engine/Content/EngineMaterials/Substrate/Glints2/dict_0005_0241.uasset" 7551
"../../../Engine/Content/EngineMaterials/Substrate/Glints2/dict_0005_0242.uasset" 7552
"../../../Engine/Content/EngineMaterials/Substrate/Glints2/dict_0005_0239.uasset" 7553
"../../../Engine/Content/EngineMaterials/Substrate/Glints2/dict_0005_0244.uasset" 7554
"../../../Engine/Content/EngineMaterials/Substrate/Glints2/dict_0005_0243.uasset" 7555
"../../../Engine/Content/EngineMaterials/Substrate/Glints2/dict_0005_0240.uasset" 7556
"/Engine/EngineMaterials/Substrate/Glints2/dict_0005_0239" 7557
"/Engine/EngineMaterials/Substrate/Glints2/dict_0005_0241" 7558
"/Engine/EngineMaterials/Substrate/Glints2/dict_0005_0242" 7559
"/Engine/EngineMaterials/Substrate/Glints2/dict_0005_0243" 7560
"/Engine/EngineMaterials/Substrate/Glints2/dict_0005_0244" 7561
"/Engine/EngineMaterials/Substrate/Glints2/dict_0005_0247" 7562
"../../../Engine/Content/EngineMaterials/Substrate/Glints2/dict_0005_0232.uasset" 7563
"/Engine/EngineMaterials/Substrate/Glints2/dict_0005_0245" 7564
"../../../Engine/Content/EngineMaterials/Substrate/Glints2/dict_0005_0238.uasset" 7565
"/Engine/EngineMaterials/Substrate/Glints2/dict_0005_0252" 7566
"/Engine/EngineMaterials/Substrate/Glints2/dict_0005_0246" 7567
"../../../Engine/Content/EngineMaterials/Substrate/Glints2/dict_0005_0233.uasset" 7568
"/Engine/EngineMaterials/Substrate/Glints2/dict_0005_0238" 7569
"../../../Engine/Content/EngineMaterials/Substrate/Glints2/dict_0005_0236.uasset" 7570
"/Engine/EngineMaterials/Substrate/Glints2/dict_0005_0240" 7571
"/Engine/EngineMaterials/Substrate/Glints2/dict_0005_0232" 7572
"/Engine/EngineMaterials/Substrate/Glints2/dict_0005_0233" 7573
"/Engine/EngineMaterials/Substrate/Glints2/dict_0005_0236" 7574
"../../../Engine/Content/EngineMaterials/Substrate/Glints2/dict_0005_0235.uasset" 7575
"../../../Engine/Content/EngineMaterials/Substrate/Glints2/dict_0005_0237.uasset" 7576
"/Engine/EngineMaterials/Substrate/Glints2/dict_0005_0235" 7577
"/Engine/EngineMaterials/Substrate/Glints2/dict_0005_0237" 7578
"../../../Engine/Content/EngineMaterials/Substrate/Glints2/dict_0005_0231.uasset" 7579
"../../../Engine/Content/EngineMaterials/Substrate/Glints2/dict_0005_0229.uasset" 7580
"../../../Engine/Content/EngineMaterials/Substrate/Glints2/dict_0005_0230.uasset" 7581
"../../../Engine/Content/EngineMaterials/Substrate/Glints2/dict_0005_0226.uasset" 7582
"../../../Engine/Content/EngineMaterials/Substrate/Glints2/dict_0005_0224.uasset" 7583
"../../../Engine/Content/EngineMaterials/Substrate/Glints2/dict_0005_0228.uasset" 7584
"../../../Engine/Content/EngineMaterials/Substrate/Glints2/dict_0005_0223.uasset" 7585
"../../../Engine/Content/EngineMaterials/Substrate/Glints2/dict_0005_0225.uasset" 7586
"../../../Engine/Content/EngineMaterials/Substrate/Glints2/dict_0005_0221.uasset" 7587
"../../../Engine/Content/EngineMaterials/Substrate/Glints2/dict_0005_0222.uasset" 7588
"../../../Engine/Content/EngineMaterials/Substrate/Glints2/dict_0005_0234.uasset" 7589
"/Engine/EngineMaterials/Substrate/Glints2/dict_0005_0230" 7590
"../../../Engine/Content/EngineMaterials/Substrate/Glints2/dict_0005_0220.uasset" 7591
"../../../Engine/Content/EngineMaterials/Substrate/Glints2/dict_0005_0219.uasset" 7592
"/Engine/EngineMaterials/Substrate/Glints2/dict_0005_0222" 7593
"/Engine/EngineMaterials/Substrate/Glints2/dict_0005_0223" 7594
"/Engine/EngineMaterials/Substrate/Glints2/dict_0005_0231" 7595
"/Engine/EngineMaterials/Substrate/Glints2/dict_0005_0224" 7596
"/Engine/EngineMaterials/Substrate/Glints2/dict_0005_0225" 7597
"../../../Engine/Content/EngineMaterials/Substrate/Glints2/dict_0005_0217.uasset" 7598
"/Engine/EngineMaterials/Substrate/Glints2/dict_0005_0221" 7599
"../../../Engine/Content/EngineMaterials/Substrate/Glints2/dict_0005_0218.uasset" 7600
"/Engine/EngineMaterials/Substrate/Glints2/dict_0005_0226" 7601
"/Engine/EngineMaterials/Substrate/Glints2/dict_0005_0228" 7602
"/Engine/EngineMaterials/Substrate/Glints2/dict_0005_0229" 7603
"/Engine/EngineMaterials/Substrate/Glints2/dict_0005_0220" 7604
"/Engine/EngineMaterials/Substrate/Glints2/dict_0005_0218" 7605
"/Engine/EngineMaterials/Substrate/Glints2/dict_0005_0219" 7606
"/Engine/EngineMaterials/Substrate/Glints2/dict_0005_0234" 7607
"/Engine/EngineMaterials/Substrate/Glints2/dict_0005_0217" 7608
"../../../Engine/Content/EngineMaterials/Substrate/Glints2/dict_0005_0213.uasset" 7609
"/Engine/EngineMaterials/Substrate/Glints2/dict_0005_0213" 7610
"../../../Engine/Content/EngineMaterials/Substrate/Glints2/dict_0005_0214.uasset" 7611
"../../../Engine/Content/EngineMaterials/Substrate/Glints2/dict_0005_0215.uasset" 7612
"../../../Engine/Content/EngineMaterials/Substrate/Glints2/dict_0005_0216.uasset" 7613
"../../../Engine/Content/EngineMaterials/Substrate/Glints2/dict_0005_0212.uasset" 7614
"../../../Engine/Content/EngineMaterials/Substrate/Glints2/dict_0006_0008.uasset" 7615
"../../../Engine/Content/EngineMaterials/Substrate/Glints2/dict_0005_0211.uasset" 7616
"../../../Engine/Content/EngineMaterials/Substrate/Glints2/dict_0005_0208.uasset" 7617
"../../../Engine/Content/EngineMaterials/Substrate/Glints2/dict_0005_0205.uasset" 7618
"../../../Engine/Content/EngineMaterials/Substrate/Glints2/dict_0005_0227.uasset" 7619
"../../../Engine/Content/EngineMaterials/Substrate/Glints2/dict_0005_0210.uasset" 7620
"../../../Engine/Content/EngineMaterials/Substrate/Glints2/dict_0005_0206.uasset" 7621
"../../../Engine/Content/EngineMaterials/Substrate/Glints2/dict_0005_0209.uasset" 7622
"../../../Engine/Content/EngineMaterials/Substrate/Glints2/dict_0005_0207.uasset" 7623
"../../../Engine/Content/EngineMaterials/Substrate/Glints2/dict_0005_0202.uasset" 7624
"/Engine/EngineMaterials/Substrate/Glints2/dict_0005_0205" 7625
"/Engine/EngineMaterials/Substrate/Glints2/dict_0005_0209" 7626
"/Engine/EngineMaterials/Substrate/Glints2/dict_0005_0206" 7627
"/Engine/EngineMaterials/Substrate/Glints2/dict_0005_0210" 7628
"/Engine/EngineMaterials/Substrate/Glints2/dict_0005_0211" 7629
"../../../Engine/Content/EngineMaterials/Substrate/Glints2/dict_0005_0203.uasset" 7630
"../../../Engine/Content/EngineMaterials/Substrate/Glints2/dict_0005_0199.uasset" 7631
"/Engine/EngineMaterials/Substrate/Glints2/dict_0005_0212" 7632
"/Engine/EngineMaterials/Substrate/Glints2/dict_0005_0207" 7633
"/Engine/EngineMaterials/Substrate/Glints2/dict_0005_0214" 7634
"/Engine/EngineMaterials/Substrate/Glints2/dict_0005_0208" 7635
"/Engine/EngineMaterials/Substrate/Glints2/dict_0005_0215" 7636
"/Engine/EngineMaterials/Substrate/Glints2/dict_0005_0227" 7637
"/Engine/EngineMaterials/Substrate/Glints2/dict_0005_0216" 7638
"/Engine/EngineMaterials/Substrate/Glints2/dict_0006_0008" 7639
"../../../Engine/Content/EngineMaterials/Substrate/Glints2/dict_0005_0197.uasset" 7640
"/Engine/EngineMaterials/Substrate/Glints2/dict_0005_0202" 7641
"/Engine/EngineMaterials/Substrate/Glints2/dict_0005_0203" 7642
"../../../Engine/Content/EngineMaterials/Substrate/Glints2/dict_0005_0195.uasset" 7643
"/Engine/EngineMaterials/Substrate/Glints2/dict_0005_0197" 7644
"../../../Engine/Content/EngineMaterials/Substrate/Glints2/dict_0005_0198.uasset" 7645
"/Engine/EngineMaterials/Substrate/Glints2/dict_0005_0199" 7646
"../../../Engine/Content/EngineMaterials/Substrate/Glints2/dict_0005_0200.uasset" 7647
"/Engine/EngineMaterials/Substrate/Glints2/dict_0005_0195" 7648
"../../../Engine/Content/EngineMaterials/Substrate/Glints2/dict_0005_0201.uasset" 7649
"/Engine/EngineMaterials/Substrate/Glints2/dict_0005_0198" 7650
"/Engine/EngineMaterials/Substrate/Glints2/dict_0005_0200" 7651
"/Engine/EngineMaterials/Substrate/Glints2/dict_0005_0201" 7652
"../../../Engine/Content/EngineMaterials/Substrate/Glints2/dict_0005_0193.uasset" 7653
"../../../Engine/Content/EngineMaterials/Substrate/Glints2/dict_0005_0196.uasset" 7654
"../../../Engine/Content/EngineMaterials/Substrate/Glints2/dict_0005_0194.uasset" 7655
"../../../Engine/Content/EngineMaterials/Substrate/Glints2/dict_0005_0188.uasset" 7656
"../../../Engine/Content/EngineMaterials/Substrate/Glints2/dict_0005_0192.uasset" 7657
"../../../Engine/Content/EngineMaterials/Substrate/Glints2/dict_0005_0191.uasset" 7658
"../../../Engine/Content/EngineMaterials/Substrate/Glints2/dict_0005_0190.uasset" 7659
"../../../Engine/Content/EngineMaterials/Substrate/Glints2/dict_0005_0187.uasset" 7660
"../../../Engine/Content/EngineMaterials/Substrate/Glints2/dict_0005_0184.uasset" 7661
"../../../Engine/Content/EngineMaterials/Substrate/Glints2/dict_0005_0186.uasset" 7662
"../../../Engine/Content/EngineMaterials/Substrate/Glints2/dict_0005_0189.uasset" 7663
"../../../Engine/Content/EngineMaterials/Substrate/Glints2/dict_0005_0185.uasset" 7664
"../../../Engine/Content/EngineMaterials/Substrate/Glints2/dict_0005_0183.uasset" 7665
"../../../Engine/Content/EngineMaterials/Substrate/Glints2/dict_0005_0182.uasset" 7666
"/Engine/EngineMaterials/Substrate/Glints2/dict_0005_0187" 7667
"/Engine/EngineMaterials/Substrate/Glints2/dict_0005_0192" 7668
"/Engine/EngineMaterials/Substrate/Glints2/dict_0005_0193" 7669
"../../../Engine/Content/EngineMaterials/Substrate/Glints2/dict_0005_0181.uasset" 7670
"/Engine/EngineMaterials/Substrate/Glints2/dict_0005_0194" 7671
"../../../Engine/Content/EngineMaterials/Substrate/Glints2/dict_0005_0180.uasset" 7672
"/Engine/EngineMaterials/Substrate/Glints2/dict_0005_0188" 7673
"../../../Engine/Content/EngineMaterials/Substrate/Glints2/dict_0005_0179.uasset" 7674
"../../../Engine/Content/EngineMaterials/Substrate/Glints2/dict_0005_0177.uasset" 7675
"../../../Engine/Content/EngineMaterials/Substrate/Glints2/dict_0005_0204.uasset" 7676
"/Engine/EngineMaterials/Substrate/Glints2/dict_0005_0196" 7677
"../../../Engine/Content/EngineMaterials/Substrate/Glints2/dict_0005_0175.uasset" 7678
"/Engine/EngineMaterials/Substrate/Glints2/dict_0005_0189" 7679
"../../../Engine/Content/EngineMaterials/Substrate/Glints2/dict_0005_0174.uasset" 7680
"/Engine/EngineMaterials/Substrate/Glints2/dict_0005_0186" 7681
"../../../Engine/Content/EngineMaterials/Substrate/Glints2/dict_0005_0176.uasset" 7682
"/Engine/EngineMaterials/Substrate/Glints2/dict_0005_0182" 7683
"/Engine/EngineMaterials/Substrate/Glints2/dict_0005_0183" 7684
"/Engine/EngineMaterials/Substrate/Glints2/dict_0005_0184" 7685
"/Engine/EngineMaterials/Substrate/Glints2/dict_0005_0190" 7686
"/Engine/EngineMaterials/Substrate/Glints2/dict_0005_0185" 7687
"/Engine/EngineMaterials/Substrate/Glints2/dict_0005_0191" 7688
"/Engine/EngineMaterials/Substrate/Glints2/dict_0005_0204" 7689
"/Engine/EngineMaterials/Substrate/Glints2/dict_0005_0174" 7690
"/Engine/EngineMaterials/Substrate/Glints2/dict_0005_0175" 7691
"/Engine/EngineMaterials/Substrate/Glints2/dict_0005_0176" 7692
"/Engine/EngineMaterials/Substrate/Glints2/dict_0005_0177" 7693
"/Engine/EngineMaterials/Substrate/Glints2/dict_0005_0179" 7694
"../../../Engine/Content/EngineMaterials/Substrate/Glints2/dict_0005_0169.uasset" 7695
"../../../Engine/Content/EngineMaterials/Substrate/Glints2/dict_0005_0173.uasset" 7696
"../../../Engine/Content/EngineMaterials/Substrate/Glints2/dict_0005_0172.uasset" 7697
"../../../Engine/Content/EngineMaterials/Substrate/Glints2/dict_0005_0171.uasset" 7698
"/Engine/EngineMaterials/Substrate/Glints2/dict_0005_0180" 7699
"../../../Engine/Content/EngineMaterials/Substrate/Glints2/dict_0005_0168.uasset" 7700
"/Engine/EngineMaterials/Substrate/Glints2/dict_0005_0181" 7701
"/Engine/EngineMaterials/Substrate/Glints2/dict_0005_0169" 7702
"/Engine/EngineMaterials/Substrate/Glints2/dict_0005_0173" 7703
"/Engine/EngineMaterials/Substrate/Glints2/dict_0005_0171" 7704
"/Engine/EngineMaterials/Substrate/Glints2/dict_0005_0172" 7705
"../../../Engine/Content/EngineMaterials/Substrate/Glints2/dict_0005_0164.uasset" 7706
"/Engine/EngineMaterials/Substrate/Glints2/dict_0005_0168" 7707
"../../../Engine/Content/EngineMaterials/Substrate/Glints2/dict_0005_0166.uasset" 7708
"/Engine/EngineMaterials/Substrate/Glints2/dict_0005_0164" 7709
"../../../Engine/Content/EngineMaterials/Substrate/Glints2/dict_0005_0178.uasset" 7710
"../../../Engine/Content/EngineMaterials/Substrate/Glints2/dict_0005_0162.uasset" 7711
"../../../Engine/Content/EngineMaterials/Substrate/Glints2/dict_0005_0163.uasset" 7712
"/Engine/EngineMaterials/Substrate/Glints2/dict_0005_0166" 7713
"../../../Engine/Content/EngineMaterials/Substrate/Glints2/dict_0005_0165.uasset" 7714
"/Engine/EngineMaterials/Substrate/Glints2/dict_0005_0178" 7715
"/Engine/EngineMaterials/Substrate/Glints2/dict_0005_0162" 7716
"/Engine/EngineMaterials/Substrate/Glints2/dict_0005_0163" 7717
"/Engine/EngineMaterials/Substrate/Glints2/dict_0005_0165" 7718
"../../../Engine/Content/EngineMaterials/Substrate/Glints2/dict_0005_0161.uasset" 7719
"../../../Engine/Content/EngineMaterials/Substrate/Glints2/dict_0005_0170.uasset" 7720
"../../../Engine/Content/EngineMaterials/Substrate/Glints2/dict_0005_0157.uasset" 7721
"../../../Engine/Content/EngineMaterials/Substrate/Glints2/dict_0005_0160.uasset" 7722
"../../../Engine/Content/EngineMaterials/Substrate/Glints2/dict_0005_0155.uasset" 7723
"../../../Engine/Content/EngineMaterials/Substrate/Glints2/dict_0005_0158.uasset" 7724
"../../../Engine/Content/EngineMaterials/Substrate/Glints2/dict_0005_0156.uasset" 7725
"../../../Engine/Content/EngineMaterials/Substrate/Glints2/dict_0005_0159.uasset" 7726
"../../../Engine/Content/EngineMaterials/Substrate/Glints2/dict_0005_0154.uasset" 7727
"../../../Engine/Content/EngineMaterials/Substrate/Glints2/dict_0005_0167.uasset" 7728
"../../../Engine/Content/EngineMaterials/Substrate/Glints2/dict_0005_0153.uasset" 7729
"../../../Engine/Content/EngineMaterials/Substrate/Glints2/dict_0005_0151.uasset" 7730
"../../../Engine/Content/EngineMaterials/Substrate/Glints2/dict_0005_0150.uasset" 7731
"../../../Engine/Content/EngineMaterials/Substrate/Glints2/dict_0005_0147.uasset" 7732
"/Engine/EngineMaterials/Substrate/Glints2/dict_0005_0151" 7733
"../../../Engine/Content/EngineMaterials/Substrate/Glints2/dict_0005_0146.uasset" 7734
"../../../Engine/Content/EngineMaterials/Substrate/Glints2/dict_0005_0149.uasset" 7735
"../../../Engine/Content/EngineMaterials/Substrate/Glints2/dict_0005_0152.uasset" 7736
"/Engine/EngineMaterials/Substrate/Glints2/dict_0005_0170" 7737
"../../../Engine/Content/EngineMaterials/Substrate/Glints2/dict_0005_0148.uasset" 7738
"../../../Engine/Content/EngineMaterials/Substrate/Glints2/dict_0005_0143.uasset" 7739
"/Engine/EngineMaterials/Substrate/Glints2/dict_0005_0153" 7740
"../../../Engine/Content/EngineMaterials/Substrate/Glints2/dict_0005_0145.uasset" 7741
"/Engine/EngineMaterials/Substrate/Glints2/dict_0005_0154" 7742
"/Engine/EngineMaterials/Substrate/Glints2/dict_0005_0155" 7743
"../../../Engine/Content/EngineMaterials/Substrate/Glints2/dict_0005_0141.uasset" 7744
"/Engine/EngineMaterials/Substrate/Glints2/dict_0005_0156" 7745
"/Engine/EngineMaterials/Substrate/Glints2/dict_0005_0157" 7746
"../../../Engine/Content/EngineMaterials/Substrate/Glints2/dict_0005_0140.uasset" 7747
"../../../Engine/Content/EngineMaterials/Substrate/Glints2/dict_0005_0144.uasset" 7748
"/Engine/EngineMaterials/Substrate/Glints2/dict_0005_0167" 7749
"/Engine/EngineMaterials/Substrate/Glints2/dict_0005_0158" 7750
"/Engine/EngineMaterials/Substrate/Glints2/dict_0005_0150" 7751
"/Engine/EngineMaterials/Substrate/Glints2/dict_0005_0159" 7752
"/Engine/EngineMaterials/Substrate/Glints2/dict_0005_0160" 7753
"/Engine/EngineMaterials/Substrate/Glints2/dict_0005_0161" 7754
"/Engine/EngineMaterials/Substrate/Glints2/dict_0005_0143" 7755
"/Engine/EngineMaterials/Substrate/Glints2/dict_0005_0152" 7756
"../../../Engine/Content/EngineMaterials/Substrate/Glints2/dict_0005_0142.uasset" 7757
"../../../Engine/Content/EngineMaterials/Substrate/Glints2/dict_0005_0136.uasset" 7758
"/Engine/EngineMaterials/Substrate/Glints2/dict_0005_0144" 7759
"/Engine/EngineMaterials/Substrate/Glints2/dict_0005_0145" 7760
"../../../Engine/Content/EngineMaterials/Substrate/Glints2/dict_0005_0135.uasset" 7761
"/Engine/EngineMaterials/Substrate/Glints2/dict_0005_0140" 7762
"../../../Engine/Content/EngineMaterials/Substrate/Glints2/dict_0005_0139.uasset" 7763
"/Engine/EngineMaterials/Substrate/Glints2/dict_0005_0146" 7764
"/Engine/EngineMaterials/Substrate/Glints2/dict_0005_0147" 7765
"/Engine/EngineMaterials/Substrate/Glints2/dict_0005_0148" 7766
"../../../Engine/Content/EngineMaterials/Substrate/Glints2/dict_0005_0138.uasset" 7767
"/Engine/EngineMaterials/Substrate/Glints2/dict_0005_0141" 7768
"/Engine/EngineMaterials/Substrate/Glints2/dict_0005_0149" 7769
"/Engine/EngineMaterials/Substrate/Glints2/dict_0005_0138" 7770
"/Engine/EngineMaterials/Substrate/Glints2/dict_0005_0139" 7771
"../../../Engine/Content/EngineMaterials/Substrate/Glints2/dict_0005_0137.uasset" 7772
"/Engine/EngineMaterials/Substrate/Glints2/dict_0005_0142" 7773
"/Engine/EngineMaterials/Substrate/Glints2/dict_0005_0135" 7774
"/Engine/EngineMaterials/Substrate/Glints2/dict_0005_0136" 7775
"/Engine/EngineMaterials/Substrate/Glints2/dict_0005_0137" 7776
"../../../Engine/Content/EngineMaterials/Substrate/Glints2/dict_0005_0134.uasset" 7777
"../../../Engine/Content/EngineMaterials/Substrate/Glints2/dict_0005_0133.uasset" 7778
"../../../Engine/Content/EngineMaterials/Substrate/Glints2/dict_0005_0130.uasset" 7779
"../../../Engine/Content/EngineMaterials/Substrate/Glints2/dict_0005_0129.uasset" 7780
"../../../Engine/Content/EngineMaterials/Substrate/Glints2/dict_0005_0127.uasset" 7781
"../../../Engine/Content/EngineMaterials/Substrate/Glints2/dict_0005_0131.uasset" 7782
"../../../Engine/Content/EngineMaterials/Substrate/Glints2/dict_0005_0123.uasset" 7783
"../../../Engine/Content/EngineMaterials/Substrate/Glints2/dict_0005_0126.uasset" 7784
"../../../Engine/Content/EngineMaterials/Substrate/Glints2/dict_0005_0125.uasset" 7785
"../../../Engine/Content/EngineMaterials/Substrate/Glints2/dict_0005_0124.uasset" 7786
"../../../Engine/Content/EngineMaterials/Substrate/Glints2/dict_0005_0132.uasset" 7787
"../../../Engine/Content/EngineMaterials/Substrate/Glints2/dict_0005_0120.uasset" 7788
"/Engine/EngineMaterials/Substrate/Glints2/dict_0005_0123" 7789
"/Engine/EngineMaterials/Substrate/Glints2/dict_0005_0133" 7790
"../../../Engine/Content/EngineMaterials/Substrate/Glints2/dict_0005_0122.uasset" 7791
"../../../Engine/Content/EngineMaterials/Substrate/Glints2/dict_0005_0116.uasset" 7792
"/Engine/EngineMaterials/Substrate/Glints2/dict_0005_0124" 7793
"/Engine/EngineMaterials/Substrate/Glints2/dict_0005_0134" 7794
"/Engine/EngineMaterials/Substrate/Glints2/dict_0005_0125" 7795
"/Engine/EngineMaterials/Substrate/Glints2/dict_0005_0126" 7796
"/Engine/EngineMaterials/Substrate/Glints2/dict_0005_0127" 7797
"../../../Engine/Content/EngineMaterials/Substrate/Glints2/dict_0005_0119.uasset" 7798
"/Engine/EngineMaterials/Substrate/Glints2/dict_0005_0129" 7799
"/Engine/EngineMaterials/Substrate/Glints2/dict_0005_0130" 7800
"/Engine/EngineMaterials/Substrate/Glints2/dict_0005_0131" 7801
"../../../Engine/Content/EngineMaterials/Substrate/Glints2/dict_0005_0118.uasset" 7802
"/Engine/EngineMaterials/Substrate/Glints2/dict_0005_0132" 7803
"/Engine/EngineMaterials/Substrate/Glints2/dict_0005_0119" 7804
"/Engine/EngineMaterials/Substrate/Glints2/dict_0005_0120" 7805
"../../../Engine/Content/EngineMaterials/Substrate/Glints2/dict_0005_0121.uasset" 7806
"/Engine/EngineMaterials/Substrate/Glints2/dict_0005_0122" 7807
"/Engine/EngineMaterials/Substrate/Glints2/dict_0005_0116" 7808
"/Engine/EngineMaterials/Substrate/Glints2/dict_0005_0118" 7809
"/Engine/EngineMaterials/Substrate/Glints2/dict_0005_0121" 7810
"../../../Engine/Content/EngineMaterials/Substrate/Glints2/dict_0005_0114.uasset" 7811
"../../../Engine/Content/EngineMaterials/Substrate/Glints2/dict_0005_0128.uasset" 7812
"../../../Engine/Content/EngineMaterials/Substrate/Glints2/dict_0005_0113.uasset" 7813
"../../../Engine/Content/EngineMaterials/Substrate/Glints2/dict_0005_0117.uasset" 7814
"../../../Engine/Content/EngineMaterials/Substrate/Glints2/dict_0005_0111.uasset" 7815
"../../../Engine/Content/EngineMaterials/Substrate/Glints2/dict_0005_0110.uasset" 7816
"../../../Engine/Content/EngineMaterials/Substrate/Glints2/dict_0005_0109.uasset" 7817
"../../../Engine/Content/EngineMaterials/Substrate/Glints2/dict_0005_0108.uasset" 7818
"../../../Engine/Content/EngineMaterials/Substrate/Glints2/dict_0005_0107.uasset" 7819
"../../../Engine/Content/EngineMaterials/Substrate/Glints2/dict_0005_0112.uasset" 7820
"../../../Engine/Content/EngineMaterials/Substrate/Glints2/dict_0005_0103.uasset" 7821
"../../../Engine/Content/EngineMaterials/Substrate/Glints2/dict_0005_0104.uasset" 7822
"../../../Engine/Content/EngineMaterials/Substrate/Glints2/dict_0005_0102.uasset" 7823
"/Engine/EngineMaterials/Substrate/Glints2/dict_0005_0104" 7824
"/Engine/EngineMaterials/Substrate/Glints2/dict_0005_0109" 7825
"../../../Engine/Content/EngineMaterials/Substrate/Glints2/dict_0005_0101.uasset" 7826
"/Engine/EngineMaterials/Substrate/Glints2/dict_0005_0110" 7827
"/Engine/EngineMaterials/Substrate/Glints2/dict_0005_0111" 7828
"/Engine/EngineMaterials/Substrate/Glints2/dict_0005_0112" 7829
"/Engine/EngineMaterials/Substrate/Glints2/dict_0005_0113" 7830
"/Engine/EngineMaterials/Substrate/Glints2/dict_0005_0114" 7831
"/Engine/EngineMaterials/Substrate/Glints2/dict_0005_0117" 7832
"../../../Engine/Content/EngineMaterials/Substrate/Glints2/dict_0005_0100.uasset" 7833
"/Engine/EngineMaterials/Substrate/Glints2/dict_0005_0128" 7834
"../../../Engine/Content/EngineMaterials/Substrate/Glints2/dict_0005_0099.uasset" 7835
"../../../Engine/Content/EngineMaterials/Substrate/Glints2/dict_0005_0106.uasset" 7836
"../../../Engine/Content/EngineMaterials/Substrate/Glints2/dict_0005_0098.uasset" 7837
"/Engine/EngineMaterials/Substrate/Glints2/dict_0005_0107" 7838
"../../../Engine/Content/EngineMaterials/Substrate/Glints2/dict_0005_0096.uasset" 7839
"../../../Engine/Content/EngineMaterials/Substrate/Glints2/dict_0005_0095.uasset" 7840
"/Engine/EngineMaterials/Substrate/Glints2/dict_0005_0108" 7841
"../../../Engine/Content/EngineMaterials/Substrate/Glints2/dict_0005_0097.uasset" 7842
"/Engine/EngineMaterials/Substrate/Glints2/dict_0005_0103" 7843
"/Engine/EngineMaterials/Substrate/Glints2/dict_0005_0102" 7844
"/Engine/EngineMaterials/Substrate/Glints2/dict_0005_0095" 7845
"/Engine/EngineMaterials/Substrate/Glints2/dict_0005_0096" 7846
"/Engine/EngineMaterials/Substrate/Glints2/dict_0005_0097" 7847
"/Engine/EngineMaterials/Substrate/Glints2/dict_0005_0098" 7848
"/Engine/EngineMaterials/Substrate/Glints2/dict_0005_0099" 7849
"/Engine/EngineMaterials/Substrate/Glints2/dict_0005_0100" 7850
"../../../Engine/Content/EngineMaterials/Substrate/Glints2/dict_0005_0115.uasset" 7851
"../../../Engine/Content/EngineMaterials/Substrate/Glints2/dict_0005_0093.uasset" 7852
"/Engine/EngineMaterials/Substrate/Glints2/dict_0005_0101" 7853
"../../../Engine/Content/EngineMaterials/Substrate/Glints2/dict_0005_0094.uasset" 7854
"/Engine/EngineMaterials/Substrate/Glints2/dict_0005_0106" 7855
"../../../Engine/Content/EngineMaterials/Substrate/Glints2/dict_0005_0105.uasset" 7856
"/Engine/EngineMaterials/Substrate/Glints2/dict_0005_0093" 7857
"../../../Engine/Content/EngineMaterials/Substrate/Glints2/dict_0005_0091.uasset" 7858
"/Engine/EngineMaterials/Substrate/Glints2/dict_0005_0094" 7859
"/Engine/EngineMaterials/Substrate/Glints2/dict_0005_0115" 7860
"/Engine/EngineMaterials/Substrate/Glints2/dict_0005_0105" 7861
"../../../Engine/Content/EngineMaterials/Substrate/Glints2/dict_0005_0088.uasset" 7862
"/Engine/EngineMaterials/Substrate/Glints2/dict_0005_0091" 7863
"../../../Engine/Content/EngineMaterials/Substrate/Glints2/dict_0005_0092.uasset" 7864
"/Engine/EngineMaterials/Substrate/Glints2/dict_0005_0088" 7865
"/Engine/EngineMaterials/Substrate/Glints2/dict_0005_0092" 7866
"../../../Engine/Content/EngineMaterials/Substrate/Glints2/dict_0005_0090.uasset" 7867
"../../../Engine/Content/EngineMaterials/Substrate/Glints2/dict_0005_0086.uasset" 7868
"../../../Engine/Content/EngineMaterials/Substrate/Glints2/dict_0005_0083.uasset" 7869
"../../../Engine/Content/EngineMaterials/Substrate/Glints2/dict_0005_0089.uasset" 7870
"../../../Engine/Content/EngineMaterials/Substrate/Glints2/dict_0005_0082.uasset" 7871
"../../../Engine/Content/EngineMaterials/Substrate/Glints2/dict_0005_0087.uasset" 7872
"../../../Engine/Content/EngineMaterials/Substrate/Glints2/dict_0005_0081.uasset" 7873
"../../../Engine/Content/EngineMaterials/Substrate/Glints2/dict_0005_0085.uasset" 7874
"../../../Engine/Content/EngineMaterials/Substrate/Glints2/dict_0005_0080.uasset" 7875
"../../../Engine/Content/EngineMaterials/Substrate/Glints2/dict_0005_0084.uasset" 7876
"../../../Engine/Content/EngineMaterials/Substrate/Glints2/dict_0005_0079.uasset" 7877
"/Engine/EngineMaterials/Substrate/Glints2/dict_0005_0087" 7878
"/Engine/EngineMaterials/Substrate/Glints2/dict_0005_0086" 7879
"/Engine/EngineMaterials/Substrate/Glints2/dict_0005_0089" 7880
"../../../Engine/Content/EngineMaterials/Substrate/Glints2/dict_0005_0075.uasset" 7881
"/Engine/EngineMaterials/Substrate/Glints2/dict_0005_0079" 7882
"/Engine/EngineMaterials/Substrate/Glints2/dict_0005_0090" 7883
"../../../Engine/Content/EngineMaterials/Substrate/Glints2/dict_0005_0077.uasset" 7884
"/Engine/EngineMaterials/Substrate/Glints2/dict_0005_0080" 7885
"../../../Engine/Content/EngineMaterials/Substrate/Glints2/dict_0005_0076.uasset" 7886
"../../../Engine/Content/EngineMaterials/Substrate/Glints2/dict_0005_0078.uasset" 7887
"../../../Engine/Content/EngineMaterials/Substrate/Glints2/dict_0005_0072.uasset" 7888
"/Engine/EngineMaterials/Substrate/Glints2/dict_0005_0081" 7889
"../../../Engine/Content/EngineMaterials/Substrate/Glints2/dict_0005_0070.uasset" 7890
"../../../Engine/Content/EngineMaterials/Substrate/Glints2/dict_0005_0073.uasset" 7891
"/Engine/EngineMaterials/Substrate/Glints2/dict_0005_0082" 7892
"/Engine/EngineMaterials/Substrate/Glints2/dict_0005_0083" 7893
"/Engine/EngineMaterials/Substrate/Glints2/dict_0005_0084" 7894
"/Engine/EngineMaterials/Substrate/Glints2/dict_0005_0085" 7895
"/Engine/EngineMaterials/Substrate/Glints2/dict_0005_0073" 7896
"../../../Engine/Content/EngineMaterials/Substrate/Glints2/dict_0005_0074.uasset" 7897
"/Engine/EngineMaterials/Substrate/Glints2/dict_0005_0075" 7898
"/Engine/EngineMaterials/Substrate/Glints2/dict_0005_0076" 7899
"/Engine/EngineMaterials/Substrate/Glints2/dict_0005_0077" 7900
"/Engine/EngineMaterials/Substrate/Glints2/dict_0005_0078" 7901
"../../../Engine/Content/EngineMaterials/Substrate/Glints2/dict_0005_0068.uasset" 7902
"/Engine/EngineMaterials/Substrate/Glints2/dict_0005_0070" 7903
"../../../Engine/Content/EngineMaterials/Substrate/Glints2/dict_0005_0069.uasset" 7904
"/Engine/EngineMaterials/Substrate/Glints2/dict_0005_0072" 7905
"../../../Engine/Content/EngineMaterials/Substrate/Glints2/dict_0005_0067.uasset" 7906
"../../../Engine/Content/EngineMaterials/Substrate/Glints2/dict_0005_0066.uasset" 7907
"/Engine/EngineMaterials/Substrate/Glints2/dict_0005_0074" 7908
"../../../Engine/Content/EngineMaterials/Substrate/Glints2/dict_0005_0063.uasset" 7909
"/Engine/EngineMaterials/Substrate/Glints2/dict_0005_0066" 7910
"/Engine/EngineMaterials/Substrate/Glints2/dict_0005_0067" 7911
"/Engine/EngineMaterials/Substrate/Glints2/dict_0005_0068" 7912
"/Engine/EngineMaterials/Substrate/Glints2/dict_0005_0069" 7913
"/Engine/EngineMaterials/Substrate/Glints2/dict_0005_0063" 7914
"../../../Engine/Content/EngineMaterials/Substrate/Glints2/dict_0005_0064.uasset" 7915
"../../../Engine/Content/EngineMaterials/Substrate/Glints2/dict_0005_0065.uasset" 7916
"../../../Engine/Content/EngineMaterials/Substrate/Glints2/dict_0005_0062.uasset" 7917
"../../../Engine/Content/EngineMaterials/Substrate/Glints2/dict_0005_0060.uasset" 7918
"../../../Engine/Content/EngineMaterials/Substrate/Glints2/dict_0005_0061.uasset" 7919
"../../../Engine/Content/EngineMaterials/Substrate/Glints2/dict_0005_0059.uasset" 7920
"../../../Engine/Content/EngineMaterials/Substrate/Glints2/dict_0005_0058.uasset" 7921
"../../../Engine/Content/EngineMaterials/Substrate/Glints2/dict_0005_0056.uasset" 7922
"../../../Engine/Content/EngineMaterials/Substrate/Glints2/dict_0005_0057.uasset" 7923
"../../../Engine/Content/EngineMaterials/Substrate/Glints2/dict_0005_0055.uasset" 7924
"../../../Engine/Content/EngineMaterials/Substrate/Glints2/dict_0005_0050.uasset" 7925
"../../../Engine/Content/EngineMaterials/Substrate/Glints2/dict_0005_0071.uasset" 7926
"../../../Engine/Content/EngineMaterials/Substrate/Glints2/dict_0005_0051.uasset" 7927
"../../../Engine/Content/EngineMaterials/Substrate/Glints2/dict_0005_0053.uasset" 7928
"/Engine/EngineMaterials/Substrate/Glints2/dict_0005_0059" 7929
"../../../Engine/Content/EngineMaterials/Substrate/Glints2/dict_0005_0048.uasset" 7930
"/Engine/EngineMaterials/Substrate/Glints2/dict_0005_0058" 7931
"/Engine/EngineMaterials/Substrate/Glints2/dict_0005_0062" 7932
"/Engine/EngineMaterials/Substrate/Glints2/dict_0005_0060" 7933
"/Engine/EngineMaterials/Substrate/Glints2/dict_0005_0050" 7934
"/Engine/EngineMaterials/Substrate/Glints2/dict_0005_0064" 7935
"../../../Engine/Content/EngineMaterials/Substrate/Glints2/dict_0005_0054.uasset" 7936
"/Engine/EngineMaterials/Substrate/Glints2/dict_0005_0065" 7937
"/Engine/EngineMaterials/Substrate/Glints2/dict_0005_0051" 7938
"/Engine/EngineMaterials/Substrate/Glints2/dict_0005_0061" 7939
"/Engine/EngineMaterials/Substrate/Glints2/dict_0005_0071" 7940
"/Engine/EngineMaterials/Substrate/Glints2/dict_0005_0055" 7941
"../../../Engine/Content/EngineMaterials/Substrate/Glints2/dict_0005_0047.uasset" 7942
"../../../Engine/Content/EngineMaterials/Substrate/Glints2/dict_0005_0044.uasset" 7943
"/Engine/EngineMaterials/Substrate/Glints2/dict_0005_0056" 7944
"../../../Engine/Content/EngineMaterials/Substrate/Glints2/dict_0005_0052.uasset" 7945
"/Engine/EngineMaterials/Substrate/Glints2/dict_0005_0057" 7946
"../../../Engine/Content/EngineMaterials/Substrate/Glints2/dict_0005_0042.uasset" 7947
"../../../Engine/Content/EngineMaterials/Substrate/Glints2/dict_0005_0046.uasset" 7948
"/Engine/EngineMaterials/Substrate/Glints2/dict_0005_0047" 7949
"/Engine/EngineMaterials/Substrate/Glints2/dict_0005_0048" 7950
"/Engine/EngineMaterials/Substrate/Glints2/dict_0005_0042" 7951
"/Engine/EngineMaterials/Substrate/Glints2/dict_0005_0044" 7952
"/Engine/EngineMaterials/Substrate/Glints2/dict_0005_0052" 7953
"/Engine/EngineMaterials/Substrate/Glints2/dict_0005_0053" 7954
"/Engine/EngineMaterials/Substrate/Glints2/dict_0005_0054" 7955
"../../../Engine/Content/EngineMaterials/Substrate/Glints2/dict_0005_0049.uasset" 7956
"../../../Engine/Content/EngineMaterials/Substrate/Glints2/dict_0005_0041.uasset" 7957
"/Engine/EngineMaterials/Substrate/Glints2/dict_0005_0041" 7958
"/Engine/EngineMaterials/Substrate/Glints2/dict_0005_0049" 7959
"/Engine/EngineMaterials/Substrate/Glints2/dict_0005_0046" 7960
"../../../Engine/Content/EngineMaterials/Substrate/Glints2/dict_0005_0040.uasset" 7961
"../../../Engine/Content/EngineMaterials/Substrate/Glints2/dict_0005_0043.uasset" 7962
"../../../Engine/Content/EngineMaterials/Substrate/Glints2/dict_0005_0037.uasset" 7963
"../../../Engine/Content/EngineMaterials/Substrate/Glints2/dict_0005_0038.uasset" 7964
"../../../Engine/Content/EngineMaterials/Substrate/Glints2/dict_0005_0045.uasset" 7965
"../../../Engine/Content/EngineMaterials/Substrate/Glints2/dict_0005_0039.uasset" 7966
"../../../Engine/Content/EngineMaterials/Substrate/Glints2/dict_0005_0036.uasset" 7967
"../../../Engine/Content/EngineMaterials/Substrate/Glints2/dict_0005_0034.uasset" 7968
"../../../Engine/Content/EngineMaterials/Substrate/Glints2/dict_0005_0031.uasset" 7969
"../../../Engine/Content/EngineMaterials/Substrate/Glints2/dict_0005_0033.uasset" 7970
"../../../Engine/Content/EngineMaterials/Substrate/Glints2/dict_0005_0030.uasset" 7971
"../../../Engine/Content/EngineMaterials/Substrate/Glints2/dict_0005_0032.uasset" 7972
"../../../Engine/Content/EngineMaterials/Substrate/Glints2/dict_0005_0028.uasset" 7973
"../../../Engine/Content/EngineMaterials/Substrate/Glints2/dict_0005_0026.uasset" 7974
"/Engine/EngineMaterials/Substrate/Glints2/dict_0005_0040" 7975
"../../../Engine/Content/EngineMaterials/Substrate/Glints2/dict_0005_0025.uasset" 7976
"/Engine/EngineMaterials/Substrate/Glints2/dict_0005_0043" 7977
"/Engine/EngineMaterials/Substrate/Glints2/dict_0005_0034" 7978
"/Engine/EngineMaterials/Substrate/Glints2/dict_0005_0026" 7979
"/Engine/EngineMaterials/Substrate/Glints2/dict_0005_0036" 7980
"/Engine/EngineMaterials/Substrate/Glints2/dict_0005_0037" 7981
"/Engine/EngineMaterials/Substrate/Glints2/dict_0005_0028" 7982
"../../../Engine/Content/EngineMaterials/Substrate/Glints2/dict_0005_0023.uasset" 7983
"/Engine/EngineMaterials/Substrate/Glints2/dict_0005_0038" 7984
"/Engine/EngineMaterials/Substrate/Glints2/dict_0005_0039" 7985
"../../../Engine/Content/EngineMaterials/Substrate/Glints2/dict_0005_0022.uasset" 7986
"/Engine/EngineMaterials/Substrate/Glints2/dict_0005_0045" 7987
"../../../Engine/Content/EngineMaterials/Substrate/Glints2/dict_0005_0027.uasset" 7988
"../../../Engine/Content/EngineMaterials/Substrate/Glints2/dict_0005_0024.uasset" 7989
"/Engine/EngineMaterials/Substrate/Glints2/dict_0005_0030" 7990
"/Engine/EngineMaterials/Substrate/Glints2/dict_0005_0031" 7991
"../../../Engine/Content/EngineMaterials/Substrate/Glints2/dict_0005_0021.uasset" 7992
"../../../Engine/Content/EngineMaterials/Substrate/Glints2/dict_0005_0020.uasset" 7993
"/Engine/EngineMaterials/Substrate/Glints2/dict_0005_0032" 7994
"/Engine/EngineMaterials/Substrate/Glints2/dict_0005_0033" 7995
"/Engine/EngineMaterials/Substrate/Glints2/dict_0005_0021" 7996
"/Engine/EngineMaterials/Substrate/Glints2/dict_0005_0022" 7997
"/Engine/EngineMaterials/Substrate/Glints2/dict_0005_0023" 7998
"/Engine/EngineMaterials/Substrate/Glints2/dict_0005_0024" 7999
"../../../Engine/Content/EngineMaterials/Substrate/Glints2/dict_0005_0035.uasset" 8000
"/Engine/EngineMaterials/Substrate/Glints2/dict_0005_0025" 8001
"/Engine/EngineMaterials/Substrate/Glints2/dict_0005_0027" 8002
"/Engine/EngineMaterials/Substrate/Glints2/dict_0005_0020" 8003
"/Engine/EngineMaterials/Substrate/Glints2/dict_0005_0035" 8004
"../../../Engine/Content/EngineMaterials/Substrate/Glints2/dict_0005_0029.uasset" 8005
"../../../Engine/Content/EngineMaterials/Substrate/Glints2/dict_0005_0016.uasset" 8006
"../../../Engine/Content/EngineMaterials/Substrate/Glints2/dict_0005_0013.uasset" 8007
"../../../Engine/Content/EngineMaterials/Substrate/Glints2/dict_0005_0019.uasset" 8008
"../../../Engine/Content/EngineMaterials/Substrate/Glints2/dict_0005_0015.uasset" 8009
"../../../Engine/Content/EngineMaterials/Substrate/Glints2/dict_0005_0018.uasset" 8010
"../../../Engine/Content/EngineMaterials/Substrate/Glints2/dict_0005_0017.uasset" 8011
"../../../Engine/Content/EngineMaterials/Substrate/Glints2/dict_0005_0014.uasset" 8012
"../../../Engine/Content/EngineMaterials/Substrate/Glints2/dict_0005_0007.uasset" 8013
"../../../Engine/Content/EngineMaterials/Substrate/Glints2/dict_0005_0008.uasset" 8014
"../../../Engine/Content/EngineMaterials/Substrate/Glints2/dict_0005_0009.uasset" 8015
"../../../Engine/Content/EngineMaterials/Substrate/Glints2/dict_0005_0010.uasset" 8016
"../../../Engine/Content/EngineMaterials/Substrate/Glints2/dict_0005_0005.uasset" 8017
"/Engine/EngineMaterials/Substrate/Glints2/dict_0005_0014" 8018
"../../../Engine/Content/EngineMaterials/Substrate/Glints2/dict_0005_0006.uasset" 8019
"/Engine/EngineMaterials/Substrate/Glints2/dict_0005_0015" 8020
"/Engine/EngineMaterials/Substrate/Glints2/dict_0005_0016" 8021
"/Engine/EngineMaterials/Substrate/Glints2/dict_0005_0017" 8022
"../../../Engine/Content/EngineMaterials/Substrate/Glints2/dict_0005_0011.uasset" 8023
"/Engine/EngineMaterials/Substrate/Glints2/dict_0005_0018" 8024
"/Engine/EngineMaterials/Substrate/Glints2/dict_0005_0029" 8025
"/Engine/EngineMaterials/Substrate/Glints2/dict_0005_0019" 8026
"/Engine/EngineMaterials/Substrate/Glints2/dict_0005_0005" 8027
"/Engine/EngineMaterials/Substrate/Glints2/dict_0005_0007" 8028
"/Engine/EngineMaterials/Substrate/Glints2/dict_0005_0013" 8029
"/Engine/EngineMaterials/Substrate/Glints2/dict_0005_0008" 8030
"/Engine/EngineMaterials/Substrate/Glints2/dict_0005_0009" 8031
"/Engine/EngineMaterials/Substrate/Glints2/dict_0005_0010" 8032
"../../../Engine/Content/EngineMaterials/Substrate/Glints2/dict_0005_0001.uasset" 8033
"../../../Engine/Content/EngineMaterials/Substrate/Glints2/dict_0005_0003.uasset" 8034
"../../../Engine/Content/EngineMaterials/Substrate/Glints2/dict_0005_0004.uasset" 8035
"../../../Engine/Content/EngineMaterials/Substrate/Glints2/dict_0004_0255.uasset" 8036
"/Engine/EngineMaterials/Substrate/Glints2/dict_0005_0011" 8037
"/Engine/EngineMaterials/Substrate/Glints2/dict_0004_0255" 8038
"/Engine/EngineMaterials/Substrate/Glints2/dict_0005_0001" 8039
"../../../Engine/Content/EngineMaterials/Substrate/Glints2/dict_0004_0254.uasset" 8040
"../../../Engine/Content/EngineMaterials/Substrate/Glints2/dict_0005_0012.uasset" 8041
"/Engine/EngineMaterials/Substrate/Glints2/dict_0005_0003" 8042
"/Engine/EngineMaterials/Substrate/Glints2/dict_0005_0004" 8043
"/Engine/EngineMaterials/Substrate/Glints2/dict_0005_0006" 8044
"/Engine/EngineMaterials/Substrate/Glints2/dict_0005_0012" 8045
"../../../Engine/Content/EngineMaterials/Substrate/Glints2/dict_0005_0000.uasset" 8046
"/Engine/EngineMaterials/Substrate/Glints2/dict_0004_0254" 8047
"../../../Engine/Content/EngineMaterials/Substrate/Glints2/dict_0005_0002.uasset" 8048
"/Engine/EngineMaterials/Substrate/Glints2/dict_0005_0000" 8049
"/Engine/EngineMaterials/Substrate/Glints2/dict_0005_0002" 8050
"../../../Engine/Content/EngineMaterials/Substrate/Glints2/dict_0004_0248.uasset" 8051
"../../../Engine/Content/EngineMaterials/Substrate/Glints2/dict_0004_0250.uasset" 8052
"../../../Engine/Content/EngineMaterials/Substrate/Glints2/dict_0004_0251.uasset" 8053
"../../../Engine/Content/EngineMaterials/Substrate/Glints2/dict_0004_0252.uasset" 8054
"../../../Engine/Content/EngineMaterials/Substrate/Glints2/dict_0004_0249.uasset" 8055
"../../../Engine/Content/EngineMaterials/Substrate/Glints2/dict_0004_0253.uasset" 8056
"../../../Engine/Content/EngineMaterials/Substrate/Glints2/dict_0004_0245.uasset" 8057
"../../../Engine/Content/EngineMaterials/Substrate/Glints2/dict_0004_0246.uasset" 8058
"../../../Engine/Content/EngineMaterials/Substrate/Glints2/dict_0004_0247.uasset" 8059
"../../../Engine/Content/EngineMaterials/Substrate/Glints2/dict_0004_0240.uasset" 8060
"/Engine/EngineMaterials/Substrate/Glints2/dict_0004_0253" 8061
"../../../Engine/Content/EngineMaterials/Substrate/Glints2/dict_0004_0244.uasset" 8062
"../../../Engine/Content/EngineMaterials/Substrate/Glints2/dict_0004_0243.uasset" 8063
"../../../Engine/Content/EngineMaterials/Substrate/Glints2/dict_0004_0241.uasset" 8064
"/Engine/EngineMaterials/Substrate/Glints2/dict_0004_0245" 8065
"/Engine/EngineMaterials/Substrate/Glints2/dict_0004_0246" 8066
"/Engine/EngineMaterials/Substrate/Glints2/dict_0004_0247" 8067
"../../../Engine/Content/EngineMaterials/Substrate/Glints2/dict_0004_0238.uasset" 8068
"/Engine/EngineMaterials/Substrate/Glints2/dict_0004_0248" 8069
"/Engine/EngineMaterials/Substrate/Glints2/dict_0004_0249" 8070
"/Engine/EngineMaterials/Substrate/Glints2/dict_0004_0250" 8071
"/Engine/EngineMaterials/Substrate/Glints2/dict_0004_0251" 8072
"../../../Engine/Content/EngineMaterials/Substrate/Glints2/dict_0004_0237.uasset" 8073
"../../../Engine/Content/EngineMaterials/Substrate/Glints2/dict_0004_0242.uasset" 8074
"/Engine/EngineMaterials/Substrate/Glints2/dict_0004_0240" 8075
"/Engine/EngineMaterials/Substrate/Glints2/dict_0004_0252" 8076
"/Engine/EngineMaterials/Substrate/Glints2/dict_0004_0237" 8077
"/Engine/EngineMaterials/Substrate/Glints2/dict_0004_0238" 8078
"/Engine/EngineMaterials/Substrate/Glints2/dict_0004_0241" 8079
"../../../Engine/Content/EngineMaterials/Substrate/Glints2/dict_0004_0239.uasset" 8080
"/Engine/EngineMaterials/Substrate/Glints2/dict_0004_0242" 8081
"/Engine/EngineMaterials/Substrate/Glints2/dict_0004_0243" 8082
"/Engine/EngineMaterials/Substrate/Glints2/dict_0004_0244" 8083
"/Engine/EngineMaterials/Substrate/Glints2/dict_0004_0239" 8084
"../../../Engine/Content/EngineMaterials/Substrate/Glints2/dict_0004_0236.uasset" 8085
"../../../Engine/Content/EngineMaterials/Substrate/Glints2/dict_0004_0232.uasset" 8086
"/Engine/EngineMaterials/Substrate/Glints2/dict_0004_0236" 8087
"../../../Engine/Content/EngineMaterials/Substrate/Glints2/dict_0004_0235.uasset" 8088
"/Engine/EngineMaterials/Substrate/Glints2/dict_0004_0232" 8089
"../../../Engine/Content/EngineMaterials/Substrate/Glints2/dict_0004_0229.uasset" 8090
"../../../Engine/Content/EngineMaterials/Substrate/Glints2/dict_0004_0233.uasset" 8091
"/Engine/EngineMaterials/Substrate/Glints2/dict_0004_0235" 8092
"/Engine/EngineMaterials/Substrate/Glints2/dict_0004_0229" 8093
"/Engine/EngineMaterials/Substrate/Glints2/dict_0004_0233" 8094
"../../../Engine/Content/EngineMaterials/Substrate/Glints2/dict_0004_0231.uasset" 8095
"../../../Engine/Content/EngineMaterials/Substrate/Glints2/dict_0004_0234.uasset" 8096
"../../../Engine/Content/EngineMaterials/Substrate/Glints2/dict_0004_0224.uasset" 8097
"../../../Engine/Content/EngineMaterials/Substrate/Glints2/dict_0004_0226.uasset" 8098
"../../../Engine/Content/EngineMaterials/Substrate/Glints2/dict_0004_0225.uasset" 8099
"../../../Engine/Content/EngineMaterials/Substrate/Glints2/dict_0004_0230.uasset" 8100
"../../../Engine/Content/EngineMaterials/Substrate/Glints2/dict_0004_0223.uasset" 8101
"../../../Engine/Content/EngineMaterials/Substrate/Glints2/dict_0004_0227.uasset" 8102
"../../../Engine/Content/EngineMaterials/Substrate/Glints2/dict_0004_0222.uasset" 8103
"../../../Engine/Content/EngineMaterials/Substrate/Glints2/dict_0004_0218.uasset" 8104
"../../../Engine/Content/EngineMaterials/Substrate/Glints2/dict_0004_0219.uasset" 8105
"../../../Engine/Content/EngineMaterials/Substrate/Glints2/dict_0004_0220.uasset" 8106
"../../../Engine/Content/EngineMaterials/Substrate/Glints2/dict_0004_0215.uasset" 8107
"/Engine/EngineMaterials/Substrate/Glints2/dict_0004_0226" 8108
"/Engine/EngineMaterials/Substrate/Glints2/dict_0004_0224" 8109
"/Engine/EngineMaterials/Substrate/Glints2/dict_0004_0234" 8110
"../../../Engine/Content/EngineMaterials/Substrate/Glints2/dict_0004_0216.uasset" 8111
"../../../Engine/Content/EngineMaterials/Substrate/Glints2/dict_0004_0211.uasset" 8112
"/Engine/EngineMaterials/Substrate/Glints2/dict_0004_0225" 8113
"/Engine/EngineMaterials/Substrate/Glints2/dict_0004_0227" 8114
"../../../Engine/Content/EngineMaterials/Substrate/Glints2/dict_0004_0214.uasset" 8115
"/Engine/EngineMaterials/Substrate/Glints2/dict_0004_0218" 8116
"../../../Engine/Content/EngineMaterials/Substrate/Glints2/dict_0004_0221.uasset" 8117
"../../../Engine/Content/EngineMaterials/Substrate/Glints2/dict_0004_0228.uasset" 8118
"/Engine/EngineMaterials/Substrate/Glints2/dict_0004_0222" 8119
"/Engine/EngineMaterials/Substrate/Glints2/dict_0004_0219" 8120
"../../../Engine/Content/EngineMaterials/Substrate/Glints2/dict_0004_0213.uasset" 8121
"/Engine/EngineMaterials/Substrate/Glints2/dict_0004_0223" 8122
"../../../Engine/Content/EngineMaterials/Substrate/Glints2/dict_0004_0212.uasset" 8123
"/Engine/EngineMaterials/Substrate/Glints2/dict_0004_0230" 8124
"../../../Engine/Content/EngineMaterials/Substrate/Glints2/dict_0004_0210.uasset" 8125
"/Engine/EngineMaterials/Substrate/Glints2/dict_0004_0231" 8126
"/Engine/EngineMaterials/Substrate/Glints2/dict_0004_0212" 8127
"/Engine/EngineMaterials/Substrate/Glints2/dict_0004_0213" 8128
"/Engine/EngineMaterials/Substrate/Glints2/dict_0004_0214" 8129
"/Engine/EngineMaterials/Substrate/Glints2/dict_0004_0215" 8130
"/Engine/EngineMaterials/Substrate/Glints2/dict_0004_0216" 8131
"../../../Engine/Content/EngineMaterials/Substrate/Glints2/dict_0004_0209.uasset" 8132
"/Engine/EngineMaterials/Substrate/Glints2/dict_0004_0228" 8133
"/Engine/EngineMaterials/Substrate/Glints2/dict_0004_0220" 8134
"/Engine/EngineMaterials/Substrate/Glints2/dict_0004_0221" 8135
"/Engine/EngineMaterials/Substrate/Glints2/dict_0004_0210" 8136
"/Engine/EngineMaterials/Substrate/Glints2/dict_0004_0211" 8137
"../../../Engine/Content/EngineMaterials/Substrate/Glints2/dict_0004_0208.uasset" 8138
"/Engine/EngineMaterials/Substrate/Glints2/dict_0004_0208" 8139
"/Engine/EngineMaterials/Substrate/Glints2/dict_0004_0209" 8140
"../../../Engine/Content/EngineMaterials/Substrate/Glints2/dict_0004_0217.uasset" 8141
"../../../Engine/Content/EngineMaterials/Substrate/Glints2/dict_0004_0205.uasset" 8142
"../../../Engine/Content/EngineMaterials/Substrate/Glints2/dict_0004_0203.uasset" 8143
"../../../Engine/Content/EngineMaterials/Substrate/Glints2/dict_0004_0206.uasset" 8144
"../../../Engine/Content/EngineMaterials/Substrate/Glints2/dict_0004_0207.uasset" 8145
"../../../Engine/Content/EngineMaterials/Substrate/Glints2/dict_0004_0202.uasset" 8146
"../../../Engine/Content/EngineMaterials/Substrate/Glints2/dict_0004_0201.uasset" 8147
"../../../Engine/Content/EngineMaterials/Substrate/Glints2/dict_0004_0204.uasset" 8148
"../../../Engine/Content/EngineMaterials/Substrate/Glints2/dict_0004_0194.uasset" 8149
"../../../Engine/Content/EngineMaterials/Substrate/Glints2/dict_0004_0199.uasset" 8150
"../../../Engine/Content/EngineMaterials/Substrate/Glints2/dict_0004_0198.uasset" 8151
"../../../Engine/Content/EngineMaterials/Substrate/Glints2/dict_0004_0197.uasset" 8152
"../../../Engine/Content/EngineMaterials/Substrate/Glints2/dict_0004_0200.uasset" 8153
"../../../Engine/Content/EngineMaterials/Substrate/Glints2/dict_0004_0193.uasset" 8154
"/Engine/EngineMaterials/Substrate/Glints2/dict_0004_0203" 8155
"/Engine/EngineMaterials/Substrate/Glints2/dict_0004_0217" 8156
"/Engine/EngineMaterials/Substrate/Glints2/dict_0004_0201" 8157
"../../../Engine/Content/EngineMaterials/Substrate/Glints2/dict_0004_0196.uasset" 8158
"/Engine/EngineMaterials/Substrate/Glints2/dict_0004_0194" 8159
"/Engine/EngineMaterials/Substrate/Glints2/dict_0004_0197" 8160
"/Engine/EngineMaterials/Substrate/Glints2/dict_0004_0202" 8161
"/Engine/EngineMaterials/Substrate/Glints2/dict_0004_0204" 8162
"/Engine/EngineMaterials/Substrate/Glints2/dict_0004_0198" 8163
"/Engine/EngineMaterials/Substrate/Glints2/dict_0004_0206" 8164
"/Engine/EngineMaterials/Substrate/Glints2/dict_0004_0207" 8165
"/Engine/EngineMaterials/Substrate/Glints2/dict_0004_0205" 8166
"../../../Engine/Content/EngineMaterials/Substrate/Glints2/dict_0004_0192.uasset" 8167
"../../../Engine/Content/EngineMaterials/Substrate/Glints2/dict_0004_0187.uasset" 8168
"/Engine/EngineMaterials/Substrate/Glints2/dict_0004_0199" 8169
"../../../Engine/Content/EngineMaterials/Substrate/Glints2/dict_0004_0190.uasset" 8170
"/Engine/EngineMaterials/Substrate/Glints2/dict_0004_0200" 8171
"../../../Engine/Content/EngineMaterials/Substrate/Glints2/dict_0004_0191.uasset" 8172
"/Engine/EngineMaterials/Substrate/Glints2/dict_0004_0190" 8173
"../../../Engine/Content/EngineMaterials/Substrate/Glints2/dict_0004_0189.uasset" 8174
"/Engine/EngineMaterials/Substrate/Glints2/dict_0004_0192" 8175
"../../../Engine/Content/EngineMaterials/Substrate/Glints2/dict_0004_0186.uasset" 8176
"/Engine/EngineMaterials/Substrate/Glints2/dict_0004_0193" 8177
"../../../Engine/Content/EngineMaterials/Substrate/Glints2/dict_0004_0185.uasset" 8178
"/Engine/EngineMaterials/Substrate/Glints2/dict_0004_0196" 8179
"../../../Engine/Content/EngineMaterials/Substrate/Glints2/dict_0004_0180.uasset" 8180
"../../../Engine/Content/EngineMaterials/Substrate/Glints2/dict_0004_0183.uasset" 8181
"../../../Engine/Content/EngineMaterials/Substrate/Glints2/dict_0004_0181.uasset" 8182
"../../../Engine/Content/EngineMaterials/Substrate/Glints2/dict_0004_0182.uasset" 8183
"/Engine/EngineMaterials/Substrate/Glints2/dict_0004_0187" 8184
"/Engine/EngineMaterials/Substrate/Glints2/dict_0004_0180" 8185
"/Engine/EngineMaterials/Substrate/Glints2/dict_0004_0181" 8186
"/Engine/EngineMaterials/Substrate/Glints2/dict_0004_0189" 8187
"/Engine/EngineMaterials/Substrate/Glints2/dict_0004_0182" 8188
"/Engine/EngineMaterials/Substrate/Glints2/dict_0004_0183" 8189
"/Engine/EngineMaterials/Substrate/Glints2/dict_0004_0191" 8190
"/Engine/EngineMaterials/Substrate/Glints2/dict_0004_0185" 8191
"../../../Engine/Content/EngineMaterials/Substrate/Glints2/dict_0004_0195.uasset" 8192
"/Engine/EngineMaterials/Substrate/Glints2/dict_0004_0186" 8193
"/Engine/EngineMaterials/Substrate/Glints2/dict_0004_0195" 8194
"../../../Engine/Content/EngineMaterials/Substrate/Glints2/dict_0004_0184.uasset" 8195
"../../../Engine/Content/EngineMaterials/Substrate/Glints2/dict_0004_0179.uasset" 8196
"../../../Engine/Content/EngineMaterials/Substrate/Glints2/dict_0004_0188.uasset" 8197
"../../../Engine/Content/EngineMaterials/Substrate/Glints2/dict_0004_0178.uasset" 8198
"../../../Engine/Content/EngineMaterials/Substrate/Glints2/dict_0004_0176.uasset" 8199
"../../../Engine/Content/EngineMaterials/Substrate/Glints2/dict_0004_0174.uasset" 8200
"../../../Engine/Content/EngineMaterials/Substrate/Glints2/dict_0004_0177.uasset" 8201
"../../../Engine/Content/EngineMaterials/Substrate/Glints2/dict_0004_0175.uasset" 8202
"../../../Engine/Content/EngineMaterials/Substrate/Glints2/dict_0004_0172.uasset" 8203
"../../../Engine/Content/EngineMaterials/Substrate/Glints2/dict_0004_0173.uasset" 8204
"../../../Engine/Content/EngineMaterials/Substrate/Glints2/dict_0004_0168.uasset" 8205
"../../../Engine/Content/EngineMaterials/Substrate/Glints2/dict_0004_0169.uasset" 8206
"../../../Engine/Content/EngineMaterials/Substrate/Glints2/dict_0004_0166.uasset" 8207
"../../../Engine/Content/EngineMaterials/Substrate/Glints2/dict_0004_0171.uasset" 8208
"/Engine/EngineMaterials/Substrate/Glints2/dict_0004_0179" 8209
"/Engine/EngineMaterials/Substrate/Glints2/dict_0004_0166" 8210
"/Engine/EngineMaterials/Substrate/Glints2/dict_0004_0168" 8211
"../../../Engine/Content/EngineMaterials/Substrate/Glints2/dict_0004_0165.uasset" 8212
"/Engine/EngineMaterials/Substrate/Glints2/dict_0004_0184" 8213
"/Engine/EngineMaterials/Substrate/Glints2/dict_0004_0169" 8214
"../../../Engine/Content/EngineMaterials/Substrate/Glints2/dict_0004_0164.uasset" 8215
"/Engine/EngineMaterials/Substrate/Glints2/dict_0004_0171" 8216
"/Engine/EngineMaterials/Substrate/Glints2/dict_0004_0172" 8217
"/Engine/EngineMaterials/Substrate/Glints2/dict_0004_0173" 8218
"../../../Engine/Content/EngineMaterials/Substrate/Glints2/dict_0004_0163.uasset" 8219
"/Engine/EngineMaterials/Substrate/Glints2/dict_0004_0174" 8220
"../../../Engine/Content/EngineMaterials/Substrate/Glints2/dict_0004_0167.uasset" 8221
"/Engine/EngineMaterials/Substrate/Glints2/dict_0004_0175" 8222
"/Engine/EngineMaterials/Substrate/Glints2/dict_0004_0176" 8223
"/Engine/EngineMaterials/Substrate/Glints2/dict_0004_0177" 8224
"/Engine/EngineMaterials/Substrate/Glints2/dict_0004_0178" 8225
"../../../Engine/Content/EngineMaterials/Substrate/Glints2/dict_0004_0159.uasset" 8226
"../../../Engine/Content/EngineMaterials/Substrate/Glints2/dict_0004_0157.uasset" 8227
"/Engine/EngineMaterials/Substrate/Glints2/dict_0004_0188" 8228
"../../../Engine/Content/EngineMaterials/Substrate/Glints2/dict_0004_0162.uasset" 8229
"/Engine/EngineMaterials/Substrate/Glints2/dict_0004_0165" 8230
"/Engine/EngineMaterials/Substrate/Glints2/dict_0004_0159" 8231
"/Engine/EngineMaterials/Substrate/Glints2/dict_0004_0162" 8232
"../../../Engine/Content/EngineMaterials/Substrate/Glints2/dict_0004_0160.uasset" 8233
"/Engine/EngineMaterials/Substrate/Glints2/dict_0004_0167" 8234
"../../../Engine/Content/EngineMaterials/Substrate/Glints2/dict_0004_0161.uasset" 8235
"/Engine/EngineMaterials/Substrate/Glints2/dict_0004_0163" 8236
"/Engine/EngineMaterials/Substrate/Glints2/dict_0004_0157" 8237
"/Engine/EngineMaterials/Substrate/Glints2/dict_0004_0164" 8238
"/Engine/EngineMaterials/Substrate/Glints2/dict_0004_0160" 8239
"/Engine/EngineMaterials/Substrate/Glints2/dict_0004_0161" 8240
"../../../Engine/Content/EngineMaterials/Substrate/Glints2/dict_0004_0170.uasset" 8241
"../../../Engine/Content/EngineMaterials/Substrate/Glints2/dict_0004_0158.uasset" 8242
"../../../Engine/Content/EngineMaterials/Substrate/Glints2/dict_0004_0154.uasset" 8243
"../../../Engine/Content/EngineMaterials/Substrate/Glints2/dict_0004_0155.uasset" 8244
"../../../Engine/Content/EngineMaterials/Substrate/Glints2/dict_0004_0156.uasset" 8245
"../../../Engine/Content/EngineMaterials/Substrate/Glints2/dict_0004_0149.uasset" 8246
"../../../Engine/Content/EngineMaterials/Substrate/Glints2/dict_0004_0151.uasset" 8247
"../../../Engine/Content/EngineMaterials/Substrate/Glints2/dict_0004_0150.uasset" 8248
"../../../Engine/Content/EngineMaterials/Substrate/Glints2/dict_0004_0153.uasset" 8249
"../../../Engine/Content/EngineMaterials/Substrate/Glints2/dict_0004_0148.uasset" 8250
"../../../Engine/Content/EngineMaterials/Substrate/Glints2/dict_0004_0147.uasset" 8251
"../../../Engine/Content/EngineMaterials/Substrate/Glints2/dict_0004_0152.uasset" 8252
"../../../Engine/Content/EngineMaterials/Substrate/Glints2/dict_0004_0145.uasset" 8253
"../../../Engine/Content/EngineMaterials/Substrate/Glints2/dict_0004_0146.uasset" 8254
"/Engine/EngineMaterials/Substrate/Glints2/dict_0004_0151" 8255
"/Engine/EngineMaterials/Substrate/Glints2/dict_0004_0152" 8256
"../../../Engine/Content/EngineMaterials/Substrate/Glints2/dict_0004_0143.uasset" 8257
"../../../Engine/Content/EngineMaterials/Substrate/Glints2/dict_0004_0144.uasset" 8258
"/Engine/EngineMaterials/Substrate/Glints2/dict_0004_0153" 8259
"../../../Engine/Content/EngineMaterials/Substrate/Glints2/dict_0004_0142.uasset" 8260
"/Engine/EngineMaterials/Substrate/Glints2/dict_0004_0154" 8261
"../../../Engine/Content/EngineMaterials/Substrate/Glints2/dict_0004_0139.uasset" 8262
"/Engine/EngineMaterials/Substrate/Glints2/dict_0004_0155" 8263
"/Engine/EngineMaterials/Substrate/Glints2/dict_0004_0156" 8264
"/Engine/EngineMaterials/Substrate/Glints2/dict_0004_0150" 8265
"/Engine/EngineMaterials/Substrate/Glints2/dict_0004_0170" 8266
"/Engine/EngineMaterials/Substrate/Glints2/dict_0004_0145" 8267
"/Engine/EngineMaterials/Substrate/Glints2/dict_0004_0146" 8268
"../../../Engine/Content/EngineMaterials/Substrate/Glints2/dict_0004_0137.uasset" 8269
"/Engine/EngineMaterials/Substrate/Glints2/dict_0004_0147" 8270
"/Engine/EngineMaterials/Substrate/Glints2/dict_0004_0158" 8271
"/Engine/EngineMaterials/Substrate/Glints2/dict_0004_0148" 8272
"../../../Engine/Content/EngineMaterials/Substrate/Glints2/dict_0004_0136.uasset" 8273
"/Engine/EngineMaterials/Substrate/Glints2/dict_0004_0149" 8274
"/Engine/EngineMaterials/Substrate/Glints2/dict_0004_0136" 8275
"../../../Engine/Content/EngineMaterials/Substrate/Glints2/dict_0004_0134.uasset" 8276
"/Engine/EngineMaterials/Substrate/Glints2/dict_0004_0137" 8277
"../../../Engine/Content/EngineMaterials/Substrate/Glints2/dict_0004_0141.uasset" 8278
"/Engine/EngineMaterials/Substrate/Glints2/dict_0004_0139" 8279
"/Engine/EngineMaterials/Substrate/Glints2/dict_0004_0142" 8280
"/Engine/EngineMaterials/Substrate/Glints2/dict_0004_0143" 8281
"../../../Engine/Content/EngineMaterials/Substrate/Glints2/dict_0004_0133.uasset" 8282
"/Engine/EngineMaterials/Substrate/Glints2/dict_0004_0144" 8283
"/Engine/EngineMaterials/Substrate/Glints2/dict_0004_0133" 8284
"../../../Engine/Content/EngineMaterials/Substrate/Glints2/dict_0004_0138.uasset" 8285
"../../../Engine/Content/EngineMaterials/Substrate/Glints2/dict_0004_0132.uasset" 8286
"/Engine/EngineMaterials/Substrate/Glints2/dict_0004_0141" 8287
"/Engine/EngineMaterials/Substrate/Glints2/dict_0004_0134" 8288
"/Engine/EngineMaterials/Substrate/Glints2/dict_0004_0132" 8289
"/Engine/EngineMaterials/Substrate/Glints2/dict_0004_0138" 8290
"../../../Engine/Content/EngineMaterials/Substrate/Glints2/dict_0004_0135.uasset" 8291
"../../../Engine/Content/EngineMaterials/Substrate/Glints2/dict_0004_0140.uasset" 8292
"../../../Engine/Content/EngineMaterials/Substrate/Glints2/dict_0004_0129.uasset" 8293
"../../../Engine/Content/EngineMaterials/Substrate/Glints2/dict_0004_0127.uasset" 8294
"../../../Engine/Content/EngineMaterials/Substrate/Glints2/dict_0004_0130.uasset" 8295
"../../../Engine/Content/EngineMaterials/Substrate/Glints2/dict_0004_0131.uasset" 8296
"../../../Engine/Content/EngineMaterials/Substrate/Glints2/dict_0004_0128.uasset" 8297
"../../../Engine/Content/EngineMaterials/Substrate/Glints2/dict_0004_0125.uasset" 8298
"../../../Engine/Content/EngineMaterials/Substrate/Glints2/dict_0004_0126.uasset" 8299
"../../../Engine/Content/EngineMaterials/Substrate/Glints2/dict_0004_0122.uasset" 8300
"../../../Engine/Content/EngineMaterials/Substrate/Glints2/dict_0004_0124.uasset" 8301
"/Engine/EngineMaterials/Substrate/Glints2/dict_0004_0129" 8302
"../../../Engine/Content/EngineMaterials/Substrate/Glints2/dict_0004_0120.uasset" 8303
"/Engine/EngineMaterials/Substrate/Glints2/dict_0004_0130" 8304
"../../../Engine/Content/EngineMaterials/Substrate/Glints2/dict_0004_0121.uasset" 8305
"/Engine/EngineMaterials/Substrate/Glints2/dict_0004_0127" 8306
"/Engine/EngineMaterials/Substrate/Glints2/dict_0004_0128" 8307
"../../../Engine/Content/EngineMaterials/Substrate/Glints2/dict_0004_0117.uasset" 8308
"/Engine/EngineMaterials/Substrate/Glints2/dict_0004_0131" 8309
"../../../Engine/Content/EngineMaterials/Substrate/Glints2/dict_0004_0119.uasset" 8310
"/Engine/EngineMaterials/Substrate/Glints2/dict_0004_0140" 8311
"/Engine/EngineMaterials/Substrate/Glints2/dict_0004_0122" 8312
"/Engine/EngineMaterials/Substrate/Glints2/dict_0004_0124" 8313
"/Engine/EngineMaterials/Substrate/Glints2/dict_0004_0125" 8314
"../../../Engine/Content/EngineMaterials/Substrate/Glints2/dict_0004_0118.uasset" 8315
"/Engine/EngineMaterials/Substrate/Glints2/dict_0004_0135" 8316
"/Engine/EngineMaterials/Substrate/Glints2/dict_0004_0126" 8317
"/Engine/EngineMaterials/Substrate/Glints2/dict_0004_0117" 8318
"/Engine/EngineMaterials/Substrate/Glints2/dict_0004_0119" 8319
"/Engine/EngineMaterials/Substrate/Glints2/dict_0004_0120" 8320
"../../../Engine/Content/EngineMaterials/Substrate/Glints2/dict_0004_0114.uasset" 8321
"/Engine/EngineMaterials/Substrate/Glints2/dict_0004_0121" 8322
"../../../Engine/Content/EngineMaterials/Substrate/Glints2/dict_0004_0123.uasset" 8323
"/Engine/EngineMaterials/Substrate/Glints2/dict_0004_0114" 8324
"/Engine/EngineMaterials/Substrate/Glints2/dict_0004_0118" 8325
"/Engine/EngineMaterials/Substrate/Glints2/dict_0004_0123" 8326
"../../../Engine/Content/EngineMaterials/Substrate/Glints2/dict_0004_0113.uasset" 8327
"../../../Engine/Content/EngineMaterials/Substrate/Glints2/dict_0004_0111.uasset" 8328
"../../../Engine/Content/EngineMaterials/Substrate/Glints2/dict_0004_0112.uasset" 8329
"/Engine/EngineMaterials/Substrate/Glints2/dict_0004_0113" 8330
"/Engine/EngineMaterials/Substrate/Glints2/dict_0004_0111" 8331
"/Engine/EngineMaterials/Substrate/Glints2/dict_0004_0112" 8332
"../../../Engine/Content/EngineMaterials/Substrate/Glints2/dict_0004_0106.uasset" 8333
"../../../Engine/Content/EngineMaterials/Substrate/Glints2/dict_0004_0104.uasset" 8334
"../../../Engine/Content/EngineMaterials/Substrate/Glints2/dict_0004_0105.uasset" 8335
"../../../Engine/Content/EngineMaterials/Substrate/Glints2/dict_0004_0115.uasset" 8336
"../../../Engine/Content/EngineMaterials/Substrate/Glints2/dict_0004_0108.uasset" 8337
"../../../Engine/Content/EngineMaterials/Substrate/Glints2/dict_0004_0109.uasset" 8338
"../../../Engine/Content/EngineMaterials/Substrate/Glints2/dict_0004_0116.uasset" 8339
"../../../Engine/Content/EngineMaterials/Substrate/Glints2/dict_0004_0110.uasset" 8340
"../../../Engine/Content/EngineMaterials/Substrate/Glints2/dict_0004_0102.uasset" 8341
"../../../Engine/Content/EngineMaterials/Substrate/Glints2/dict_0004_0103.uasset" 8342
"../../../Engine/Content/EngineMaterials/Substrate/Glints2/dict_0004_0101.uasset" 8343
"../../../Engine/Content/EngineMaterials/Substrate/Glints2/dict_0004_0100.uasset" 8344
"/Engine/EngineMaterials/Substrate/Glints2/dict_0004_0115" 8345
"../../../Engine/Content/EngineMaterials/Substrate/Glints2/dict_0004_0099.uasset" 8346
"/Engine/EngineMaterials/Substrate/Glints2/dict_0004_0116" 8347
"/Engine/EngineMaterials/Substrate/Glints2/dict_0004_0108" 8348
"/Engine/EngineMaterials/Substrate/Glints2/dict_0004_0102" 8349
"/Engine/EngineMaterials/Substrate/Glints2/dict_0004_0103" 8350
"/Engine/EngineMaterials/Substrate/Glints2/dict_0004_0104" 8351
"../../../Engine/Content/EngineMaterials/Substrate/Glints2/dict_0004_0098.uasset" 8352
"/Engine/EngineMaterials/Substrate/Glints2/dict_0004_0109" 8353
"../../../Engine/Content/EngineMaterials/Substrate/Glints2/dict_0004_0096.uasset" 8354
"/Engine/EngineMaterials/Substrate/Glints2/dict_0004_0105" 8355
"/Engine/EngineMaterials/Substrate/Glints2/dict_0004_0110" 8356
"../../../Engine/Content/EngineMaterials/Substrate/Glints2/dict_0004_0093.uasset" 8357
"../../../Engine/Content/EngineMaterials/Substrate/Glints2/dict_0004_0095.uasset" 8358
"../../../Engine/Content/EngineMaterials/Substrate/Glints2/dict_0004_0094.uasset" 8359
"../../../Engine/Content/EngineMaterials/Substrate/Glints2/dict_0004_0092.uasset" 8360
"/Engine/EngineMaterials/Substrate/Glints2/dict_0004_0106" 8361
"/Engine/EngineMaterials/Substrate/Glints2/dict_0004_0101" 8362
"/Engine/EngineMaterials/Substrate/Glints2/dict_0004_0092" 8363
"/Engine/EngineMaterials/Substrate/Glints2/dict_0004_0093" 8364
"/Engine/EngineMaterials/Substrate/Glints2/dict_0004_0094" 8365
"/Engine/EngineMaterials/Substrate/Glints2/dict_0004_0095" 8366
"/Engine/EngineMaterials/Substrate/Glints2/dict_0004_0096" 8367
"/Engine/EngineMaterials/Substrate/Glints2/dict_0004_0098" 8368
"../../../Engine/Content/EngineMaterials/Substrate/Glints2/dict_0004_0091.uasset" 8369
"/Engine/EngineMaterials/Substrate/Glints2/dict_0004_0099" 8370
"/Engine/EngineMaterials/Substrate/Glints2/dict_0004_0100" 8371
"../../../Engine/Content/EngineMaterials/Substrate/Glints2/dict_0004_0087.uasset" 8372
"../../../Engine/Content/EngineMaterials/Substrate/Glints2/dict_0004_0088.uasset" 8373
"/Engine/EngineMaterials/Substrate/Glints2/dict_0004_0091" 8374
"../../../Engine/Content/EngineMaterials/Substrate/Glints2/dict_0004_0097.uasset" 8375
"/Engine/EngineMaterials/Substrate/Glints2/dict_0004_0088" 8376
"/Engine/EngineMaterials/Substrate/Glints2/dict_0004_0087" 8377
"../../../Engine/Content/EngineMaterials/Substrate/Glints2/dict_0004_0086.uasset" 8378
"../../../Engine/Content/EngineMaterials/Substrate/Glints2/dict_0004_0089.uasset" 8379
"/Engine/EngineMaterials/Substrate/Glints2/dict_0004_0097" 8380
"/Engine/EngineMaterials/Substrate/Glints2/dict_0004_0089" 8381
"/Engine/EngineMaterials/Substrate/Glints2/dict_0004_0086" 8382
"../../../Engine/Content/EngineMaterials/Substrate/Glints2/dict_0004_0090.uasset" 8383
"../../../Engine/Content/EngineMaterials/Substrate/Glints2/dict_0004_0085.uasset" 8384
"/Engine/EngineMaterials/Substrate/Glints2/dict_0004_0090" 8385
"/Engine/EngineMaterials/Substrate/Glints2/dict_0004_0085" 8386
"../../../Engine/Content/EngineMaterials/Substrate/Glints2/dict_0004_0081.uasset" 8387
"../../../Engine/Content/EngineMaterials/Substrate/Glints2/dict_0004_0084.uasset" 8388
"../../../Engine/Content/EngineMaterials/Substrate/Glints2/dict_0004_0079.uasset" 8389
"../../../Engine/Content/EngineMaterials/Substrate/Glints2/dict_0004_0083.uasset" 8390
"../../../Engine/Content/EngineMaterials/Substrate/Glints2/dict_0004_0080.uasset" 8391
"../../../Engine/Content/EngineMaterials/Substrate/Glints2/dict_0004_0078.uasset" 8392
"../../../Engine/Content/EngineMaterials/Substrate/Glints2/dict_0004_0077.uasset" 8393
"../../../Engine/Content/EngineMaterials/Substrate/Glints2/dict_0004_0107.uasset" 8394
"../../../Engine/Content/EngineMaterials/Substrate/Glints2/dict_0004_0075.uasset" 8395
"/Engine/EngineMaterials/Substrate/Glints2/dict_0004_0107" 8396
"../../../Engine/Content/EngineMaterials/Substrate/Glints2/dict_0004_0073.uasset" 8397
"/Engine/EngineMaterials/Substrate/Glints2/dict_0004_0081" 8398
"../../../Engine/Content/EngineMaterials/Substrate/Glints2/dict_0004_0071.uasset" 8399
"/Engine/EngineMaterials/Substrate/Glints2/dict_0004_0084" 8400
"/Engine/EngineMaterials/Substrate/Glints2/dict_0004_0075" 8401
"/Engine/EngineMaterials/Substrate/Glints2/dict_0004_0077" 8402
"/Engine/EngineMaterials/Substrate/Glints2/dict_0004_0078" 8403
"../../../Engine/Content/EngineMaterials/Substrate/Glints2/dict_0004_0074.uasset" 8404
"../../../Engine/Content/EngineMaterials/Substrate/Glints2/dict_0004_0076.uasset" 8405
"../../../Engine/Content/EngineMaterials/Substrate/Glints2/dict_0004_0070.uasset" 8406
"../../../Engine/Content/EngineMaterials/Substrate/Glints2/dict_0004_0072.uasset" 8407
"/Engine/EngineMaterials/Substrate/Glints2/dict_0004_0083" 8408
"../../../Engine/Content/EngineMaterials/Substrate/Glints2/dict_0004_0069.uasset" 8409
"/Engine/EngineMaterials/Substrate/Glints2/dict_0004_0079" 8410
"/Engine/EngineMaterials/Substrate/Glints2/dict_0004_0080" 8411
"../../../Engine/Content/EngineMaterials/Substrate/Glints2/dict_0004_0082.uasset" 8412
"/Engine/EngineMaterials/Substrate/Glints2/dict_0004_0070" 8413
"../../../Engine/Content/EngineMaterials/Substrate/Glints2/dict_0004_0067.uasset" 8414
"/Engine/EngineMaterials/Substrate/Glints2/dict_0004_0071" 8415
"/Engine/EngineMaterials/Substrate/Glints2/dict_0004_0072" 8416
"../../../Engine/Content/EngineMaterials/Substrate/Glints2/dict_0004_0064.uasset" 8417
"../../../Engine/Content/EngineMaterials/Substrate/Glints2/dict_0004_0062.uasset" 8418
"../../../Engine/Content/EngineMaterials/Substrate/Glints2/dict_0004_0066.uasset" 8419
"../../../Engine/Content/EngineMaterials/Substrate/Glints2/dict_0004_0063.uasset" 8420
"/Engine/EngineMaterials/Substrate/Glints2/dict_0004_0073" 8421
"../../../Engine/Content/EngineMaterials/Substrate/Glints2/dict_0004_0068.uasset" 8422
"../../../Engine/Content/EngineMaterials/Substrate/Glints2/dict_0004_0065.uasset" 8423
"/Engine/EngineMaterials/Substrate/Glints2/dict_0004_0074" 8424
"/Engine/EngineMaterials/Substrate/Glints2/dict_0004_0076" 8425
"/Engine/EngineMaterials/Substrate/Glints2/dict_0004_0082" 8426
"/Engine/EngineMaterials/Substrate/Glints2/dict_0004_0069" 8427
"/Engine/EngineMaterials/Substrate/Glints2/dict_0004_0062" 8428
"/Engine/EngineMaterials/Substrate/Glints2/dict_0004_0063" 8429
"/Engine/EngineMaterials/Substrate/Glints2/dict_0004_0064" 8430
"../../../Engine/Content/EngineMaterials/Substrate/Glints2/dict_0004_0060.uasset" 8431
"../../../Engine/Content/EngineMaterials/Substrate/Glints2/dict_0004_0056.uasset" 8432
"/Engine/EngineMaterials/Substrate/Glints2/dict_0004_0065" 8433
"/Engine/EngineMaterials/Substrate/Glints2/dict_0004_0066" 8434
"/Engine/EngineMaterials/Substrate/Glints2/dict_0004_0067" 8435
"/Engine/EngineMaterials/Substrate/Glints2/dict_0004_0068" 8436
"/Engine/EngineMaterials/Substrate/Glints2/dict_0004_0060" 8437
"../../../Engine/Content/EngineMaterials/Substrate/Glints2/dict_0004_0054.uasset" 8438
"/Engine/EngineMaterials/Substrate/Glints2/dict_0004_0056" 8439
"../../../Engine/Content/EngineMaterials/Substrate/Glints2/dict_0004_0059.uasset" 8440
"../../../Engine/Content/EngineMaterials/Substrate/Glints2/dict_0004_0057.uasset" 8441
"../../../Engine/Content/EngineMaterials/Substrate/Glints2/dict_0004_0058.uasset" 8442
"/Engine/EngineMaterials/Substrate/Glints2/dict_0004_0058" 8443
"../../../Engine/Content/EngineMaterials/Substrate/Glints2/dict_0004_0055.uasset" 8444
"../../../Engine/Content/EngineMaterials/Substrate/Glints2/dict_0004_0061.uasset" 8445
"/Engine/EngineMaterials/Substrate/Glints2/dict_0004_0054" 8446
"/Engine/EngineMaterials/Substrate/Glints2/dict_0004_0059" 8447
"/Engine/EngineMaterials/Substrate/Glints2/dict_0004_0057" 8448
"/Engine/EngineMaterials/Substrate/Glints2/dict_0004_0061" 8449
"/Engine/EngineMaterials/Substrate/Glints2/dict_0004_0055" 8450
"../../../Engine/Content/EngineMaterials/Substrate/Glints2/dict_0004_0053.uasset" 8451
"../../../Engine/Content/EngineMaterials/Substrate/Glints2/dict_0004_0050.uasset" 8452
"/Engine/EngineMaterials/Substrate/Glints2/dict_0004_0053" 8453
"../../../Engine/Content/EngineMaterials/Substrate/Glints2/dict_0004_0051.uasset" 8454
"../../../Engine/Content/EngineMaterials/Substrate/Glints2/dict_0004_0048.uasset" 8455
"../../../Engine/Content/EngineMaterials/Substrate/Glints2/dict_0004_0049.uasset" 8456
"../../../Engine/Content/EngineMaterials/Substrate/Glints2/dict_0004_0047.uasset" 8457
"/Engine/EngineMaterials/Substrate/Glints2/dict_0004_0050" 8458
"../../../Engine/Content/EngineMaterials/Substrate/Glints2/dict_0004_0046.uasset" 8459
"/Engine/EngineMaterials/Substrate/Glints2/dict_0004_0051" 8460
"/Engine/EngineMaterials/Substrate/Glints2/dict_0004_0046" 8461
"/Engine/EngineMaterials/Substrate/Glints2/dict_0004_0047" 8462
"/Engine/EngineMaterials/Substrate/Glints2/dict_0004_0048" 8463
"/Engine/EngineMaterials/Substrate/Glints2/dict_0004_0049" 8464
"../../../Engine/Content/EngineMaterials/Substrate/Glints2/dict_0004_0042.uasset" 8465
"../../../Engine/Content/EngineMaterials/Substrate/Glints2/dict_0004_0043.uasset" 8466
"../../../Engine/Content/EngineMaterials/Substrate/Glints2/dict_0004_0044.uasset" 8467
"../../../Engine/Content/EngineMaterials/Substrate/Glints2/dict_0004_0038.uasset" 8468
"../../../Engine/Content/EngineMaterials/Substrate/Glints2/dict_0004_0039.uasset" 8469
"../../../Engine/Content/EngineMaterials/Substrate/Glints2/dict_0004_0041.uasset" 8470
"../../../Engine/Content/EngineMaterials/Substrate/Glints2/dict_0004_0037.uasset" 8471
"../../../Engine/Content/EngineMaterials/Substrate/Glints2/dict_0004_0045.uasset" 8472
"../../../Engine/Content/EngineMaterials/Substrate/Glints2/dict_0004_0040.uasset" 8473
"../../../Engine/Content/EngineMaterials/Substrate/Glints2/dict_0004_0036.uasset" 8474
"/Engine/EngineMaterials/Substrate/Glints2/dict_0004_0045" 8475
"../../../Engine/Content/EngineMaterials/Substrate/Glints2/dict_0004_0035.uasset" 8476
"/Engine/EngineMaterials/Substrate/Glints2/dict_0004_0037" 8477
"../../../Engine/Content/EngineMaterials/Substrate/Glints2/dict_0004_0034.uasset" 8478
"/Engine/EngineMaterials/Substrate/Glints2/dict_0004_0038" 8479
"../../../Engine/Content/EngineMaterials/Substrate/Glints2/dict_0004_0031.uasset" 8480
"../../../Engine/Content/EngineMaterials/Substrate/Glints2/dict_0004_0029.uasset" 8481
"/Engine/EngineMaterials/Substrate/Glints2/dict_0004_0039" 8482
"/Engine/EngineMaterials/Substrate/Glints2/dict_0004_0040" 8483
"/Engine/EngineMaterials/Substrate/Glints2/dict_0004_0041" 8484
"/Engine/EngineMaterials/Substrate/Glints2/dict_0004_0042" 8485
"../../../Engine/Content/EngineMaterials/Substrate/Glints2/dict_0004_0033.uasset" 8486
"/Engine/EngineMaterials/Substrate/Glints2/dict_0004_0043" 8487
"/Engine/EngineMaterials/Substrate/Glints2/dict_0004_0036" 8488
"../../../Engine/Content/EngineMaterials/Substrate/Glints2/dict_0004_0030.uasset" 8489
"../../../Engine/Content/EngineMaterials/Substrate/Glints2/dict_0004_0026.uasset" 8490
"../../../Engine/Content/EngineMaterials/Substrate/Glints2/dict_0004_0032.uasset" 8491
"/Engine/EngineMaterials/Substrate/Glints2/dict_0004_0044" 8492
"/Engine/EngineMaterials/Substrate/Glints2/dict_0004_0030" 8493
"/Engine/EngineMaterials/Substrate/Glints2/dict_0004_0031" 8494
"../../../Engine/Content/EngineMaterials/Substrate/Glints2/dict_0004_0024.uasset" 8495
"../../../Engine/Content/EngineMaterials/Substrate/Glints2/dict_0004_0027.uasset" 8496
"/Engine/EngineMaterials/Substrate/Glints2/dict_0004_0032" 8497
"/Engine/EngineMaterials/Substrate/Glints2/dict_0004_0033" 8498
"../../../Engine/Content/EngineMaterials/Substrate/Glints2/dict_0004_0025.uasset" 8499
"../../../Engine/Content/EngineMaterials/Substrate/Glints2/dict_0004_0023.uasset" 8500
"/Engine/EngineMaterials/Substrate/Glints2/dict_0004_0034" 8501
"../../../Engine/Content/EngineMaterials/Substrate/Glints2/dict_0004_0022.uasset" 8502
"../../../Engine/Content/EngineMaterials/Substrate/Glints2/dict_0004_0028.uasset" 8503
"/Engine/EngineMaterials/Substrate/Glints2/dict_0004_0029" 8504
"../../../Engine/Content/EngineMaterials/Substrate/Glints2/dict_0004_0018.uasset" 8505
"/Engine/EngineMaterials/Substrate/Glints2/dict_0004_0026" 8506
"../../../Engine/Content/EngineMaterials/Substrate/Glints2/dict_0004_0020.uasset" 8507
"../../../Engine/Content/EngineMaterials/Substrate/Glints2/dict_0004_0021.uasset" 8508
"/Engine/EngineMaterials/Substrate/Glints2/dict_0004_0035" 8509
"/Engine/EngineMaterials/Substrate/Glints2/dict_0004_0028" 8510
"../../../Engine/Content/EngineMaterials/Substrate/Glints2/dict_0004_0019.uasset" 8511
"/Engine/EngineMaterials/Substrate/Glints2/dict_0004_0024" 8512
"/Engine/EngineMaterials/Substrate/Glints2/dict_0004_0025" 8513
"../../../Engine/Content/EngineMaterials/Substrate/Glints2/dict_0004_0017.uasset" 8514
"../../../Engine/Content/EngineMaterials/Substrate/Glints2/dict_0004_0015.uasset" 8515
"../../../Engine/Content/EngineMaterials/Substrate/Glints2/dict_0004_0014.uasset" 8516
"../../../Engine/Content/EngineMaterials/Substrate/Glints2/dict_0004_0016.uasset" 8517
"/Engine/EngineMaterials/Substrate/Glints2/dict_0004_0022" 8518
"/Engine/EngineMaterials/Substrate/Glints2/dict_0004_0018" 8519
"/Engine/EngineMaterials/Substrate/Glints2/dict_0004_0020" 8520
"/Engine/EngineMaterials/Substrate/Glints2/dict_0004_0023" 8521
"/Engine/EngineMaterials/Substrate/Glints2/dict_0004_0027" 8522
"/Engine/EngineMaterials/Substrate/Glints2/dict_0004_0021" 8523
"/Engine/EngineMaterials/Substrate/Glints2/dict_0004_0015" 8524
"../../../Engine/Content/EngineMaterials/Substrate/Glints2/dict_0004_0052.uasset" 8525
"../../../Engine/Content/EngineMaterials/Substrate/Glints2/dict_0004_0013.uasset" 8526
"../../../Engine/Content/EngineMaterials/Substrate/Glints2/dict_0004_0009.uasset" 8527
"../../../Engine/Content/EngineMaterials/Substrate/Glints2/dict_0004_0008.uasset" 8528
"/Engine/EngineMaterials/Substrate/Glints2/dict_0004_0016" 8529
"../../../Engine/Content/EngineMaterials/Substrate/Glints2/dict_0004_0011.uasset" 8530
"../../../Engine/Content/EngineMaterials/Substrate/Glints2/dict_0004_0012.uasset" 8531
"/Engine/EngineMaterials/Substrate/Glints2/dict_0004_0017" 8532
"/Engine/EngineMaterials/Substrate/Glints2/dict_0004_0019" 8533
"/Engine/EngineMaterials/Substrate/Glints2/dict_0004_0014" 8534
"../../../Engine/Content/EngineMaterials/Substrate/Glints2/dict_0004_0006.uasset" 8535
"../../../Engine/Content/EngineMaterials/Substrate/Glints2/dict_0004_0010.uasset" 8536
"/Engine/EngineMaterials/Substrate/Glints2/dict_0004_0008" 8537
"/Engine/EngineMaterials/Substrate/Glints2/dict_0004_0009" 8538
"/Engine/EngineMaterials/Substrate/Glints2/dict_0004_0010" 8539
"/Engine/EngineMaterials/Substrate/Glints2/dict_0004_0011" 8540
"/Engine/EngineMaterials/Substrate/Glints2/dict_0004_0012" 8541
"/Engine/EngineMaterials/Substrate/Glints2/dict_0004_0052" 8542
"/Engine/EngineMaterials/Substrate/Glints2/dict_0004_0013" 8543
"/Engine/EngineMaterials/Substrate/Glints2/dict_0004_0006" 8544
"../../../Engine/Content/EngineMaterials/Substrate/Glints2/dict_0004_0007.uasset" 8545
"../../../Engine/Content/EngineMaterials/Substrate/Glints2/dict_0004_0005.uasset" 8546
"/Engine/EngineMaterials/Substrate/Glints2/dict_0004_0005" 8547
"/Engine/EngineMaterials/Substrate/Glints2/dict_0004_0007" 8548
"../../../Engine/Content/EngineMaterials/Substrate/Glints2/dict_0003_0254.uasset" 8549
"../../../Engine/Content/EngineMaterials/Substrate/Glints2/dict_0004_0004.uasset" 8550
"../../../Engine/Content/EngineMaterials/Substrate/Glints2/dict_0004_0003.uasset" 8551
"../../../Engine/Content/EngineMaterials/Substrate/Glints2/dict_0004_0000.uasset" 8552
"../../../Engine/Content/EngineMaterials/Substrate/Glints2/dict_0004_0001.uasset" 8553
"../../../Engine/Content/EngineMaterials/Substrate/Glints2/dict_0003_0252.uasset" 8554
"../../../Engine/Content/EngineMaterials/Substrate/Glints2/dict_0003_0253.uasset" 8555
"../../../Engine/Content/EngineMaterials/Substrate/Glints2/dict_0003_0255.uasset" 8556
"../../../Engine/Content/EngineMaterials/Substrate/Glints2/dict_0003_0250.uasset" 8557
"../../../Engine/Content/EngineMaterials/Substrate/Glints2/dict_0003_0249.uasset" 8558
"../../../Engine/Content/EngineMaterials/Substrate/Glints2/dict_0003_0246.uasset" 8559
"../../../Engine/Content/EngineMaterials/Substrate/Glints2/dict_0003_0247.uasset" 8560
"../../../Engine/Content/EngineMaterials/Substrate/Glints2/dict_0003_0251.uasset" 8561
"/Engine/EngineMaterials/Substrate/Glints2/dict_0003_0253" 8562
"../../../Engine/Content/EngineMaterials/Substrate/Glints2/dict_0003_0248.uasset" 8563
"../../../Engine/Content/EngineMaterials/Substrate/Glints2/dict_0003_0244.uasset" 8564
"/Engine/EngineMaterials/Substrate/Glints2/dict_0003_0254" 8565
"../../../Engine/Content/EngineMaterials/Substrate/Glints2/dict_0003_0245.uasset" 8566
"/Engine/EngineMaterials/Substrate/Glints2/dict_0003_0246" 8567
"../../../Engine/Content/EngineMaterials/Substrate/Glints2/dict_0003_0242.uasset" 8568
"/Engine/EngineMaterials/Substrate/Glints2/dict_0003_0255" 8569
"/Engine/EngineMaterials/Substrate/Glints2/dict_0004_0000" 8570
"/Engine/EngineMaterials/Substrate/Glints2/dict_0003_0247" 8571
"../../../Engine/Content/EngineMaterials/Substrate/Glints2/dict_0003_0243.uasset" 8572
"/Engine/EngineMaterials/Substrate/Glints2/dict_0004_0001" 8573
"/Engine/EngineMaterials/Substrate/Glints2/dict_0003_0249" 8574
"/Engine/EngineMaterials/Substrate/Glints2/dict_0003_0250" 8575
"/Engine/EngineMaterials/Substrate/Glints2/dict_0004_0003" 8576
"../../../Engine/Content/EngineMaterials/Substrate/Glints2/dict_0003_0241.uasset" 8577
"/Engine/EngineMaterials/Substrate/Glints2/dict_0003_0251" 8578
"/Engine/EngineMaterials/Substrate/Glints2/dict_0004_0004" 8579
"/Engine/EngineMaterials/Substrate/Glints2/dict_0003_0252" 8580
"/Engine/EngineMaterials/Substrate/Glints2/dict_0003_0244" 8581
"/Engine/EngineMaterials/Substrate/Glints2/dict_0003_0245" 8582
"/Engine/EngineMaterials/Substrate/Glints2/dict_0003_0241" 8583
"/Engine/EngineMaterials/Substrate/Glints2/dict_0003_0248" 8584
"/Engine/EngineMaterials/Substrate/Glints2/dict_0003_0242" 8585
"../../../Engine/Content/EngineMaterials/Substrate/Glints2/dict_0003_0235.uasset" 8586
"/Engine/EngineMaterials/Substrate/Glints2/dict_0003_0243" 8587
"/Engine/EngineMaterials/Substrate/Glints2/dict_0003_0235" 8588
"../../../Engine/Content/EngineMaterials/Substrate/Glints2/dict_0003_0237.uasset" 8589
"/Engine/EngineMaterials/Substrate/Glints2/dict_0003_0237" 8590
"../../../Engine/Content/EngineMaterials/Substrate/Glints2/dict_0003_0239.uasset" 8591
"../../../Engine/Content/EngineMaterials/Substrate/Glints2/dict_0003_0238.uasset" 8592
"../../../Engine/Content/EngineMaterials/Substrate/Glints2/dict_0003_0234.uasset" 8593
"../../../Engine/Content/EngineMaterials/Substrate/Glints2/dict_0003_0236.uasset" 8594
"../../../Engine/Content/EngineMaterials/Substrate/Glints2/dict_0003_0240.uasset" 8595
"../../../Engine/Content/EngineMaterials/Substrate/Glints2/dict_0003_0231.uasset" 8596
"../../../Engine/Content/EngineMaterials/Substrate/Glints2/dict_0003_0232.uasset" 8597
"../../../Engine/Content/EngineMaterials/Substrate/Glints2/dict_0003_0228.uasset" 8598
"../../../Engine/Content/EngineMaterials/Substrate/Glints2/dict_0003_0233.uasset" 8599
"../../../Engine/Content/EngineMaterials/Substrate/Glints2/dict_0003_0229.uasset" 8600
"../../../Engine/Content/EngineMaterials/Substrate/Glints2/dict_0003_0230.uasset" 8601
"/Engine/EngineMaterials/Substrate/Glints2/dict_0003_0229" 8602
"/Engine/EngineMaterials/Substrate/Glints2/dict_0003_0239" 8603
"/Engine/EngineMaterials/Substrate/Glints2/dict_0003_0240" 8604
"/Engine/EngineMaterials/Substrate/Glints2/dict_0003_0231" 8605
"/Engine/EngineMaterials/Substrate/Glints2/dict_0003_0230" 8606
"/Engine/EngineMaterials/Substrate/Glints2/dict_0003_0232" 8607
"../../../Engine/Content/EngineMaterials/Substrate/Glints2/dict_0003_0226.uasset" 8608
"../../../Engine/Content/EngineMaterials/Substrate/Glints2/dict_0003_0225.uasset" 8609
"../../../Engine/Content/EngineMaterials/Substrate/Glints2/dict_0003_0227.uasset" 8610
"/Engine/EngineMaterials/Substrate/Glints2/dict_0003_0233" 8611
"../../../Engine/Content/EngineMaterials/Substrate/Glints2/dict_0003_0224.uasset" 8612
"/Engine/EngineMaterials/Substrate/Glints2/dict_0003_0234" 8613
"../../../Engine/Content/EngineMaterials/Substrate/Glints2/dict_0003_0223.uasset" 8614
"../../../Engine/Content/EngineMaterials/Substrate/Glints2/dict_0003_0222.uasset" 8615
"/Engine/EngineMaterials/Substrate/Glints2/dict_0003_0236" 8616
"/Engine/EngineMaterials/Substrate/Glints2/dict_0003_0238" 8617
"/Engine/EngineMaterials/Substrate/Glints2/dict_0003_0228" 8618
"../../../Engine/Content/EngineMaterials/Substrate/Glints2/dict_0003_0221.uasset" 8619
"/Engine/EngineMaterials/Substrate/Glints2/dict_0003_0221" 8620
"/Engine/EngineMaterials/Substrate/Glints2/dict_0003_0222" 8621
"../../../Engine/Content/EngineMaterials/Substrate/Glints2/dict_0003_0220.uasset" 8622
"/Engine/EngineMaterials/Substrate/Glints2/dict_0003_0223" 8623
"/Engine/EngineMaterials/Substrate/Glints2/dict_0003_0224" 8624
"../../../Engine/Content/EngineMaterials/Substrate/Glints2/dict_0003_0214.uasset" 8625
"../../../Engine/Content/EngineMaterials/Substrate/Glints2/dict_0003_0218.uasset" 8626
"/Engine/EngineMaterials/Substrate/Glints2/dict_0003_0225" 8627
"/Engine/EngineMaterials/Substrate/Glints2/dict_0003_0226" 8628
"/Engine/EngineMaterials/Substrate/Glints2/dict_0003_0227" 8629
"/Engine/EngineMaterials/Substrate/Glints2/dict_0003_0218" 8630
"/Engine/EngineMaterials/Substrate/Glints2/dict_0003_0220" 8631
"../../../Engine/Content/EngineMaterials/Substrate/Glints2/dict_0003_0215.uasset" 8632
"/Engine/EngineMaterials/Substrate/Glints2/dict_0003_0214" 8633
"/Engine/EngineMaterials/Substrate/Glints2/dict_0003_0215" 8634
"../../../Engine/Content/EngineMaterials/Substrate/Glints2/dict_0003_0217.uasset" 8635
"/Engine/EngineMaterials/Substrate/Glints2/dict_0003_0217" 8636
"../../../Engine/Content/EngineMaterials/Substrate/Glints2/dict_0003_0216.uasset" 8637
"../../../Engine/Content/EngineMaterials/Substrate/Glints2/dict_0003_0219.uasset" 8638
"/Engine/EngineMaterials/Substrate/Glints2/dict_0003_0216" 8639
"/Engine/EngineMaterials/Substrate/Glints2/dict_0003_0219" 8640
"../../../Engine/Content/EngineMaterials/Substrate/Glints2/dict_0003_0212.uasset" 8641
"../../../Engine/Content/EngineMaterials/Substrate/Glints2/dict_0003_0211.uasset" 8642
"../../../Engine/Content/EngineMaterials/Substrate/Glints2/dict_0003_0213.uasset" 8643
"../../../Engine/Content/EngineMaterials/Substrate/Glints2/dict_0003_0206.uasset" 8644
"../../../Engine/Content/EngineMaterials/Substrate/Glints2/dict_0004_0002.uasset" 8645
"../../../Engine/Content/EngineMaterials/Substrate/Glints2/dict_0003_0208.uasset" 8646
"../../../Engine/Content/EngineMaterials/Substrate/Glints2/dict_0003_0210.uasset" 8647
"../../../Engine/Content/EngineMaterials/Substrate/Glints2/dict_0003_0209.uasset" 8648
"../../../Engine/Content/EngineMaterials/Substrate/Glints2/dict_0003_0203.uasset" 8649
"../../../Engine/Content/EngineMaterials/Substrate/Glints2/dict_0003_0202.uasset" 8650
"../../../Engine/Content/EngineMaterials/Substrate/Glints2/dict_0003_0207.uasset" 8651
"../../../Engine/Content/EngineMaterials/Substrate/Glints2/dict_0003_0198.uasset" 8652
"../../../Engine/Content/EngineMaterials/Substrate/Glints2/dict_0003_0204.uasset" 8653
"../../../Engine/Content/EngineMaterials/Substrate/Glints2/dict_0003_0205.uasset" 8654
"../../../Engine/Content/EngineMaterials/Substrate/Glints2/dict_0003_0197.uasset" 8655
"/Engine/EngineMaterials/Substrate/Glints2/dict_0003_0210" 8656
"../../../Engine/Content/EngineMaterials/Substrate/Glints2/dict_0003_0200.uasset" 8657
"../../../Engine/Content/EngineMaterials/Substrate/Glints2/dict_0003_0199.uasset" 8658
"/Engine/EngineMaterials/Substrate/Glints2/dict_0003_0198" 8659
"../../../Engine/Content/EngineMaterials/Substrate/Glints2/dict_0003_0194.uasset" 8660
"/Engine/EngineMaterials/Substrate/Glints2/dict_0003_0211" 8661
"/Engine/EngineMaterials/Substrate/Glints2/dict_0003_0202" 8662
"../../../Engine/Content/EngineMaterials/Substrate/Glints2/dict_0003_0201.uasset" 8663
"../../../Engine/Content/EngineMaterials/Substrate/Glints2/dict_0003_0193.uasset" 8664
"../../../Engine/Content/EngineMaterials/Substrate/Glints2/dict_0003_0192.uasset" 8665
"/Engine/EngineMaterials/Substrate/Glints2/dict_0003_0203" 8666
"../../../Engine/Content/EngineMaterials/Substrate/Glints2/dict_0003_0196.uasset" 8667
"/Engine/EngineMaterials/Substrate/Glints2/dict_0003_0204" 8668
"/Engine/EngineMaterials/Substrate/Glints2/dict_0003_0212" 8669
"../../../Engine/Content/EngineMaterials/Substrate/Glints2/dict_0003_0195.uasset" 8670
"../../../Engine/Content/EngineMaterials/Substrate/Glints2/dict_0003_0191.uasset" 8671
"/Engine/EngineMaterials/Substrate/Glints2/dict_0003_0209" 8672
"/Engine/EngineMaterials/Substrate/Glints2/dict_0004_0002" 8673
"/Engine/EngineMaterials/Substrate/Glints2/dict_0003_0213" 8674
"/Engine/EngineMaterials/Substrate/Glints2/dict_0003_0205" 8675
"/Engine/EngineMaterials/Substrate/Glints2/dict_0003_0208" 8676
"/Engine/EngineMaterials/Substrate/Glints2/dict_0003_0206" 8677
"../../../Engine/Content/EngineMaterials/Substrate/Glints2/dict_0003_0189.uasset" 8678
"/Engine/EngineMaterials/Substrate/Glints2/dict_0003_0207" 8679
"../../../Engine/Content/EngineMaterials/Substrate/Glints2/dict_0003_0188.uasset" 8680
"/Engine/EngineMaterials/Substrate/Glints2/dict_0003_0197" 8681
"/Engine/EngineMaterials/Substrate/Glints2/dict_0003_0199" 8682
"../../../Engine/Content/EngineMaterials/Substrate/Glints2/dict_0003_0185.uasset" 8683
"/Engine/EngineMaterials/Substrate/Glints2/dict_0003_0200" 8684
"../../../Engine/Content/EngineMaterials/Substrate/Glints2/dict_0003_0190.uasset" 8685
"/Engine/EngineMaterials/Substrate/Glints2/dict_0003_0201" 8686
"../../../Engine/Content/EngineMaterials/Substrate/Glints2/dict_0003_0184.uasset" 8687
"/Engine/EngineMaterials/Substrate/Glints2/dict_0003_0188" 8688
"../../../Engine/Content/EngineMaterials/Substrate/Glints2/dict_0003_0183.uasset" 8689
"/Engine/EngineMaterials/Substrate/Glints2/dict_0003_0191" 8690
"/Engine/EngineMaterials/Substrate/Glints2/dict_0003_0189" 8691
"../../../Engine/Content/EngineMaterials/Substrate/Glints2/dict_0003_0186.uasset" 8692
"/Engine/EngineMaterials/Substrate/Glints2/dict_0003_0192" 8693
"/Engine/EngineMaterials/Substrate/Glints2/dict_0003_0193" 8694
"/Engine/EngineMaterials/Substrate/Glints2/dict_0003_0194" 8695
"../../../Engine/Content/EngineMaterials/Substrate/Glints2/dict_0003_0182.uasset" 8696
"../../../Engine/Content/EngineMaterials/Substrate/Glints2/dict_0003_0181.uasset" 8697
"/Engine/EngineMaterials/Substrate/Glints2/dict_0003_0195" 8698
"/Engine/EngineMaterials/Substrate/Glints2/dict_0003_0196" 8699
"/Engine/EngineMaterials/Substrate/Glints2/dict_0003_0183" 8700
"../../../Engine/Content/EngineMaterials/Substrate/Glints2/dict_0003_0178.uasset" 8701
"../../../Engine/Content/EngineMaterials/Substrate/Glints2/dict_0003_0180.uasset" 8702
"/Engine/EngineMaterials/Substrate/Glints2/dict_0003_0185" 8703
"/Engine/EngineMaterials/Substrate/Glints2/dict_0003_0184" 8704
"../../../Engine/Content/EngineMaterials/Substrate/Glints2/dict_0003_0179.uasset" 8705
"/Engine/EngineMaterials/Substrate/Glints2/dict_0003_0190" 8706
"/Engine/EngineMaterials/Substrate/Glints2/dict_0003_0181" 8707
"/Engine/EngineMaterials/Substrate/Glints2/dict_0003_0186" 8708
"/Engine/EngineMaterials/Substrate/Glints2/dict_0003_0182" 8709
"../../../Engine/Content/EngineMaterials/Substrate/Glints2/dict_0003_0173.uasset" 8710
"../../../Engine/Content/EngineMaterials/Substrate/Glints2/dict_0003_0174.uasset" 8711
"../../../Engine/Content/EngineMaterials/Substrate/Glints2/dict_0003_0177.uasset" 8712
"/Engine/EngineMaterials/Substrate/Glints2/dict_0003_0174" 8713
"/Engine/EngineMaterials/Substrate/Glints2/dict_0003_0178" 8714
"../../../Engine/Content/EngineMaterials/Substrate/Glints2/dict_0003_0176.uasset" 8715
"/Engine/EngineMaterials/Substrate/Glints2/dict_0003_0179" 8716
"../../../Engine/Content/EngineMaterials/Substrate/Glints2/dict_0003_0175.uasset" 8717
"/Engine/EngineMaterials/Substrate/Glints2/dict_0003_0180" 8718
"../../../Engine/Content/EngineMaterials/Substrate/Glints2/dict_0003_0172.uasset" 8719
"/Engine/EngineMaterials/Substrate/Glints2/dict_0003_0173" 8720
"/Engine/EngineMaterials/Substrate/Glints2/dict_0003_0175" 8721
"/Engine/EngineMaterials/Substrate/Glints2/dict_0003_0176" 8722
"/Engine/EngineMaterials/Substrate/Glints2/dict_0003_0177" 8723
"../../../Engine/Content/EngineMaterials/Substrate/Glints2/dict_0003_0171.uasset" 8724
"/Engine/EngineMaterials/Substrate/Glints2/dict_0003_0171" 8725
"/Engine/EngineMaterials/Substrate/Glints2/dict_0003_0172" 8726
"../../../Engine/Content/EngineMaterials/Substrate/Glints2/dict_0003_0169.uasset" 8727
"../../../Engine/Content/EngineMaterials/Substrate/Glints2/dict_0003_0168.uasset" 8728
"../../../Engine/Content/EngineMaterials/Substrate/Glints2/dict_0003_0170.uasset" 8729
"../../../Engine/Content/EngineMaterials/Substrate/Glints2/dict_0003_0167.uasset" 8730
"../../../Engine/Content/EngineMaterials/Substrate/Glints2/dict_0003_0187.uasset" 8731
"../../../Engine/Content/EngineMaterials/Substrate/Glints2/dict_0003_0165.uasset" 8732
"../../../Engine/Content/EngineMaterials/Substrate/Glints2/dict_0003_0166.uasset" 8733
"../../../Engine/Content/EngineMaterials/Substrate/Glints2/dict_0003_0164.uasset" 8734
"../../../Engine/Content/EngineMaterials/Substrate/Glints2/dict_0003_0161.uasset" 8735
"../../../Engine/Content/EngineMaterials/Substrate/Glints2/dict_0003_0162.uasset" 8736
"../../../Engine/Content/EngineMaterials/Substrate/Glints2/dict_0003_0160.uasset" 8737
"../../../Engine/Content/EngineMaterials/Substrate/Glints2/dict_0003_0159.uasset" 8738
"../../../Engine/Content/EngineMaterials/Substrate/Glints2/dict_0003_0163.uasset" 8739
"../../../Engine/Content/EngineMaterials/Substrate/Glints2/dict_0003_0156.uasset" 8740
"../../../Engine/Content/EngineMaterials/Substrate/Glints2/dict_0003_0155.uasset" 8741
"../../../Engine/Content/EngineMaterials/Substrate/Glints2/dict_0003_0154.uasset" 8742
"/Engine/EngineMaterials/Substrate/Glints2/dict_0003_0169" 8743
"/Engine/EngineMaterials/Substrate/Glints2/dict_0003_0170" 8744
"/Engine/EngineMaterials/Substrate/Glints2/dict_0003_0159" 8745
"../../../Engine/Content/EngineMaterials/Substrate/Glints2/dict_0003_0157.uasset" 8746
"/Engine/EngineMaterials/Substrate/Glints2/dict_0003_0160" 8747
"/Engine/EngineMaterials/Substrate/Glints2/dict_0003_0187" 8748
"../../../Engine/Content/EngineMaterials/Substrate/Glints2/dict_0003_0153.uasset" 8749
"/Engine/EngineMaterials/Substrate/Glints2/dict_0003_0161" 8750
"../../../Engine/Content/EngineMaterials/Substrate/Glints2/dict_0003_0158.uasset" 8751
"/Engine/EngineMaterials/Substrate/Glints2/dict_0003_0162" 8752
"/Engine/EngineMaterials/Substrate/Glints2/dict_0003_0163" 8753
"/Engine/EngineMaterials/Substrate/Glints2/dict_0003_0164" 8754
"/Engine/EngineMaterials/Substrate/Glints2/dict_0003_0165" 8755
"../../../Engine/Content/EngineMaterials/Substrate/Glints2/dict_0003_0149.uasset" 8756
"/Engine/EngineMaterials/Substrate/Glints2/dict_0003_0166" 8757
"/Engine/EngineMaterials/Substrate/Glints2/dict_0003_0167" 8758
"/Engine/EngineMaterials/Substrate/Glints2/dict_0003_0168" 8759
"../../../Engine/Content/EngineMaterials/Substrate/Glints2/dict_0003_0148.uasset" 8760
"../../../Engine/Content/EngineMaterials/Substrate/Glints2/dict_0003_0147.uasset" 8761
"../../../Engine/Content/EngineMaterials/Substrate/Glints2/dict_0003_0151.uasset" 8762
"/Engine/EngineMaterials/Substrate/Glints2/dict_0003_0155" 8763
"../../../Engine/Content/EngineMaterials/Substrate/Glints2/dict_0003_0150.uasset" 8764
"/Engine/EngineMaterials/Substrate/Glints2/dict_0003_0156" 8765
"/Engine/EngineMaterials/Substrate/Glints2/dict_0003_0157" 8766
"/Engine/EngineMaterials/Substrate/Glints2/dict_0003_0158" 8767
"/Engine/EngineMaterials/Substrate/Glints2/dict_0003_0150" 8768
"/Engine/EngineMaterials/Substrate/Glints2/dict_0003_0151" 8769
"../../../Engine/Content/EngineMaterials/Substrate/Glints2/dict_0003_0146.uasset" 8770
"../../../Engine/Content/EngineMaterials/Substrate/Glints2/dict_0003_0145.uasset" 8771
"../../../Engine/Content/EngineMaterials/Substrate/Glints2/dict_0003_0152.uasset" 8772
"/Engine/EngineMaterials/Substrate/Glints2/dict_0003_0153" 8773
"/Engine/EngineMaterials/Substrate/Glints2/dict_0003_0147" 8774
"/Engine/EngineMaterials/Substrate/Glints2/dict_0003_0148" 8775
"/Engine/EngineMaterials/Substrate/Glints2/dict_0003_0149" 8776
"/Engine/EngineMaterials/Substrate/Glints2/dict_0003_0154" 8777
"/Engine/EngineMaterials/Substrate/Glints2/dict_0003_0152" 8778
"/Engine/EngineMaterials/Substrate/Glints2/dict_0003_0146" 8779
"../../../Engine/Content/EngineMaterials/Substrate/Glints2/dict_0003_0143.uasset" 8780
"/Engine/EngineMaterials/Substrate/Glints2/dict_0003_0145" 8781
"../../../Engine/Content/EngineMaterials/Substrate/Glints2/dict_0003_0142.uasset" 8782
"../../../Engine/Content/EngineMaterials/Substrate/Glints2/dict_0003_0141.uasset" 8783
"/Engine/EngineMaterials/Substrate/Glints2/dict_0003_0141" 8784
"/Engine/EngineMaterials/Substrate/Glints2/dict_0003_0142" 8785
"/Engine/EngineMaterials/Substrate/Glints2/dict_0003_0143" 8786
"../../../Engine/Content/EngineMaterials/Substrate/Glints2/dict_0003_0137.uasset" 8787
"../../../Engine/Content/EngineMaterials/Substrate/Glints2/dict_0003_0140.uasset" 8788
"../../../Engine/Content/EngineMaterials/Substrate/Glints2/dict_0003_0139.uasset" 8789
"../../../Engine/Content/EngineMaterials/Substrate/Glints2/dict_0003_0138.uasset" 8790
"../../../Engine/Content/EngineMaterials/Substrate/Glints2/dict_0003_0135.uasset" 8791
"../../../Engine/Content/EngineMaterials/Substrate/Glints2/dict_0003_0133.uasset" 8792
"../../../Engine/Content/EngineMaterials/Substrate/Glints2/dict_0003_0134.uasset" 8793
"../../../Engine/Content/EngineMaterials/Substrate/Glints2/dict_0003_0136.uasset" 8794
"../../../Engine/Content/EngineMaterials/Substrate/Glints2/dict_0003_0130.uasset" 8795
"../../../Engine/Content/EngineMaterials/Substrate/Glints2/dict_0003_0129.uasset" 8796
"../../../Engine/Content/EngineMaterials/Substrate/Glints2/dict_0003_0128.uasset" 8797
"../../../Engine/Content/EngineMaterials/Substrate/Glints2/dict_0003_0131.uasset" 8798
"/Engine/EngineMaterials/Substrate/Glints2/dict_0003_0128" 8799
"/Engine/EngineMaterials/Substrate/Glints2/dict_0003_0140" 8800
"../../../Engine/Content/EngineMaterials/Substrate/Glints2/dict_0003_0126.uasset" 8801
"/Engine/EngineMaterials/Substrate/Glints2/dict_0003_0129" 8802
"../../../Engine/Content/EngineMaterials/Substrate/Glints2/dict_0003_0127.uasset" 8803
"/Engine/EngineMaterials/Substrate/Glints2/dict_0003_0130" 8804
"/Engine/EngineMaterials/Substrate/Glints2/dict_0003_0131" 8805
"/Engine/EngineMaterials/Substrate/Glints2/dict_0003_0133" 8806
"/Engine/EngineMaterials/Substrate/Glints2/dict_0003_0134" 8807
"/Engine/EngineMaterials/Substrate/Glints2/dict_0003_0135" 8808
"../../../Engine/Content/EngineMaterials/Substrate/Glints2/dict_0003_0122.uasset" 8809
"/Engine/EngineMaterials/Substrate/Glints2/dict_0003_0136" 8810
"../../../Engine/Content/EngineMaterials/Substrate/Glints2/dict_0003_0123.uasset" 8811
"/Engine/EngineMaterials/Substrate/Glints2/dict_0003_0137" 8812
"../../../Engine/Content/EngineMaterials/Substrate/Glints2/dict_0003_0125.uasset" 8813
"/Engine/EngineMaterials/Substrate/Glints2/dict_0003_0138" 8814
"/Engine/EngineMaterials/Substrate/Glints2/dict_0003_0139" 8815
"/Engine/EngineMaterials/Substrate/Glints2/dict_0003_0125" 8816
"/Engine/EngineMaterials/Substrate/Glints2/dict_0003_0126" 8817
"/Engine/EngineMaterials/Substrate/Glints2/dict_0003_0127" 8818
"../../../Engine/Content/EngineMaterials/Substrate/Glints2/dict_0003_0120.uasset" 8819
"/Engine/EngineMaterials/Substrate/Glints2/dict_0003_0122" 8820
"../../../Engine/Content/EngineMaterials/Substrate/Glints2/dict_0003_0132.uasset" 8821
"../../../Engine/Content/EngineMaterials/Substrate/Glints2/dict_0003_0119.uasset" 8822
"/Engine/EngineMaterials/Substrate/Glints2/dict_0003_0123" 8823
"/Engine/EngineMaterials/Substrate/Glints2/dict_0003_0119" 8824
"/Engine/EngineMaterials/Substrate/Glints2/dict_0003_0120" 8825
"/Engine/EngineMaterials/Substrate/Glints2/dict_0003_0132" 8826
"../../../Engine/Content/EngineMaterials/Substrate/Glints2/dict_0003_0121.uasset" 8827
"../../../Engine/Content/EngineMaterials/Substrate/Glints2/dict_0003_0124.uasset" 8828
"../../../Engine/Content/EngineMaterials/Substrate/Glints2/dict_0003_0117.uasset" 8829
"../../../Engine/Content/EngineMaterials/Substrate/Glints2/dict_0003_0118.uasset" 8830
"../../../Engine/Content/EngineMaterials/Substrate/Glints2/dict_0003_0144.uasset" 8831
"../../../Engine/Content/EngineMaterials/Substrate/Glints2/dict_0003_0115.uasset" 8832
"../../../Engine/Content/EngineMaterials/Substrate/Glints2/dict_0003_0113.uasset" 8833
"../../../Engine/Content/EngineMaterials/Substrate/Glints2/dict_0003_0109.uasset" 8834
"../../../Engine/Content/EngineMaterials/Substrate/Glints2/dict_0003_0114.uasset" 8835
"../../../Engine/Content/EngineMaterials/Substrate/Glints2/dict_0003_0112.uasset" 8836
"../../../Engine/Content/EngineMaterials/Substrate/Glints2/dict_0003_0111.uasset" 8837
"../../../Engine/Content/EngineMaterials/Substrate/Glints2/dict_0003_0110.uasset" 8838
"../../../Engine/Content/EngineMaterials/Substrate/Glints2/dict_0003_0116.uasset" 8839
"/Engine/EngineMaterials/Substrate/Glints2/dict_0003_0116" 8840
"../../../Engine/Content/EngineMaterials/Substrate/Glints2/dict_0003_0106.uasset" 8841
"/Engine/EngineMaterials/Substrate/Glints2/dict_0003_0117" 8842
"../../../Engine/Content/EngineMaterials/Substrate/Glints2/dict_0003_0105.uasset" 8843
"../../../Engine/Content/EngineMaterials/Substrate/Glints2/dict_0003_0107.uasset" 8844
"/Engine/EngineMaterials/Substrate/Glints2/dict_0003_0118" 8845
"../../../Engine/Content/EngineMaterials/Substrate/Glints2/dict_0003_0103.uasset" 8846
"/Engine/EngineMaterials/Substrate/Glints2/dict_0003_0110" 8847
"/Engine/EngineMaterials/Substrate/Glints2/dict_0003_0113" 8848
"../../../Engine/Content/EngineMaterials/Substrate/Glints2/dict_0003_0101.uasset" 8849
"/Engine/EngineMaterials/Substrate/Glints2/dict_0003_0111" 8850
"/Engine/EngineMaterials/Substrate/Glints2/dict_0003_0114" 8851
"/Engine/EngineMaterials/Substrate/Glints2/dict_0003_0112" 8852
"/Engine/EngineMaterials/Substrate/Glints2/dict_0003_0144" 8853
"/Engine/EngineMaterials/Substrate/Glints2/dict_0003_0115" 8854
"/Engine/EngineMaterials/Substrate/Glints2/dict_0003_0121" 8855
"../../../Engine/Content/EngineMaterials/Substrate/Glints2/dict_0003_0102.uasset" 8856
"/Engine/EngineMaterials/Substrate/Glints2/dict_0003_0124" 8857
"/Engine/EngineMaterials/Substrate/Glints2/dict_0003_0109" 8858
"../../../Engine/Content/EngineMaterials/Substrate/Glints2/dict_0003_0099.uasset" 8859
"/Engine/EngineMaterials/Substrate/Glints2/dict_0003_0099" 8860
"../../../Engine/Content/EngineMaterials/Substrate/Glints2/dict_0003_0104.uasset" 8861
"/Engine/EngineMaterials/Substrate/Glints2/dict_0003_0101" 8862
"../../../Engine/Content/EngineMaterials/Substrate/Glints2/dict_0003_0098.uasset" 8863
"../../../Engine/Content/EngineMaterials/Substrate/Glints2/dict_0003_0100.uasset" 8864
"/Engine/EngineMaterials/Substrate/Glints2/dict_0003_0102" 8865
"/Engine/EngineMaterials/Substrate/Glints2/dict_0003_0103" 8866
"../../../Engine/Content/EngineMaterials/Substrate/Glints2/dict_0003_0096.uasset" 8867
"/Engine/EngineMaterials/Substrate/Glints2/dict_0003_0105" 8868
"../../../Engine/Content/EngineMaterials/Substrate/Glints2/dict_0003_0097.uasset" 8869
"/Engine/EngineMaterials/Substrate/Glints2/dict_0003_0106" 8870
"../../../Engine/Content/EngineMaterials/Substrate/Glints2/dict_0003_0093.uasset" 8871
"/Engine/EngineMaterials/Substrate/Glints2/dict_0003_0107" 8872
"/Engine/EngineMaterials/Substrate/Glints2/dict_0003_0093" 8873
"/Engine/EngineMaterials/Substrate/Glints2/dict_0003_0098" 8874
"../../../Engine/Content/EngineMaterials/Substrate/Glints2/dict_0003_0094.uasset" 8875
"../../../Engine/Content/EngineMaterials/Substrate/Glints2/dict_0003_0091.uasset" 8876
"/Engine/EngineMaterials/Substrate/Glints2/dict_0003_0100" 8877
"../../../Engine/Content/EngineMaterials/Substrate/Glints2/dict_0003_0095.uasset" 8878
"/Engine/EngineMaterials/Substrate/Glints2/dict_0003_0096" 8879
"/Engine/EngineMaterials/Substrate/Glints2/dict_0003_0104" 8880
"/Engine/EngineMaterials/Substrate/Glints2/dict_0003_0097" 8881
"../../../Engine/Content/EngineMaterials/Substrate/Glints2/dict_0003_0089.uasset" 8882
"/Engine/EngineMaterials/Substrate/Glints2/dict_0003_0094" 8883
"../../../Engine/Content/EngineMaterials/Substrate/Glints2/dict_0003_0092.uasset" 8884
"/Engine/EngineMaterials/Substrate/Glints2/dict_0003_0095" 8885
"../../../Engine/Content/EngineMaterials/Substrate/Glints2/dict_0003_0090.uasset" 8886
"/Engine/EngineMaterials/Substrate/Glints2/dict_0003_0091" 8887
"../../../Engine/Content/EngineMaterials/Substrate/Glints2/dict_0003_0087.uasset" 8888
"/Engine/EngineMaterials/Substrate/Glints2/dict_0003_0090" 8889
"/Engine/EngineMaterials/Substrate/Glints2/dict_0003_0092" 8890
"/Engine/EngineMaterials/Substrate/Glints2/dict_0003_0089" 8891
"../../../Engine/Content/EngineMaterials/Substrate/Glints2/dict_0003_0088.uasset" 8892
"/Engine/EngineMaterials/Substrate/Glints2/dict_0003_0087" 8893
"/Engine/EngineMaterials/Substrate/Glints2/dict_0003_0088" 8894
"../../../Engine/Content/EngineMaterials/Substrate/Glints2/dict_0003_0085.uasset" 8895
"../../../Engine/Content/EngineMaterials/Substrate/Glints2/dict_0003_0083.uasset" 8896
"../../../Engine/Content/EngineMaterials/Substrate/Glints2/dict_0003_0084.uasset" 8897
"../../../Engine/Content/EngineMaterials/Substrate/Glints2/dict_0003_0080.uasset" 8898
"../../../Engine/Content/EngineMaterials/Substrate/Glints2/dict_0003_0086.uasset" 8899
"../../../Engine/Content/EngineMaterials/Substrate/Glints2/dict_0003_0081.uasset" 8900
"../../../Engine/Content/EngineMaterials/Substrate/Glints2/dict_0003_0108.uasset" 8901
"../../../Engine/Content/EngineMaterials/Substrate/Glints2/dict_0003_0078.uasset" 8902
"../../../Engine/Content/EngineMaterials/Substrate/Glints2/dict_0003_0077.uasset" 8903
"../../../Engine/Content/EngineMaterials/Substrate/Glints2/dict_0003_0075.uasset" 8904
"../../../Engine/Content/EngineMaterials/Substrate/Glints2/dict_0003_0076.uasset" 8905
"/Engine/EngineMaterials/Substrate/Glints2/dict_0003_0077" 8906
"/Engine/EngineMaterials/Substrate/Glints2/dict_0003_0078" 8907
"../../../Engine/Content/EngineMaterials/Substrate/Glints2/dict_0003_0079.uasset" 8908
"/Engine/EngineMaterials/Substrate/Glints2/dict_0003_0080" 8909
"/Engine/EngineMaterials/Substrate/Glints2/dict_0003_0081" 8910
"../../../Engine/Content/EngineMaterials/Substrate/Glints2/dict_0003_0082.uasset" 8911
"/Engine/EngineMaterials/Substrate/Glints2/dict_0003_0083" 8912
"/Engine/EngineMaterials/Substrate/Glints2/dict_0003_0084" 8913
"/Engine/EngineMaterials/Substrate/Glints2/dict_0003_0085" 8914
"../../../Engine/Content/EngineMaterials/Substrate/Glints2/dict_0003_0073.uasset" 8915
"../../../Engine/Content/EngineMaterials/Substrate/Glints2/dict_0003_0074.uasset" 8916
"/Engine/EngineMaterials/Substrate/Glints2/dict_0003_0086" 8917
"/Engine/EngineMaterials/Substrate/Glints2/dict_0003_0075" 8918
"/Engine/EngineMaterials/Substrate/Glints2/dict_0003_0076" 8919
"/Engine/EngineMaterials/Substrate/Glints2/dict_0003_0108" 8920
"../../../Engine/Content/EngineMaterials/Substrate/Glints2/dict_0003_0068.uasset" 8921
"../../../Engine/Content/EngineMaterials/Substrate/Glints2/dict_0003_0070.uasset" 8922
"/Engine/EngineMaterials/Substrate/Glints2/dict_0003_0079" 8923
"../../../Engine/Content/EngineMaterials/Substrate/Glints2/dict_0003_0069.uasset" 8924
"../../../Engine/Content/EngineMaterials/Substrate/Glints2/dict_0003_0071.uasset" 8925
"/Engine/EngineMaterials/Substrate/Glints2/dict_0003_0070" 8926
"/Engine/EngineMaterials/Substrate/Glints2/dict_0003_0082" 8927
"../../../Engine/Content/EngineMaterials/Substrate/Glints2/dict_0003_0067.uasset" 8928
"/Engine/EngineMaterials/Substrate/Glints2/dict_0003_0073" 8929
"/Engine/EngineMaterials/Substrate/Glints2/dict_0003_0068" 8930
"/Engine/EngineMaterials/Substrate/Glints2/dict_0003_0074" 8931
"/Engine/EngineMaterials/Substrate/Glints2/dict_0003_0071" 8932
"/Engine/EngineMaterials/Substrate/Glints2/dict_0003_0067" 8933
"/Engine/EngineMaterials/Substrate/Glints2/dict_0003_0069" 8934
"../../../Engine/Content/EngineMaterials/Substrate/Glints2/dict_0003_0062.uasset" 8935
"../../../Engine/Content/EngineMaterials/Substrate/Glints2/dict_0003_0063.uasset" 8936
"../../../Engine/Content/EngineMaterials/Substrate/Glints2/dict_0003_0061.uasset" 8937
"../../../Engine/Content/EngineMaterials/Substrate/Glints2/dict_0003_0066.uasset" 8938
"../../../Engine/Content/EngineMaterials/Substrate/Glints2/dict_0003_0064.uasset" 8939
"../../../Engine/Content/EngineMaterials/Substrate/Glints2/dict_0003_0065.uasset" 8940
"../../../Engine/Content/EngineMaterials/Substrate/Glints2/dict_0003_0072.uasset" 8941
"../../../Engine/Content/EngineMaterials/Substrate/Glints2/dict_0003_0056.uasset" 8942
"../../../Engine/Content/EngineMaterials/Substrate/Glints2/dict_0003_0053.uasset" 8943
"../../../Engine/Content/EngineMaterials/Substrate/Glints2/dict_0003_0059.uasset" 8944
"../../../Engine/Content/EngineMaterials/Substrate/Glints2/dict_0003_0058.uasset" 8945
"../../../Engine/Content/EngineMaterials/Substrate/Glints2/dict_0003_0057.uasset" 8946
"../../../Engine/Content/EngineMaterials/Substrate/Glints2/dict_0003_0055.uasset" 8947
"../../../Engine/Content/EngineMaterials/Substrate/Glints2/dict_0003_0060.uasset" 8948
"/Engine/EngineMaterials/Substrate/Glints2/dict_0003_0064" 8949
"/Engine/EngineMaterials/Substrate/Glints2/dict_0003_0061" 8950
"/Engine/EngineMaterials/Substrate/Glints2/dict_0003_0062" 8951
"/Engine/EngineMaterials/Substrate/Glints2/dict_0003_0058" 8952
"../../../Engine/Content/EngineMaterials/Substrate/Glints2/dict_0003_0054.uasset" 8953
"/Engine/EngineMaterials/Substrate/Glints2/dict_0003_0065" 8954
"/Engine/EngineMaterials/Substrate/Glints2/dict_0003_0066" 8955
"/Engine/EngineMaterials/Substrate/Glints2/dict_0003_0063" 8956
"/Engine/EngineMaterials/Substrate/Glints2/dict_0003_0072" 8957
"/Engine/EngineMaterials/Substrate/Glints2/dict_0003_0057" 8958
"/Engine/EngineMaterials/Substrate/Glints2/dict_0003_0059" 8959
"/Engine/EngineMaterials/Substrate/Glints2/dict_0003_0053" 8960
"../../../Engine/Content/EngineMaterials/Substrate/Glints2/dict_0003_0050.uasset" 8961
"../../../Engine/Content/EngineMaterials/Substrate/Glints2/dict_0003_0049.uasset" 8962
"../../../Engine/Content/EngineMaterials/Substrate/Glints2/dict_0003_0047.uasset" 8963
"/Engine/EngineMaterials/Substrate/Glints2/dict_0003_0056" 8964
"../../../Engine/Content/EngineMaterials/Substrate/Glints2/dict_0003_0051.uasset" 8965
"/Engine/EngineMaterials/Substrate/Glints2/dict_0003_0055" 8966
"/Engine/EngineMaterials/Substrate/Glints2/dict_0003_0060" 8967
"/Engine/EngineMaterials/Substrate/Glints2/dict_0003_0047" 8968
"/Engine/EngineMaterials/Substrate/Glints2/dict_0003_0049" 8969
"/Engine/EngineMaterials/Substrate/Glints2/dict_0003_0050" 8970
"/Engine/EngineMaterials/Substrate/Glints2/dict_0003_0051" 8971
"/Engine/EngineMaterials/Substrate/Glints2/dict_0003_0054" 8972
"../../../Engine/Content/EngineMaterials/Substrate/Glints2/dict_0003_0046.uasset" 8973
"../../../Engine/Content/EngineMaterials/Substrate/Glints2/dict_0003_0048.uasset" 8974
"../../../Engine/Content/EngineMaterials/Substrate/Glints2/dict_0003_0045.uasset" 8975
"../../../Engine/Content/EngineMaterials/Substrate/Glints2/dict_0003_0052.uasset" 8976
"../../../Engine/Content/EngineMaterials/Substrate/Glints2/dict_0003_0043.uasset" 8977
"../../../Engine/Content/EngineMaterials/Substrate/Glints2/dict_0003_0044.uasset" 8978
"../../../Engine/Content/EngineMaterials/Substrate/Glints2/dict_0003_0041.uasset" 8979
"../../../Engine/Content/EngineMaterials/Substrate/Glints2/dict_0003_0042.uasset" 8980
"../../../Engine/Content/EngineMaterials/Substrate/Glints2/dict_0003_0040.uasset" 8981
"../../../Engine/Content/EngineMaterials/Substrate/Glints2/dict_0003_0039.uasset" 8982
"../../../Engine/Content/EngineMaterials/Substrate/Glints2/dict_0003_0038.uasset" 8983
"../../../Engine/Content/EngineMaterials/Substrate/Glints2/dict_0003_0037.uasset" 8984
"../../../Engine/Content/EngineMaterials/Substrate/Glints2/dict_0003_0034.uasset" 8985
"../../../Engine/Content/EngineMaterials/Substrate/Glints2/dict_0003_0033.uasset" 8986
"../../../Engine/Content/EngineMaterials/Substrate/Glints2/dict_0003_0031.uasset" 8987
"../../../Engine/Content/EngineMaterials/Substrate/Glints2/dict_0003_0026.uasset" 8988
"/Engine/EngineMaterials/Substrate/Glints2/dict_0003_0045" 8989
"../../../Engine/Content/EngineMaterials/Substrate/Glints2/dict_0003_0027.uasset" 8990
"/Engine/EngineMaterials/Substrate/Glints2/dict_0003_0046" 8991
"/Engine/EngineMaterials/Substrate/Glints2/dict_0003_0039" 8992
"/Engine/EngineMaterials/Substrate/Glints2/dict_0003_0026" 8993
"/Engine/EngineMaterials/Substrate/Glints2/dict_0003_0040" 8994
"/Engine/EngineMaterials/Substrate/Glints2/dict_0003_0048" 8995
"../../../Engine/Content/EngineMaterials/Substrate/Glints2/dict_0003_0035.uasset" 8996
"../../../Engine/Content/EngineMaterials/Substrate/Glints2/dict_0003_0029.uasset" 8997
"/Engine/EngineMaterials/Substrate/Glints2/dict_0003_0041" 8998
"../../../Engine/Content/EngineMaterials/Substrate/Glints2/dict_0003_0032.uasset" 8999
"../../../Engine/Content/EngineMaterials/Substrate/Glints2/dict_0003_0030.uasset" 9000
"/Engine/EngineMaterials/Substrate/Glints2/dict_0003_0052" 9001
"/Engine/EngineMaterials/Substrate/Glints2/dict_0003_0031" 9002
"/Engine/EngineMaterials/Substrate/Glints2/dict_0003_0037" 9003
"/Engine/EngineMaterials/Substrate/Glints2/dict_0003_0042" 9004
"../../../Engine/Content/EngineMaterials/Substrate/Glints2/dict_0003_0028.uasset" 9005
"/Engine/EngineMaterials/Substrate/Glints2/dict_0003_0043" 9006
"/Engine/EngineMaterials/Substrate/Glints2/dict_0003_0044" 9007
"/Engine/EngineMaterials/Substrate/Glints2/dict_0003_0038" 9008
"/Engine/EngineMaterials/Substrate/Glints2/dict_0003_0033" 9009
"../../../Engine/Content/EngineMaterials/Substrate/Glints2/dict_0003_0023.uasset" 9010
"/Engine/EngineMaterials/Substrate/Glints2/dict_0003_0034" 9011
"/Engine/EngineMaterials/Substrate/Glints2/dict_0003_0027" 9012
"../../../Engine/Content/EngineMaterials/Substrate/Glints2/dict_0003_0025.uasset" 9013
"/Engine/EngineMaterials/Substrate/Glints2/dict_0003_0028" 9014
"/Engine/EngineMaterials/Substrate/Glints2/dict_0003_0029" 9015
"/Engine/EngineMaterials/Substrate/Glints2/dict_0003_0030" 9016
"/Engine/EngineMaterials/Substrate/Glints2/dict_0003_0032" 9017
"/Engine/EngineMaterials/Substrate/Glints2/dict_0003_0035" 9018
"/Engine/EngineMaterials/Substrate/Glints2/dict_0003_0023" 9019
"/Engine/EngineMaterials/Substrate/Glints2/dict_0003_0025" 9020
"../../../Engine/Content/EngineMaterials/Substrate/Glints2/dict_0003_0036.uasset" 9021
"../../../Engine/Content/EngineMaterials/Substrate/Glints2/dict_0003_0021.uasset" 9022
"../../../Engine/Content/EngineMaterials/Substrate/Glints2/dict_0003_0020.uasset" 9023
"../../../Engine/Content/EngineMaterials/Substrate/Glints2/dict_0003_0018.uasset" 9024
"../../../Engine/Content/EngineMaterials/Substrate/Glints2/dict_0003_0017.uasset" 9025
"../../../Engine/Content/EngineMaterials/Substrate/Glints2/dict_0003_0016.uasset" 9026
"../../../Engine/Content/EngineMaterials/Substrate/Glints2/dict_0003_0024.uasset" 9027
"../../../Engine/Content/EngineMaterials/Substrate/Glints2/dict_0003_0019.uasset" 9028
"../../../Engine/Content/EngineMaterials/Substrate/Glints2/dict_0003_0022.uasset" 9029
"../../../Engine/Content/EngineMaterials/Substrate/Glints2/dict_0003_0013.uasset" 9030
"../../../Engine/Content/EngineMaterials/Substrate/Glints2/dict_0003_0014.uasset" 9031
"../../../Engine/Content/EngineMaterials/Substrate/Glints2/dict_0003_0012.uasset" 9032
"../../../Engine/Content/EngineMaterials/Substrate/Glints2/dict_0003_0010.uasset" 9033
"/Engine/EngineMaterials/Substrate/Glints2/dict_0003_0022" 9034
"/Engine/EngineMaterials/Substrate/Glints2/dict_0003_0024" 9035
"/Engine/EngineMaterials/Substrate/Glints2/dict_0003_0017" 9036
"/Engine/EngineMaterials/Substrate/Glints2/dict_0003_0036" 9037
"../../../Engine/Content/EngineMaterials/Substrate/Glints2/dict_0003_0011.uasset" 9038
"/Engine/EngineMaterials/Substrate/Glints2/dict_0003_0018" 9039
"/Engine/EngineMaterials/Substrate/Glints2/dict_0003_0019" 9040
"/Engine/EngineMaterials/Substrate/Glints2/dict_0003_0020" 9041
"/Engine/EngineMaterials/Substrate/Glints2/dict_0003_0010" 9042
"../../../Engine/Content/EngineMaterials/Substrate/Glints2/dict_0003_0007.uasset" 9043
"/Engine/EngineMaterials/Substrate/Glints2/dict_0003_0012" 9044
"/Engine/EngineMaterials/Substrate/Glints2/dict_0003_0013" 9045
"/Engine/EngineMaterials/Substrate/Glints2/dict_0003_0014" 9046
"../../../Engine/Content/EngineMaterials/Substrate/Glints2/dict_0003_0009.uasset" 9047
"../../../Engine/Content/EngineMaterials/Substrate/Glints2/dict_0003_0003.uasset" 9048
"/Engine/EngineMaterials/Substrate/Glints2/dict_0003_0021" 9049
"../../../Engine/Content/EngineMaterials/Substrate/Glints2/dict_0003_0008.uasset" 9050
"/Engine/EngineMaterials/Substrate/Glints2/dict_0003_0016" 9051
"/Engine/EngineMaterials/Substrate/Glints2/dict_0003_0003" 9052
"/Engine/EngineMaterials/Substrate/Glints2/dict_0003_0007" 9053
"../../../Engine/Content/EngineMaterials/Substrate/Glints2/dict_0003_0005.uasset" 9054
"/Engine/EngineMaterials/Substrate/Glints2/dict_0003_0008" 9055
"/Engine/EngineMaterials/Substrate/Glints2/dict_0003_0009" 9056
"../../../Engine/Content/EngineMaterials/Substrate/Glints2/dict_0003_0006.uasset" 9057
"/Engine/EngineMaterials/Substrate/Glints2/dict_0003_0011" 9058
"/Engine/EngineMaterials/Substrate/Glints2/dict_0003_0005" 9059
"/Engine/EngineMaterials/Substrate/Glints2/dict_0003_0006" 9060
"../../../Engine/Content/EngineMaterials/Substrate/Glints2/dict_0003_0000.uasset" 9061
"../../../Engine/Content/EngineMaterials/Substrate/Glints2/dict_0003_0002.uasset" 9062
"../../../Engine/Content/EngineMaterials/Substrate/Glints2/dict_0002_0254.uasset" 9063
"../../../Engine/Content/EngineMaterials/Substrate/Glints2/dict_0002_0253.uasset" 9064
"../../../Engine/Content/EngineMaterials/Substrate/Glints2/dict_0003_0001.uasset" 9065
"../../../Engine/Content/EngineMaterials/Substrate/Glints2/dict_0002_0255.uasset" 9066
"../../../Engine/Content/EngineMaterials/Substrate/Glints2/dict_0003_0004.uasset" 9067
"../../../Engine/Content/EngineMaterials/Substrate/Glints2/dict_0003_0015.uasset" 9068
"../../../Engine/Content/EngineMaterials/Substrate/Glints2/dict_0002_0252.uasset" 9069
"/Engine/EngineMaterials/Substrate/Glints2/dict_0003_0001" 9070
"../../../Engine/Content/EngineMaterials/Substrate/Glints2/dict_0002_0250.uasset" 9071
"/Engine/EngineMaterials/Substrate/Glints2/dict_0003_0002" 9072
"../../../Engine/Content/EngineMaterials/Substrate/Glints2/dict_0002_0251.uasset" 9073
"../../../Engine/Content/EngineMaterials/Substrate/Glints2/dict_0002_0249.uasset" 9074
"/Engine/EngineMaterials/Substrate/Glints2/dict_0003_0004" 9075
"/Engine/EngineMaterials/Substrate/Glints2/dict_0002_0252" 9076
"/Engine/EngineMaterials/Substrate/Glints2/dict_0002_0253" 9077
"../../../Engine/Content/EngineMaterials/Substrate/Glints2/dict_0002_0245.uasset" 9078
"/Engine/EngineMaterials/Substrate/Glints2/dict_0002_0254" 9079
"/Engine/EngineMaterials/Substrate/Glints2/dict_0002_0255" 9080
"/Engine/EngineMaterials/Substrate/Glints2/dict_0003_0015" 9081
"../../../Engine/Content/EngineMaterials/Substrate/Glints2/dict_0002_0247.uasset" 9082
"/Engine/EngineMaterials/Substrate/Glints2/dict_0003_0000" 9083
"../../../Engine/Content/EngineMaterials/Substrate/Glints2/dict_0002_0246.uasset" 9084
"../../../Engine/Content/EngineMaterials/Substrate/Glints2/dict_0002_0248.uasset" 9085
"/Engine/EngineMaterials/Substrate/Glints2/dict_0002_0249" 9086
"/Engine/EngineMaterials/Substrate/Glints2/dict_0002_0250" 9087
"/Engine/EngineMaterials/Substrate/Glints2/dict_0002_0251" 9088
"../../../Engine/Content/EngineMaterials/Substrate/Glints2/dict_0002_0242.uasset" 9089
"/Engine/EngineMaterials/Substrate/Glints2/dict_0002_0245" 9090
"../../../Engine/Content/EngineMaterials/Substrate/Glints2/dict_0002_0241.uasset" 9091
"../../../Engine/Content/EngineMaterials/Substrate/Glints2/dict_0002_0243.uasset" 9092
"../../../Engine/Content/EngineMaterials/Substrate/Glints2/dict_0002_0240.uasset" 9093
"/Engine/EngineMaterials/Substrate/Glints2/dict_0002_0246" 9094
"/Engine/EngineMaterials/Substrate/Glints2/dict_0002_0247" 9095
"/Engine/EngineMaterials/Substrate/Glints2/dict_0002_0240" 9096
"/Engine/EngineMaterials/Substrate/Glints2/dict_0002_0241" 9097
"/Engine/EngineMaterials/Substrate/Glints2/dict_0002_0242" 9098
"/Engine/EngineMaterials/Substrate/Glints2/dict_0002_0243" 9099
"/Engine/EngineMaterials/Substrate/Glints2/dict_0002_0248" 9100
"../../../Engine/Content/EngineMaterials/Substrate/Glints2/dict_0002_0236.uasset" 9101
"/Engine/EngineMaterials/Substrate/Glints2/dict_0002_0236" 9102
"../../../Engine/Content/EngineMaterials/Substrate/Glints2/dict_0002_0235.uasset" 9103
"../../../Engine/Content/EngineMaterials/Substrate/Glints2/dict_0002_0234.uasset" 9104
"../../../Engine/Content/EngineMaterials/Substrate/Glints2/dict_0002_0238.uasset" 9105
"../../../Engine/Content/EngineMaterials/Substrate/Glints2/dict_0002_0233.uasset" 9106
"../../../Engine/Content/EngineMaterials/Substrate/Glints2/dict_0002_0239.uasset" 9107
"../../../Engine/Content/EngineMaterials/Substrate/Glints2/dict_0002_0232.uasset" 9108
"../../../Engine/Content/EngineMaterials/Substrate/Glints2/dict_0002_0237.uasset" 9109
"../../../Engine/Content/EngineMaterials/Substrate/Glints2/dict_0002_0231.uasset" 9110
"../../../Engine/Content/EngineMaterials/Substrate/Glints2/dict_0002_0230.uasset" 9111
"../../../Engine/Content/EngineMaterials/Substrate/Glints2/dict_0002_0228.uasset" 9112
"../../../Engine/Content/EngineMaterials/Substrate/Glints2/dict_0002_0227.uasset" 9113
"../../../Engine/Content/EngineMaterials/Substrate/Glints2/dict_0002_0226.uasset" 9114
"../../../Engine/Content/EngineMaterials/Substrate/Glints2/dict_0002_0229.uasset" 9115
"../../../Engine/Content/EngineMaterials/Substrate/Glints2/dict_0002_0224.uasset" 9116
"/Engine/EngineMaterials/Substrate/Glints2/dict_0002_0237" 9117
"../../../Engine/Content/EngineMaterials/Substrate/Glints2/dict_0002_0222.uasset" 9118
"/Engine/EngineMaterials/Substrate/Glints2/dict_0002_0231" 9119
"../../../Engine/Content/EngineMaterials/Substrate/Glints2/dict_0002_0225.uasset" 9120
"../../../Engine/Content/EngineMaterials/Substrate/Glints2/dict_0002_0223.uasset" 9121
"../../../Engine/Content/EngineMaterials/Substrate/Glints2/dict_0002_0219.uasset" 9122
"/Engine/EngineMaterials/Substrate/Glints2/dict_0002_0229" 9123
"/Engine/EngineMaterials/Substrate/Glints2/dict_0002_0238" 9124
"/Engine/EngineMaterials/Substrate/Glints2/dict_0002_0230" 9125
"../../../Engine/Content/EngineMaterials/Substrate/Glints2/dict_0002_0220.uasset" 9126
"../../../Engine/Content/EngineMaterials/Substrate/Glints2/dict_0002_0221.uasset" 9127
"/Engine/EngineMaterials/Substrate/Glints2/dict_0002_0239" 9128
"/Engine/EngineMaterials/Substrate/Glints2/dict_0002_0232" 9129
"../../../Engine/Content/EngineMaterials/Substrate/Glints2/dict_0002_0244.uasset" 9130
"/Engine/EngineMaterials/Substrate/Glints2/dict_0002_0224" 9131
"/Engine/EngineMaterials/Substrate/Glints2/dict_0002_0233" 9132
"/Engine/EngineMaterials/Substrate/Glints2/dict_0002_0234" 9133
"/Engine/EngineMaterials/Substrate/Glints2/dict_0002_0235" 9134
"../../../Engine/Content/EngineMaterials/Substrate/Glints2/dict_0002_0218.uasset" 9135
"/Engine/EngineMaterials/Substrate/Glints2/dict_0002_0226" 9136
"../../../Engine/Content/EngineMaterials/Substrate/Glints2/dict_0002_0216.uasset" 9137
"/Engine/EngineMaterials/Substrate/Glints2/dict_0002_0227" 9138
"/Engine/EngineMaterials/Substrate/Glints2/dict_0002_0228" 9139
"../../../Engine/Content/EngineMaterials/Substrate/Glints2/dict_0002_0213.uasset" 9140
"../../../Engine/Content/EngineMaterials/Substrate/Glints2/dict_0002_0215.uasset" 9141
"../../../Engine/Content/EngineMaterials/Substrate/Glints2/dict_0002_0217.uasset" 9142
"../../../Engine/Content/EngineMaterials/Substrate/Glints2/dict_0002_0214.uasset" 9143
"../../../Engine/Content/EngineMaterials/Substrate/Glints2/dict_0002_0212.uasset" 9144
"/Engine/EngineMaterials/Substrate/Glints2/dict_0002_0220" 9145
"../../../Engine/Content/EngineMaterials/Substrate/Glints2/dict_0002_0211.uasset" 9146
"/Engine/EngineMaterials/Substrate/Glints2/dict_0002_0214" 9147
"/Engine/EngineMaterials/Substrate/Glints2/dict_0002_0221" 9148
"/Engine/EngineMaterials/Substrate/Glints2/dict_0002_0215" 9149
"/Engine/EngineMaterials/Substrate/Glints2/dict_0002_0222" 9150
"/Engine/EngineMaterials/Substrate/Glints2/dict_0002_0216" 9151
"/Engine/EngineMaterials/Substrate/Glints2/dict_0002_0223" 9152
"/Engine/EngineMaterials/Substrate/Glints2/dict_0002_0225" 9153
"/Engine/EngineMaterials/Substrate/Glints2/dict_0002_0244" 9154
"/Engine/EngineMaterials/Substrate/Glints2/dict_0002_0217" 9155
"/Engine/EngineMaterials/Substrate/Glints2/dict_0002_0218" 9156
"/Engine/EngineMaterials/Substrate/Glints2/dict_0002_0219" 9157
"../../../Engine/Content/EngineMaterials/Substrate/Glints2/dict_0002_0208.uasset" 9158
"/Engine/EngineMaterials/Substrate/Glints2/dict_0002_0213" 9159
"../../../Engine/Content/EngineMaterials/Substrate/Glints2/dict_0002_0205.uasset" 9160
"../../../Engine/Content/EngineMaterials/Substrate/Glints2/dict_0002_0209.uasset" 9161
"../../../Engine/Content/EngineMaterials/Substrate/Glints2/dict_0002_0207.uasset" 9162
"/Engine/EngineMaterials/Substrate/Glints2/dict_0002_0208" 9163
"../../../Engine/Content/EngineMaterials/Substrate/Glints2/dict_0002_0206.uasset" 9164
"/Engine/EngineMaterials/Substrate/Glints2/dict_0002_0209" 9165
"/Engine/EngineMaterials/Substrate/Glints2/dict_0002_0211" 9166
"../../../Engine/Content/EngineMaterials/Substrate/Glints2/dict_0002_0203.uasset" 9167
"/Engine/EngineMaterials/Substrate/Glints2/dict_0002_0212" 9168
"../../../Engine/Content/EngineMaterials/Substrate/Glints2/dict_0002_0204.uasset" 9169
"/Engine/EngineMaterials/Substrate/Glints2/dict_0002_0205" 9170
"/Engine/EngineMaterials/Substrate/Glints2/dict_0002_0207" 9171
"../../../Engine/Content/EngineMaterials/Substrate/Glints2/dict_0002_0210.uasset" 9172
"/Engine/EngineMaterials/Substrate/Glints2/dict_0002_0203" 9173
"/Engine/EngineMaterials/Substrate/Glints2/dict_0002_0204" 9174
"../../../Engine/Content/EngineMaterials/Substrate/Glints2/dict_0002_0202.uasset" 9175
"/Engine/EngineMaterials/Substrate/Glints2/dict_0002_0206" 9176
"/Engine/EngineMaterials/Substrate/Glints2/dict_0002_0210" 9177
"/Engine/EngineMaterials/Substrate/Glints2/dict_0002_0202" 9178
"../../../Engine/Content/EngineMaterials/Substrate/Glints2/dict_0002_0201.uasset" 9179
"../../../Engine/Content/EngineMaterials/Substrate/Glints2/dict_0002_0200.uasset" 9180
"../../../Engine/Content/EngineMaterials/Substrate/Glints2/dict_0002_0198.uasset" 9181
"../../../Engine/Content/EngineMaterials/Substrate/Glints2/dict_0002_0197.uasset" 9182
"../../../Engine/Content/EngineMaterials/Substrate/Glints2/dict_0002_0199.uasset" 9183
"../../../Engine/Content/EngineMaterials/Substrate/Glints2/dict_0002_0194.uasset" 9184
"../../../Engine/Content/EngineMaterials/Substrate/Glints2/dict_0002_0196.uasset" 9185
"../../../Engine/Content/EngineMaterials/Substrate/Glints2/dict_0002_0195.uasset" 9186
"../../../Engine/Content/EngineMaterials/Substrate/Glints2/dict_0002_0193.uasset" 9187
"../../../Engine/Content/EngineMaterials/Substrate/Glints2/dict_0002_0192.uasset" 9188
"../../../Engine/Content/EngineMaterials/Substrate/Glints2/dict_0002_0191.uasset" 9189
"../../../Engine/Content/EngineMaterials/Substrate/Glints2/dict_0002_0189.uasset" 9190
"../../../Engine/Content/EngineMaterials/Substrate/Glints2/dict_0002_0188.uasset" 9191
"../../../Engine/Content/EngineMaterials/Substrate/Glints2/dict_0002_0183.uasset" 9192
"../../../Engine/Content/EngineMaterials/Substrate/Glints2/dict_0002_0184.uasset" 9193
"../../../Engine/Content/EngineMaterials/Substrate/Glints2/dict_0002_0186.uasset" 9194
"../../../Engine/Content/EngineMaterials/Substrate/Glints2/dict_0002_0185.uasset" 9195
"../../../Engine/Content/EngineMaterials/Substrate/Glints2/dict_0002_0190.uasset" 9196
"../../../Engine/Content/EngineMaterials/Substrate/Glints2/dict_0002_0182.uasset" 9197
"/Engine/EngineMaterials/Substrate/Glints2/dict_0002_0183" 9198
"../../../Engine/Content/EngineMaterials/Substrate/Glints2/dict_0002_0187.uasset" 9199
"/Engine/EngineMaterials/Substrate/Glints2/dict_0002_0194" 9200
"/Engine/EngineMaterials/Substrate/Glints2/dict_0002_0195" 9201
"../../../Engine/Content/EngineMaterials/Substrate/Glints2/dict_0002_0181.uasset" 9202
"../../../Engine/Content/EngineMaterials/Substrate/Glints2/dict_0002_0178.uasset" 9203
"/Engine/EngineMaterials/Substrate/Glints2/dict_0002_0184" 9204
"/Engine/EngineMaterials/Substrate/Glints2/dict_0002_0185" 9205
"/Engine/EngineMaterials/Substrate/Glints2/dict_0002_0196" 9206
"/Engine/EngineMaterials/Substrate/Glints2/dict_0002_0197" 9207
"../../../Engine/Content/EngineMaterials/Substrate/Glints2/dict_0002_0177.uasset" 9208
"/Engine/EngineMaterials/Substrate/Glints2/dict_0002_0186" 9209
"/Engine/EngineMaterials/Substrate/Glints2/dict_0002_0198" 9210
"../../../Engine/Content/EngineMaterials/Substrate/Glints2/dict_0002_0179.uasset" 9211
"../../../Engine/Content/EngineMaterials/Substrate/Glints2/dict_0002_0174.uasset" 9212
"../../../Engine/Content/EngineMaterials/Substrate/Glints2/dict_0002_0176.uasset" 9213
"../../../Engine/Content/EngineMaterials/Substrate/Glints2/dict_0002_0180.uasset" 9214
"/Engine/EngineMaterials/Substrate/Glints2/dict_0002_0199" 9215
"../../../Engine/Content/EngineMaterials/Substrate/Glints2/dict_0002_0175.uasset" 9216
"/Engine/EngineMaterials/Substrate/Glints2/dict_0002_0200" 9217
"/Engine/EngineMaterials/Substrate/Glints2/dict_0002_0201" 9218
"/Engine/EngineMaterials/Substrate/Glints2/dict_0002_0188" 9219
"/Engine/EngineMaterials/Substrate/Glints2/dict_0002_0189" 9220
"/Engine/EngineMaterials/Substrate/Glints2/dict_0002_0190" 9221
"../../../Engine/Content/EngineMaterials/Substrate/Glints2/dict_0002_0171.uasset" 9222
"/Engine/EngineMaterials/Substrate/Glints2/dict_0002_0191" 9223
"/Engine/EngineMaterials/Substrate/Glints2/dict_0002_0192" 9224
"/Engine/EngineMaterials/Substrate/Glints2/dict_0002_0193" 9225
"/Engine/EngineMaterials/Substrate/Glints2/dict_0002_0175" 9226
"/Engine/EngineMaterials/Substrate/Glints2/dict_0002_0181" 9227
"/Engine/EngineMaterials/Substrate/Glints2/dict_0002_0182" 9228
"/Engine/EngineMaterials/Substrate/Glints2/dict_0002_0176" 9229
"/Engine/EngineMaterials/Substrate/Glints2/dict_0002_0187" 9230
"../../../Engine/Content/EngineMaterials/Substrate/Glints2/dict_0002_0172.uasset" 9231
"../../../Engine/Content/EngineMaterials/Substrate/Glints2/dict_0002_0173.uasset" 9232
"/Engine/EngineMaterials/Substrate/Glints2/dict_0002_0177" 9233
"../../../Engine/Content/EngineMaterials/Substrate/Glints2/dict_0002_0167.uasset" 9234
"/Engine/EngineMaterials/Substrate/Glints2/dict_0002_0171" 9235
"../../../Engine/Content/EngineMaterials/Substrate/Glints2/dict_0002_0165.uasset" 9236
"../../../Engine/Content/EngineMaterials/Substrate/Glints2/dict_0002_0170.uasset" 9237
"../../../Engine/Content/EngineMaterials/Substrate/Glints2/dict_0002_0169.uasset" 9238
"/Engine/EngineMaterials/Substrate/Glints2/dict_0002_0178" 9239
"../../../Engine/Content/EngineMaterials/Substrate/Glints2/dict_0002_0166.uasset" 9240
"/Engine/EngineMaterials/Substrate/Glints2/dict_0002_0179" 9241
"/Engine/EngineMaterials/Substrate/Glints2/dict_0002_0174" 9242
"../../../Engine/Content/EngineMaterials/Substrate/Glints2/dict_0002_0168.uasset" 9243
"/Engine/EngineMaterials/Substrate/Glints2/dict_0002_0180" 9244
"/Engine/EngineMaterials/Substrate/Glints2/dict_0002_0170" 9245
"/Engine/EngineMaterials/Substrate/Glints2/dict_0002_0172" 9246
"/Engine/EngineMaterials/Substrate/Glints2/dict_0002_0173" 9247
"/Engine/EngineMaterials/Substrate/Glints2/dict_0002_0165" 9248
"/Engine/EngineMaterials/Substrate/Glints2/dict_0002_0166" 9249
"../../../Engine/Content/EngineMaterials/Substrate/Glints2/dict_0002_0164.uasset" 9250
"/Engine/EngineMaterials/Substrate/Glints2/dict_0002_0167" 9251
"../../../Engine/Content/EngineMaterials/Substrate/Glints2/dict_0002_0159.uasset" 9252
"../../../Engine/Content/EngineMaterials/Substrate/Glints2/dict_0002_0157.uasset" 9253
"../../../Engine/Content/EngineMaterials/Substrate/Glints2/dict_0002_0162.uasset" 9254
"/Engine/EngineMaterials/Substrate/Glints2/dict_0002_0168" 9255
"/Engine/EngineMaterials/Substrate/Glints2/dict_0002_0169" 9256
"../../../Engine/Content/EngineMaterials/Substrate/Glints2/dict_0002_0161.uasset" 9257
"../../../Engine/Content/EngineMaterials/Substrate/Glints2/dict_0002_0160.uasset" 9258
"/Engine/EngineMaterials/Substrate/Glints2/dict_0002_0157" 9259
"/Engine/EngineMaterials/Substrate/Glints2/dict_0002_0159" 9260
"/Engine/EngineMaterials/Substrate/Glints2/dict_0002_0162" 9261
"/Engine/EngineMaterials/Substrate/Glints2/dict_0002_0164" 9262
"/Engine/EngineMaterials/Substrate/Glints2/dict_0002_0160" 9263
"/Engine/EngineMaterials/Substrate/Glints2/dict_0002_0161" 9264
"../../../Engine/Content/EngineMaterials/Substrate/Glints2/dict_0002_0163.uasset" 9265
"../../../Engine/Content/EngineMaterials/Substrate/Glints2/dict_0002_0153.uasset" 9266
"../../../Engine/Content/EngineMaterials/Substrate/Glints2/dict_0002_0156.uasset" 9267
"../../../Engine/Content/EngineMaterials/Substrate/Glints2/dict_0002_0158.uasset" 9268
"../../../Engine/Content/EngineMaterials/Substrate/Glints2/dict_0002_0151.uasset" 9269
"../../../Engine/Content/EngineMaterials/Substrate/Glints2/dict_0002_0154.uasset" 9270
"../../../Engine/Content/EngineMaterials/Substrate/Glints2/dict_0002_0155.uasset" 9271
"../../../Engine/Content/EngineMaterials/Substrate/Glints2/dict_0002_0152.uasset" 9272
"../../../Engine/Content/EngineMaterials/Substrate/Glints2/dict_0002_0150.uasset" 9273
"../../../Engine/Content/EngineMaterials/Substrate/Glints2/dict_0002_0147.uasset" 9274
"../../../Engine/Content/EngineMaterials/Substrate/Glints2/dict_0002_0144.uasset" 9275
"../../../Engine/Content/EngineMaterials/Substrate/Glints2/dict_0002_0145.uasset" 9276
"../../../Engine/Content/EngineMaterials/Substrate/Glints2/dict_0002_0148.uasset" 9277
"../../../Engine/Content/EngineMaterials/Substrate/Glints2/dict_0002_0142.uasset" 9278
"../../../Engine/Content/EngineMaterials/Substrate/Glints2/dict_0002_0149.uasset" 9279
"../../../Engine/Content/EngineMaterials/Substrate/Glints2/dict_0002_0146.uasset" 9280
"/Engine/EngineMaterials/Substrate/Glints2/dict_0002_0142" 9281
"/Engine/EngineMaterials/Substrate/Glints2/dict_0002_0152" 9282
"/Engine/EngineMaterials/Substrate/Glints2/dict_0002_0153" 9283
"/Engine/EngineMaterials/Substrate/Glints2/dict_0002_0154" 9284
"../../../Engine/Content/EngineMaterials/Substrate/Glints2/dict_0002_0143.uasset" 9285
"../../../Engine/Content/EngineMaterials/Substrate/Glints2/dict_0002_0141.uasset" 9286
"../../../Engine/Content/EngineMaterials/Substrate/Glints2/dict_0002_0140.uasset" 9287
"../../../Engine/Content/EngineMaterials/Substrate/Glints2/dict_0002_0139.uasset" 9288
"/Engine/EngineMaterials/Substrate/Glints2/dict_0002_0155" 9289
"../../../Engine/Content/EngineMaterials/Substrate/Glints2/dict_0002_0135.uasset" 9290
"/Engine/EngineMaterials/Substrate/Glints2/dict_0002_0156" 9291
"/Engine/EngineMaterials/Substrate/Glints2/dict_0002_0158" 9292
"/Engine/EngineMaterials/Substrate/Glints2/dict_0002_0144" 9293
"/Engine/EngineMaterials/Substrate/Glints2/dict_0002_0145" 9294
"/Engine/EngineMaterials/Substrate/Glints2/dict_0002_0146" 9295
"../../../Engine/Content/EngineMaterials/Substrate/Glints2/dict_0002_0137.uasset" 9296
"/Engine/EngineMaterials/Substrate/Glints2/dict_0002_0163" 9297
"../../../Engine/Content/EngineMaterials/Substrate/Glints2/dict_0002_0134.uasset" 9298
"/Engine/EngineMaterials/Substrate/Glints2/dict_0002_0147" 9299
"/Engine/EngineMaterials/Substrate/Glints2/dict_0002_0148" 9300
"/Engine/EngineMaterials/Substrate/Glints2/dict_0002_0149" 9301
"../../../Engine/Content/EngineMaterials/Substrate/Glints2/dict_0002_0133.uasset" 9302
"../../../Engine/Content/EngineMaterials/Substrate/Glints2/dict_0002_0130.uasset" 9303
"/Engine/EngineMaterials/Substrate/Glints2/dict_0002_0150" 9304
"../../../Engine/Content/EngineMaterials/Substrate/Glints2/dict_0002_0131.uasset" 9305
"../../../Engine/Content/EngineMaterials/Substrate/Glints2/dict_0002_0129.uasset" 9306
"/Engine/EngineMaterials/Substrate/Glints2/dict_0002_0151" 9307
"/Engine/EngineMaterials/Substrate/Glints2/dict_0002_0141" 9308
"/Engine/EngineMaterials/Substrate/Glints2/dict_0002_0143" 9309
"/Engine/EngineMaterials/Substrate/Glints2/dict_0002_0129" 9310
"../../../Engine/Content/EngineMaterials/Substrate/Glints2/dict_0002_0132.uasset" 9311
"/Engine/EngineMaterials/Substrate/Glints2/dict_0002_0130" 9312
"/Engine/EngineMaterials/Substrate/Glints2/dict_0002_0131" 9313
"/Engine/EngineMaterials/Substrate/Glints2/dict_0002_0133" 9314
"/Engine/EngineMaterials/Substrate/Glints2/dict_0002_0134" 9315
"/Engine/EngineMaterials/Substrate/Glints2/dict_0002_0135" 9316
"/Engine/EngineMaterials/Substrate/Glints2/dict_0002_0137" 9317
"/Engine/EngineMaterials/Substrate/Glints2/dict_0002_0139" 9318
"/Engine/EngineMaterials/Substrate/Glints2/dict_0002_0140" 9319
"/Engine/EngineMaterials/Substrate/Glints2/dict_0002_0132" 9320
"../../../Engine/Content/EngineMaterials/Substrate/Glints2/dict_0002_0136.uasset" 9321
"../../../Engine/Content/EngineMaterials/Substrate/Glints2/dict_0002_0138.uasset" 9322
"../../../Engine/Content/EngineMaterials/Substrate/Glints2/dict_0002_0125.uasset" 9323
"../../../Engine/Content/EngineMaterials/Substrate/Glints2/dict_0002_0127.uasset" 9324
"../../../Engine/Content/EngineMaterials/Substrate/Glints2/dict_0002_0123.uasset" 9325
"../../../Engine/Content/EngineMaterials/Substrate/Glints2/dict_0002_0124.uasset" 9326
"../../../Engine/Content/EngineMaterials/Substrate/Glints2/dict_0002_0126.uasset" 9327
"../../../Engine/Content/EngineMaterials/Substrate/Glints2/dict_0002_0122.uasset" 9328
"/Engine/EngineMaterials/Substrate/Glints2/dict_0002_0127" 9329
"/Engine/EngineMaterials/Substrate/Glints2/dict_0002_0122" 9330
"/Engine/EngineMaterials/Substrate/Glints2/dict_0002_0123" 9331
"/Engine/EngineMaterials/Substrate/Glints2/dict_0002_0136" 9332
"../../../Engine/Content/EngineMaterials/Substrate/Glints2/dict_0002_0118.uasset" 9333
"../../../Engine/Content/EngineMaterials/Substrate/Glints2/dict_0002_0120.uasset" 9334
"/Engine/EngineMaterials/Substrate/Glints2/dict_0002_0138" 9335
"/Engine/EngineMaterials/Substrate/Glints2/dict_0002_0124" 9336
"../../../Engine/Content/EngineMaterials/Substrate/Glints2/dict_0002_0116.uasset" 9337
"/Engine/EngineMaterials/Substrate/Glints2/dict_0002_0125" 9338
"../../../Engine/Content/EngineMaterials/Substrate/Glints2/dict_0002_0115.uasset" 9339
"../../../Engine/Content/EngineMaterials/Substrate/Glints2/dict_0002_0114.uasset" 9340
"/Engine/EngineMaterials/Substrate/Glints2/dict_0002_0126" 9341
"/Engine/EngineMaterials/Substrate/Glints2/dict_0002_0114" 9342
"/Engine/EngineMaterials/Substrate/Glints2/dict_0002_0115" 9343
"../../../Engine/Content/EngineMaterials/Substrate/Glints2/dict_0002_0117.uasset" 9344
"/Engine/EngineMaterials/Substrate/Glints2/dict_0002_0116" 9345
"/Engine/EngineMaterials/Substrate/Glints2/dict_0002_0118" 9346
"/Engine/EngineMaterials/Substrate/Glints2/dict_0002_0120" 9347
"/Engine/EngineMaterials/Substrate/Glints2/dict_0002_0117" 9348
"../../../Engine/Content/EngineMaterials/Substrate/Glints2/dict_0002_0112.uasset" 9349
"../../../Engine/Content/EngineMaterials/Substrate/Glints2/dict_0002_0119.uasset" 9350
"../../../Engine/Content/EngineMaterials/Substrate/Glints2/dict_0002_0113.uasset" 9351
"../../../Engine/Content/EngineMaterials/Substrate/Glints2/dict_0002_0109.uasset" 9352
"../../../Engine/Content/EngineMaterials/Substrate/Glints2/dict_0002_0107.uasset" 9353
"../../../Engine/Content/EngineMaterials/Substrate/Glints2/dict_0002_0111.uasset" 9354
"../../../Engine/Content/EngineMaterials/Substrate/Glints2/dict_0002_0110.uasset" 9355
"../../../Engine/Content/EngineMaterials/Substrate/Glints2/dict_0002_0108.uasset" 9356
"../../../Engine/Content/EngineMaterials/Substrate/Glints2/dict_0002_0105.uasset" 9357
"/Engine/EngineMaterials/Substrate/Glints2/dict_0002_0111" 9358
"../../../Engine/Content/EngineMaterials/Substrate/Glints2/dict_0002_0104.uasset" 9359
"/Engine/EngineMaterials/Substrate/Glints2/dict_0002_0112" 9360
"/Engine/EngineMaterials/Substrate/Glints2/dict_0002_0113" 9361
"/Engine/EngineMaterials/Substrate/Glints2/dict_0002_0119" 9362
"/Engine/EngineMaterials/Substrate/Glints2/dict_0002_0105" 9363
"/Engine/EngineMaterials/Substrate/Glints2/dict_0002_0107" 9364
"/Engine/EngineMaterials/Substrate/Glints2/dict_0002_0108" 9365
"/Engine/EngineMaterials/Substrate/Glints2/dict_0002_0109" 9366
"../../../Engine/Content/EngineMaterials/Substrate/Glints2/dict_0002_0103.uasset" 9367
"/Engine/EngineMaterials/Substrate/Glints2/dict_0002_0110" 9368
"../../../Engine/Content/EngineMaterials/Substrate/Glints2/dict_0002_0106.uasset" 9369
"/Engine/EngineMaterials/Substrate/Glints2/dict_0002_0103" 9370
"/Engine/EngineMaterials/Substrate/Glints2/dict_0002_0104" 9371
"/Engine/EngineMaterials/Substrate/Glints2/dict_0002_0106" 9372
"../../../Engine/Content/EngineMaterials/Substrate/Glints2/dict_0002_0128.uasset" 9373
"../../../Engine/Content/EngineMaterials/Substrate/Glints2/dict_0002_0121.uasset" 9374
"../../../Engine/Content/EngineMaterials/Substrate/Glints2/dict_0002_0101.uasset" 9375
"../../../Engine/Content/EngineMaterials/Substrate/Glints2/dict_0002_0102.uasset" 9376
"../../../Engine/Content/EngineMaterials/Substrate/Glints2/dict_0002_0100.uasset" 9377
"../../../Engine/Content/EngineMaterials/Substrate/Glints2/dict_0002_0099.uasset" 9378
"../../../Engine/Content/EngineMaterials/Substrate/Glints2/dict_0002_0097.uasset" 9379
"../../../Engine/Content/EngineMaterials/Substrate/Glints2/dict_0002_0095.uasset" 9380
"../../../Engine/Content/EngineMaterials/Substrate/Glints2/dict_0002_0096.uasset" 9381
"/Engine/EngineMaterials/Substrate/Glints2/dict_0002_0100" 9382
"../../../Engine/Content/EngineMaterials/Substrate/Glints2/dict_0002_0098.uasset" 9383
"/Engine/EngineMaterials/Substrate/Glints2/dict_0002_0101" 9384
"/Engine/EngineMaterials/Substrate/Glints2/dict_0002_0102" 9385
"../../../Engine/Content/EngineMaterials/Substrate/Glints2/dict_0002_0093.uasset" 9386
"../../../Engine/Content/EngineMaterials/Substrate/Glints2/dict_0002_0092.uasset" 9387
"/Engine/EngineMaterials/Substrate/Glints2/dict_0002_0128" 9388
"../../../Engine/Content/EngineMaterials/Substrate/Glints2/dict_0002_0094.uasset" 9389
"/Engine/EngineMaterials/Substrate/Glints2/dict_0002_0121" 9390
"/Engine/EngineMaterials/Substrate/Glints2/dict_0002_0099" 9391
"../../../Engine/Content/EngineMaterials/Substrate/Glints2/dict_0002_0091.uasset" 9392
"/Engine/EngineMaterials/Substrate/Glints2/dict_0002_0095" 9393
"/Engine/EngineMaterials/Substrate/Glints2/dict_0002_0096" 9394
"/Engine/EngineMaterials/Substrate/Glints2/dict_0002_0097" 9395
"/Engine/EngineMaterials/Substrate/Glints2/dict_0002_0091" 9396
"/Engine/EngineMaterials/Substrate/Glints2/dict_0002_0092" 9397
"/Engine/EngineMaterials/Substrate/Glints2/dict_0002_0093" 9398
"/Engine/EngineMaterials/Substrate/Glints2/dict_0002_0094" 9399
"/Engine/EngineMaterials/Substrate/Glints2/dict_0002_0098" 9400
"../../../Engine/Content/EngineMaterials/Substrate/Glints2/dict_0002_0090.uasset" 9401
"/Engine/EngineMaterials/Substrate/Glints2/dict_0002_0090" 9402
"../../../Engine/Content/EngineMaterials/Substrate/Glints2/dict_0002_0086.uasset" 9403
"../../../Engine/Content/EngineMaterials/Substrate/Glints2/dict_0002_0087.uasset" 9404
"../../../Engine/Content/EngineMaterials/Substrate/Glints2/dict_0002_0088.uasset" 9405
"../../../Engine/Content/EngineMaterials/Substrate/Glints2/dict_0002_0083.uasset" 9406
"../../../Engine/Content/EngineMaterials/Substrate/Glints2/dict_0002_0082.uasset" 9407
"../../../Engine/Content/EngineMaterials/Substrate/Glints2/dict_0002_0080.uasset" 9408
"../../../Engine/Content/EngineMaterials/Substrate/Glints2/dict_0002_0079.uasset" 9409
"../../../Engine/Content/EngineMaterials/Substrate/Glints2/dict_0002_0085.uasset" 9410
"/Engine/EngineMaterials/Substrate/Glints2/dict_0002_0086" 9411
"/Engine/EngineMaterials/Substrate/Glints2/dict_0002_0087" 9412
"/Engine/EngineMaterials/Substrate/Glints2/dict_0002_0088" 9413
"../../../Engine/Content/EngineMaterials/Substrate/Glints2/dict_0002_0081.uasset" 9414
"/Engine/EngineMaterials/Substrate/Glints2/dict_0002_0085" 9415
"/Engine/EngineMaterials/Substrate/Glints2/dict_0002_0079" 9416
"../../../Engine/Content/EngineMaterials/Substrate/Glints2/dict_0002_0078.uasset" 9417
"/Engine/EngineMaterials/Substrate/Glints2/dict_0002_0080" 9418
"/Engine/EngineMaterials/Substrate/Glints2/dict_0002_0082" 9419
"/Engine/EngineMaterials/Substrate/Glints2/dict_0002_0083" 9420
"/Engine/EngineMaterials/Substrate/Glints2/dict_0002_0078" 9421
"../../../Engine/Content/EngineMaterials/Substrate/Glints2/dict_0002_0076.uasset" 9422
"/Engine/EngineMaterials/Substrate/Glints2/dict_0002_0081" 9423
"/Engine/EngineMaterials/Substrate/Glints2/dict_0002_0076" 9424
"../../../Engine/Content/EngineMaterials/Substrate/Glints2/dict_0002_0074.uasset" 9425
"../../../Engine/Content/EngineMaterials/Substrate/Glints2/dict_0002_0077.uasset" 9426
"../../../Engine/Content/EngineMaterials/Substrate/Glints2/dict_0002_0075.uasset" 9427
"../../../Engine/Content/EngineMaterials/Substrate/Glints2/dict_0002_0072.uasset" 9428
"../../../Engine/Content/EngineMaterials/Substrate/Glints2/dict_0002_0089.uasset" 9429
"../../../Engine/Content/EngineMaterials/Substrate/Glints2/dict_0002_0084.uasset" 9430
"../../../Engine/Content/EngineMaterials/Substrate/Glints2/dict_0002_0068.uasset" 9431
"../../../Engine/Content/EngineMaterials/Substrate/Glints2/dict_0002_0070.uasset" 9432
"../../../Engine/Content/EngineMaterials/Substrate/Glints2/dict_0002_0071.uasset" 9433
"../../../Engine/Content/EngineMaterials/Substrate/Glints2/dict_0002_0073.uasset" 9434
"../../../Engine/Content/EngineMaterials/Substrate/Glints2/dict_0002_0065.uasset" 9435
"../../../Engine/Content/EngineMaterials/Substrate/Glints2/dict_0002_0061.uasset" 9436
"/Engine/EngineMaterials/Substrate/Glints2/dict_0002_0077" 9437
"../../../Engine/Content/EngineMaterials/Substrate/Glints2/dict_0002_0063.uasset" 9438
"/Engine/EngineMaterials/Substrate/Glints2/dict_0002_0073" 9439
"/Engine/EngineMaterials/Substrate/Glints2/dict_0002_0074" 9440
"/Engine/EngineMaterials/Substrate/Glints2/dict_0002_0089" 9441
"/Engine/EngineMaterials/Substrate/Glints2/dict_0002_0068" 9442
"/Engine/EngineMaterials/Substrate/Glints2/dict_0002_0075" 9443
"/Engine/EngineMaterials/Substrate/Glints2/dict_0002_0070" 9444
"../../../Engine/Content/EngineMaterials/Substrate/Glints2/dict_0002_0069.uasset" 9445
"/Engine/EngineMaterials/Substrate/Glints2/dict_0002_0071" 9446
"/Engine/EngineMaterials/Substrate/Glints2/dict_0002_0072" 9447
"/Engine/EngineMaterials/Substrate/Glints2/dict_0002_0084" 9448
"../../../Engine/Content/EngineMaterials/Substrate/Glints2/dict_0002_0064.uasset" 9449
"/Engine/EngineMaterials/Substrate/Glints2/dict_0002_0065" 9450
"/Engine/EngineMaterials/Substrate/Glints2/dict_0002_0069" 9451
"/Engine/EngineMaterials/Substrate/Glints2/dict_0002_0061" 9452
"../../../Engine/Content/EngineMaterials/Substrate/Glints2/dict_0002_0066.uasset" 9453
"../../../Engine/Content/EngineMaterials/Substrate/Glints2/dict_0002_0059.uasset" 9454
"../../../Engine/Content/EngineMaterials/Substrate/Glints2/dict_0002_0062.uasset" 9455
"/Engine/EngineMaterials/Substrate/Glints2/dict_0002_0063" 9456
"../../../Engine/Content/EngineMaterials/Substrate/Glints2/dict_0002_0060.uasset" 9457
"../../../Engine/Content/EngineMaterials/Substrate/Glints2/dict_0002_0057.uasset" 9458
"../../../Engine/Content/EngineMaterials/Substrate/Glints2/dict_0002_0058.uasset" 9459
"../../../Engine/Content/EngineMaterials/Substrate/Glints2/dict_0002_0054.uasset" 9460
"../../../Engine/Content/EngineMaterials/Substrate/Glints2/dict_0002_0051.uasset" 9461
"../../../Engine/Content/EngineMaterials/Substrate/Glints2/dict_0002_0050.uasset" 9462
"../../../Engine/Content/EngineMaterials/Substrate/Glints2/dict_0002_0053.uasset" 9463
"../../../Engine/Content/EngineMaterials/Substrate/Glints2/dict_0002_0056.uasset" 9464
"../../../Engine/Content/EngineMaterials/Substrate/Glints2/dict_0002_0067.uasset" 9465
"../../../Engine/Content/EngineMaterials/Substrate/Glints2/dict_0002_0052.uasset" 9466
"../../../Engine/Content/EngineMaterials/Substrate/Glints2/dict_0002_0049.uasset" 9467
"../../../Engine/Content/EngineMaterials/Substrate/Glints2/dict_0002_0055.uasset" 9468
"/Engine/EngineMaterials/Substrate/Glints2/dict_0002_0064" 9469
"/Engine/EngineMaterials/Substrate/Glints2/dict_0002_0050" 9470
"/Engine/EngineMaterials/Substrate/Glints2/dict_0002_0051" 9471
"/Engine/EngineMaterials/Substrate/Glints2/dict_0002_0052" 9472
"../../../Engine/Content/EngineMaterials/Substrate/Glints2/dict_0002_0046.uasset" 9473
"/Engine/EngineMaterials/Substrate/Glints2/dict_0002_0066" 9474
"/Engine/EngineMaterials/Substrate/Glints2/dict_0002_0053" 9475
"/Engine/EngineMaterials/Substrate/Glints2/dict_0002_0059" 9476
"/Engine/EngineMaterials/Substrate/Glints2/dict_0002_0067" 9477
"/Engine/EngineMaterials/Substrate/Glints2/dict_0002_0054" 9478
"/Engine/EngineMaterials/Substrate/Glints2/dict_0002_0055" 9479
"/Engine/EngineMaterials/Substrate/Glints2/dict_0002_0058" 9480
"/Engine/EngineMaterials/Substrate/Glints2/dict_0002_0060" 9481
"../../../Engine/Content/EngineMaterials/Substrate/Glints2/dict_0002_0045.uasset" 9482
"/Engine/EngineMaterials/Substrate/Glints2/dict_0002_0049" 9483
"/Engine/EngineMaterials/Substrate/Glints2/dict_0002_0062" 9484
"../../../Engine/Content/EngineMaterials/Substrate/Glints2/dict_0002_0047.uasset" 9485
"/Engine/EngineMaterials/Substrate/Glints2/dict_0002_0056" 9486
"../../../Engine/Content/EngineMaterials/Substrate/Glints2/dict_0002_0044.uasset" 9487
"/Engine/EngineMaterials/Substrate/Glints2/dict_0002_0057" 9488
"/Engine/EngineMaterials/Substrate/Glints2/dict_0002_0047" 9489
"/Engine/EngineMaterials/Substrate/Glints2/dict_0002_0044" 9490
"../../../Engine/Content/EngineMaterials/Substrate/Glints2/dict_0002_0048.uasset" 9491
"/Engine/EngineMaterials/Substrate/Glints2/dict_0002_0045" 9492
"../../../Engine/Content/EngineMaterials/Substrate/Glints2/dict_0002_0041.uasset" 9493
"../../../Engine/Content/EngineMaterials/Substrate/Glints2/dict_0002_0040.uasset" 9494
"/Engine/EngineMaterials/Substrate/Glints2/dict_0002_0046" 9495
"/Engine/EngineMaterials/Substrate/Glints2/dict_0002_0048" 9496
"/Engine/EngineMaterials/Substrate/Glints2/dict_0002_0040" 9497
"/Engine/EngineMaterials/Substrate/Glints2/dict_0002_0041" 9498
"../../../Engine/Content/EngineMaterials/Substrate/Glints2/dict_0002_0039.uasset" 9499
"../../../Engine/Content/EngineMaterials/Substrate/Glints2/dict_0002_0042.uasset" 9500
"../../../Engine/Content/EngineMaterials/Substrate/Glints2/dict_0002_0038.uasset" 9501
"../../../Engine/Content/EngineMaterials/Substrate/Glints2/dict_0002_0037.uasset" 9502
"../../../Engine/Content/EngineMaterials/Substrate/Glints2/dict_0002_0035.uasset" 9503
"../../../Engine/Content/EngineMaterials/Substrate/Glints2/dict_0002_0034.uasset" 9504
"../../../Engine/Content/EngineMaterials/Substrate/Glints2/dict_0002_0032.uasset" 9505
"../../../Engine/Content/EngineMaterials/Substrate/Glints2/dict_0002_0028.uasset" 9506
"../../../Engine/Content/EngineMaterials/Substrate/Glints2/dict_0002_0033.uasset" 9507
"/Engine/EngineMaterials/Substrate/Glints2/dict_0002_0033" 9508
"../../../Engine/Content/EngineMaterials/Substrate/Glints2/dict_0002_0030.uasset" 9509
"../../../Engine/Content/EngineMaterials/Substrate/Glints2/dict_0002_0036.uasset" 9510
"/Engine/EngineMaterials/Substrate/Glints2/dict_0002_0037" 9511
"/Engine/EngineMaterials/Substrate/Glints2/dict_0002_0038" 9512
"../../../Engine/Content/EngineMaterials/Substrate/Glints2/dict_0002_0031.uasset" 9513
"/Engine/EngineMaterials/Substrate/Glints2/dict_0002_0039" 9514
"/Engine/EngineMaterials/Substrate/Glints2/dict_0002_0028" 9515
"../../../Engine/Content/EngineMaterials/Substrate/Glints2/dict_0002_0029.uasset" 9516
"/Engine/EngineMaterials/Substrate/Glints2/dict_0002_0034" 9517
"/Engine/EngineMaterials/Substrate/Glints2/dict_0002_0042" 9518
"/Engine/EngineMaterials/Substrate/Glints2/dict_0002_0035" 9519
"/Engine/EngineMaterials/Substrate/Glints2/dict_0002_0032" 9520
"../../../Engine/Content/EngineMaterials/Substrate/Glints2/dict_0002_0024.uasset" 9521
"../../../Engine/Content/EngineMaterials/Substrate/Glints2/dict_0002_0027.uasset" 9522
"../../../Engine/Content/EngineMaterials/Substrate/Glints2/dict_0002_0025.uasset" 9523
"/Engine/EngineMaterials/Substrate/Glints2/dict_0002_0029" 9524
"../../../Engine/Content/EngineMaterials/Substrate/Glints2/dict_0002_0026.uasset" 9525
"../../../Engine/Content/EngineMaterials/Substrate/Glints2/dict_0002_0023.uasset" 9526
"/Engine/EngineMaterials/Substrate/Glints2/dict_0002_0030" 9527
"../../../Engine/Content/EngineMaterials/Substrate/Glints2/dict_0002_0022.uasset" 9528
"/Engine/EngineMaterials/Substrate/Glints2/dict_0002_0031" 9529
"/Engine/EngineMaterials/Substrate/Glints2/dict_0002_0036" 9530
"/Engine/EngineMaterials/Substrate/Glints2/dict_0002_0022" 9531
"/Engine/EngineMaterials/Substrate/Glints2/dict_0002_0023" 9532
"/Engine/EngineMaterials/Substrate/Glints2/dict_0002_0024" 9533
"/Engine/EngineMaterials/Substrate/Glints2/dict_0002_0025" 9534
"/Engine/EngineMaterials/Substrate/Glints2/dict_0002_0026" 9535
"/Engine/EngineMaterials/Substrate/Glints2/dict_0002_0027" 9536
"../../../Engine/Content/EngineMaterials/Substrate/Glints2/dict_0002_0021.uasset" 9537
"../../../Engine/Content/EngineMaterials/Substrate/Glints2/dict_0002_0020.uasset" 9538
"../../../Engine/Content/EngineMaterials/Substrate/Glints2/dict_0002_0019.uasset" 9539
"../../../Engine/Content/EngineMaterials/Substrate/Glints2/dict_0002_0018.uasset" 9540
"../../../Engine/Content/EngineMaterials/Substrate/Glints2/dict_0002_0014.uasset" 9541
"../../../Engine/Content/EngineMaterials/Substrate/Glints2/dict_0002_0015.uasset" 9542
"../../../Engine/Content/EngineMaterials/Substrate/Glints2/dict_0002_0016.uasset" 9543
"../../../Engine/Content/EngineMaterials/Substrate/Glints2/dict_0002_0017.uasset" 9544
"../../../Engine/Content/EngineMaterials/Substrate/Glints2/dict_0002_0012.uasset" 9545
"/Engine/EngineMaterials/Substrate/Glints2/dict_0002_0017" 9546
"/Engine/EngineMaterials/Substrate/Glints2/dict_0002_0018" 9547
"../../../Engine/Content/EngineMaterials/Substrate/Glints2/dict_0002_0007.uasset" 9548
"../../../Engine/Content/EngineMaterials/Substrate/Glints2/dict_0002_0013.uasset" 9549
"/Engine/EngineMaterials/Substrate/Glints2/dict_0002_0019" 9550
"/Engine/EngineMaterials/Substrate/Glints2/dict_0002_0020" 9551
"../../../Engine/Content/EngineMaterials/Substrate/Glints2/dict_0002_0010.uasset" 9552
"/Engine/EngineMaterials/Substrate/Glints2/dict_0002_0021" 9553
"/Engine/EngineMaterials/Substrate/Glints2/dict_0002_0012" 9554
"/Engine/EngineMaterials/Substrate/Glints2/dict_0002_0014" 9555
"/Engine/EngineMaterials/Substrate/Glints2/dict_0002_0015" 9556
"/Engine/EngineMaterials/Substrate/Glints2/dict_0002_0016" 9557
"/Engine/EngineMaterials/Substrate/Glints2/dict_0002_0013" 9558
"/Engine/EngineMaterials/Substrate/Glints2/dict_0002_0010" 9559
"/Engine/EngineMaterials/Substrate/Glints2/dict_0002_0007" 9560
"../../../Engine/Content/EngineMaterials/Substrate/Glints2/dict_0002_0011.uasset" 9561
"../../../Engine/Content/EngineMaterials/Substrate/Glints2/dict_0002_0008.uasset" 9562
"../../../Engine/Content/EngineMaterials/Substrate/Glints2/dict_0002_0004.uasset" 9563
"../../../Engine/Content/EngineMaterials/Substrate/Glints2/dict_0002_0009.uasset" 9564
"../../../Engine/Content/EngineMaterials/Substrate/Glints2/dict_0002_0006.uasset" 9565
"../../../Engine/Content/EngineMaterials/Substrate/Glints2/dict_0002_0002.uasset" 9566
"../../../Engine/Content/EngineMaterials/Substrate/Glints2/dict_0002_0005.uasset" 9567
"../../../Engine/Content/EngineMaterials/Substrate/Glints2/dict_0002_0003.uasset" 9568
"../../../Engine/Content/EngineMaterials/Substrate/Glints2/dict_0001_0254.uasset" 9569
"../../../Engine/Content/EngineMaterials/Substrate/Glints2/dict_0001_0255.uasset" 9570
"../../../Engine/Content/EngineMaterials/Substrate/Glints2/dict_0001_0251.uasset" 9571
"../../../Engine/Content/EngineMaterials/Substrate/Glints2/dict_0002_0001.uasset" 9572
"../../../Engine/Content/EngineMaterials/Substrate/Glints2/dict_0002_0000.uasset" 9573
"/Engine/EngineMaterials/Substrate/Glints2/dict_0002_0001" 9574
"/Engine/EngineMaterials/Substrate/Glints2/dict_0002_0002" 9575
"/Engine/EngineMaterials/Substrate/Glints2/dict_0002_0003" 9576
"/Engine/EngineMaterials/Substrate/Glints2/dict_0002_0004" 9577
"/Engine/EngineMaterials/Substrate/Glints2/dict_0002_0011" 9578
"../../../Engine/Content/EngineMaterials/Substrate/Glints2/dict_0001_0250.uasset" 9579
"/Engine/EngineMaterials/Substrate/Glints2/dict_0001_0251" 9580
"../../../Engine/Content/EngineMaterials/Substrate/Glints2/dict_0001_0253.uasset" 9581
"../../../Engine/Content/EngineMaterials/Substrate/Glints2/dict_0001_0246.uasset" 9582
"/Engine/EngineMaterials/Substrate/Glints2/dict_0002_0005" 9583
"../../../Engine/Content/EngineMaterials/Substrate/Glints2/dict_0001_0248.uasset" 9584
"/Engine/EngineMaterials/Substrate/Glints2/dict_0002_0006" 9585
"/Engine/EngineMaterials/Substrate/Glints2/dict_0002_0008" 9586
"/Engine/EngineMaterials/Substrate/Glints2/dict_0001_0254" 9587
"/Engine/EngineMaterials/Substrate/Glints2/dict_0001_0255" 9588
"/Engine/EngineMaterials/Substrate/Glints2/dict_0002_0009" 9589
"../../../Engine/Content/EngineMaterials/Substrate/Glints2/dict_0001_0252.uasset" 9590
"../../../Engine/Content/EngineMaterials/Substrate/Glints2/dict_0002_0043.uasset" 9591
"../../../Engine/Content/EngineMaterials/Substrate/Glints2/dict_0001_0247.uasset" 9592
"/Engine/EngineMaterials/Substrate/Glints2/dict_0002_0000" 9593
"/Engine/EngineMaterials/Substrate/Glints2/dict_0001_0247" 9594
"/Engine/EngineMaterials/Substrate/Glints2/dict_0001_0248" 9595
"/Engine/EngineMaterials/Substrate/Glints2/dict_0001_0250" 9596
"/Engine/EngineMaterials/Substrate/Glints2/dict_0001_0252" 9597
"/Engine/EngineMaterials/Substrate/Glints2/dict_0001_0253" 9598
"/Engine/EngineMaterials/Substrate/Glints2/dict_0001_0246" 9599
"../../../Engine/Content/EngineMaterials/Substrate/Glints2/dict_0001_0249.uasset" 9600
"../../../Engine/Content/EngineMaterials/Substrate/Glints2/dict_0001_0242.uasset" 9601
"../../../Engine/Content/EngineMaterials/Substrate/Glints2/dict_0001_0239.uasset" 9602
"../../../Engine/Content/EngineMaterials/Substrate/Glints2/dict_0001_0245.uasset" 9603
"../../../Engine/Content/EngineMaterials/Substrate/Glints2/dict_0001_0240.uasset" 9604
"../../../Engine/Content/EngineMaterials/Substrate/Glints2/dict_0001_0243.uasset" 9605
"../../../Engine/Content/EngineMaterials/Substrate/Glints2/dict_0001_0236.uasset" 9606
"/Engine/EngineMaterials/Substrate/Glints2/dict_0001_0236" 9607
"../../../Engine/Content/EngineMaterials/Substrate/Glints2/dict_0001_0237.uasset" 9608
"../../../Engine/Content/EngineMaterials/Substrate/Glints2/dict_0001_0241.uasset" 9609
"/Engine/EngineMaterials/Substrate/Glints2/dict_0001_0239" 9610
"../../../Engine/Content/EngineMaterials/Substrate/Glints2/dict_0001_0238.uasset" 9611
"/Engine/EngineMaterials/Substrate/Glints2/dict_0001_0240" 9612
"/Engine/EngineMaterials/Substrate/Glints2/dict_0001_0242" 9613
"/Engine/EngineMaterials/Substrate/Glints2/dict_0001_0249" 9614
"/Engine/EngineMaterials/Substrate/Glints2/dict_0001_0243" 9615
"/Engine/EngineMaterials/Substrate/Glints2/dict_0001_0245" 9616
"/Engine/EngineMaterials/Substrate/Glints2/dict_0001_0238" 9617
"/Engine/EngineMaterials/Substrate/Glints2/dict_0001_0241" 9618
"/Engine/EngineMaterials/Substrate/Glints2/dict_0001_0237" 9619
"../../../Engine/Content/EngineMaterials/Substrate/Glints2/dict_0001_0235.uasset" 9620
"../../../Engine/Content/EngineMaterials/Substrate/Glints2/dict_0001_0234.uasset" 9621
"../../../Engine/Content/EngineMaterials/Substrate/Glints2/dict_0001_0232.uasset" 9622
"../../../Engine/Content/EngineMaterials/Substrate/Glints2/dict_0001_0231.uasset" 9623
"../../../Engine/Content/EngineMaterials/Substrate/Glints2/dict_0001_0233.uasset" 9624
"../../../Engine/Content/EngineMaterials/Substrate/Glints2/dict_0001_0227.uasset" 9625
"../../../Engine/Content/EngineMaterials/Substrate/Glints2/dict_0001_0230.uasset" 9626
"../../../Engine/Content/EngineMaterials/Substrate/Glints2/dict_0001_0224.uasset" 9627
"../../../Engine/Content/EngineMaterials/Substrate/Glints2/dict_0001_0226.uasset" 9628
"../../../Engine/Content/EngineMaterials/Substrate/Glints2/dict_0001_0228.uasset" 9629
"../../../Engine/Content/EngineMaterials/Substrate/Glints2/dict_0001_0225.uasset" 9630
"../../../Engine/Content/EngineMaterials/Substrate/Glints2/dict_0001_0229.uasset" 9631
"/Engine/EngineMaterials/Substrate/Glints2/dict_0001_0235" 9632
"/Engine/EngineMaterials/Substrate/Glints2/dict_0001_0224" 9633
"/Engine/EngineMaterials/Substrate/Glints2/dict_0001_0225" 9634
"/Engine/EngineMaterials/Substrate/Glints2/dict_0001_0226" 9635
"/Engine/EngineMaterials/Substrate/Glints2/dict_0001_0227" 9636
"/Engine/EngineMaterials/Substrate/Glints2/dict_0001_0228" 9637
"../../../Engine/Content/EngineMaterials/Substrate/Glints2/dict_0001_0221.uasset" 9638
"/Engine/EngineMaterials/Substrate/Glints2/dict_0001_0229" 9639
"../../../Engine/Content/EngineMaterials/Substrate/Glints2/dict_0001_0223.uasset" 9640
"/Engine/EngineMaterials/Substrate/Glints2/dict_0001_0230" 9641
"/Engine/EngineMaterials/Substrate/Glints2/dict_0001_0231" 9642
"/Engine/EngineMaterials/Substrate/Glints2/dict_0001_0232" 9643
"../../../Engine/Content/EngineMaterials/Substrate/Glints2/dict_0001_0219.uasset" 9644
"/Engine/EngineMaterials/Substrate/Glints2/dict_0001_0233" 9645
"/Engine/EngineMaterials/Substrate/Glints2/dict_0001_0234" 9646
"../../../Engine/Content/EngineMaterials/Substrate/Glints2/dict_0001_0222.uasset" 9647
"../../../Engine/Content/EngineMaterials/Substrate/Glints2/dict_0001_0220.uasset" 9648
"/Engine/EngineMaterials/Substrate/Glints2/dict_0001_0222" 9649
"/Engine/EngineMaterials/Substrate/Glints2/dict_0001_0223" 9650
"/Engine/EngineMaterials/Substrate/Glints2/dict_0001_0219" 9651
"/Engine/EngineMaterials/Substrate/Glints2/dict_0001_0220" 9652
"/Engine/EngineMaterials/Substrate/Glints2/dict_0001_0221" 9653
"../../../Engine/Content/EngineMaterials/Substrate/Glints2/dict_0001_0215.uasset" 9654
"../../../Engine/Content/EngineMaterials/Substrate/Glints2/dict_0001_0216.uasset" 9655
"../../../Engine/Content/EngineMaterials/Substrate/Glints2/dict_0001_0218.uasset" 9656
"../../../Engine/Content/EngineMaterials/Substrate/Glints2/dict_0001_0217.uasset" 9657
"../../../Engine/Content/EngineMaterials/Substrate/Glints2/dict_0001_0212.uasset" 9658
"../../../Engine/Content/EngineMaterials/Substrate/Glints2/dict_0001_0210.uasset" 9659
"../../../Engine/Content/EngineMaterials/Substrate/Glints2/dict_0001_0213.uasset" 9660
"../../../Engine/Content/EngineMaterials/Substrate/Glints2/dict_0001_0211.uasset" 9661
"../../../Engine/Content/EngineMaterials/Substrate/Glints2/dict_0001_0214.uasset" 9662
"../../../Engine/Content/EngineMaterials/Substrate/Glints2/dict_0001_0209.uasset" 9663
"../../../Engine/Content/EngineMaterials/Substrate/Glints2/dict_0001_0205.uasset" 9664
"../../../Engine/Content/EngineMaterials/Substrate/Glints2/dict_0001_0207.uasset" 9665
"/Engine/EngineMaterials/Substrate/Glints2/dict_0001_0209" 9666
"/Engine/EngineMaterials/Substrate/Glints2/dict_0001_0210" 9667
"../../../Engine/Content/EngineMaterials/Substrate/Glints2/dict_0001_0202.uasset" 9668
"/Engine/EngineMaterials/Substrate/Glints2/dict_0001_0211" 9669
"/Engine/EngineMaterials/Substrate/Glints2/dict_0001_0207" 9670
"/Engine/EngineMaterials/Substrate/Glints2/dict_0001_0212" 9671
"/Engine/EngineMaterials/Substrate/Glints2/dict_0001_0216" 9672
"/Engine/EngineMaterials/Substrate/Glints2/dict_0001_0217" 9673
"/Engine/EngineMaterials/Substrate/Glints2/dict_0001_0213" 9674
"../../../Engine/Content/EngineMaterials/Substrate/Glints2/dict_0001_0200.uasset" 9675
"../../../Engine/Content/EngineMaterials/Substrate/Glints2/dict_0001_0204.uasset" 9676
"../../../Engine/Content/EngineMaterials/Substrate/Glints2/dict_0001_0203.uasset" 9677
"../../../Engine/Content/EngineMaterials/Substrate/Glints2/dict_0001_0199.uasset" 9678
"/Engine/EngineMaterials/Substrate/Glints2/dict_0001_0218" 9679
"/Engine/EngineMaterials/Substrate/Glints2/dict_0001_0214" 9680
"/Engine/EngineMaterials/Substrate/Glints2/dict_0002_0043" 9681
"/Engine/EngineMaterials/Substrate/Glints2/dict_0001_0215" 9682
"/Engine/EngineMaterials/Substrate/Glints2/dict_0001_0205" 9683
"../../../Engine/Content/EngineMaterials/Substrate/Glints2/dict_0001_0198.uasset" 9684
"/Engine/EngineMaterials/Substrate/Glints2/dict_0001_0198" 9685
"/Engine/EngineMaterials/Substrate/Glints2/dict_0001_0199" 9686
"/Engine/EngineMaterials/Substrate/Glints2/dict_0001_0200" 9687
"/Engine/EngineMaterials/Substrate/Glints2/dict_0001_0202" 9688
"/Engine/EngineMaterials/Substrate/Glints2/dict_0001_0203" 9689
"/Engine/EngineMaterials/Substrate/Glints2/dict_0001_0204" 9690
"../../../Engine/Content/EngineMaterials/Substrate/Glints2/dict_0001_0194.uasset" 9691
"../../../Engine/Content/EngineMaterials/Substrate/Glints2/dict_0001_0201.uasset" 9692
"../../../Engine/Content/EngineMaterials/Substrate/Glints2/dict_0001_0208.uasset" 9693
"../../../Engine/Content/EngineMaterials/Substrate/Glints2/dict_0001_0195.uasset" 9694
"../../../Engine/Content/EngineMaterials/Substrate/Glints2/dict_0001_0244.uasset" 9695
"../../../Engine/Content/EngineMaterials/Substrate/Glints2/dict_0001_0196.uasset" 9696
"../../../Engine/Content/EngineMaterials/Substrate/Glints2/dict_0001_0197.uasset" 9697
"../../../Engine/Content/EngineMaterials/Substrate/Glints2/dict_0001_0190.uasset" 9698
"../../../Engine/Content/EngineMaterials/Substrate/Glints2/dict_0001_0192.uasset" 9699
"../../../Engine/Content/EngineMaterials/Substrate/Glints2/dict_0001_0193.uasset" 9700
"../../../Engine/Content/EngineMaterials/Substrate/Glints2/dict_0001_0191.uasset" 9701
"/Engine/EngineMaterials/Substrate/Glints2/dict_0001_0194" 9702
"/Engine/EngineMaterials/Substrate/Glints2/dict_0001_0190" 9703
"/Engine/EngineMaterials/Substrate/Glints2/dict_0001_0195" 9704
"/Engine/EngineMaterials/Substrate/Glints2/dict_0001_0196" 9705
"/Engine/EngineMaterials/Substrate/Glints2/dict_0001_0197" 9706
"/Engine/EngineMaterials/Substrate/Glints2/dict_0001_0191" 9707
"/Engine/EngineMaterials/Substrate/Glints2/dict_0001_0208" 9708
"/Engine/EngineMaterials/Substrate/Glints2/dict_0001_0201" 9709
"/Engine/EngineMaterials/Substrate/Glints2/dict_0001_0192" 9710
"/Engine/EngineMaterials/Substrate/Glints2/dict_0001_0244" 9711
"/Engine/EngineMaterials/Substrate/Glints2/dict_0001_0193" 9712
"../../../Engine/Content/EngineMaterials/Substrate/Glints2/dict_0001_0186.uasset" 9713
"../../../Engine/Content/EngineMaterials/Substrate/Glints2/dict_0001_0184.uasset" 9714
"../../../Engine/Content/EngineMaterials/Substrate/Glints2/dict_0001_0189.uasset" 9715
"../../../Engine/Content/EngineMaterials/Substrate/Glints2/dict_0001_0183.uasset" 9716
"../../../Engine/Content/EngineMaterials/Substrate/Glints2/dict_0001_0185.uasset" 9717
"../../../Engine/Content/EngineMaterials/Substrate/Glints2/dict_0001_0181.uasset" 9718
"../../../Engine/Content/EngineMaterials/Substrate/Glints2/dict_0001_0187.uasset" 9719
"../../../Engine/Content/EngineMaterials/Substrate/Glints2/dict_0001_0180.uasset" 9720
"../../../Engine/Content/EngineMaterials/Substrate/Glints2/dict_0001_0182.uasset" 9721
"../../../Engine/Content/EngineMaterials/Substrate/Glints2/dict_0001_0177.uasset" 9722
"../../../Engine/Content/EngineMaterials/Substrate/Glints2/dict_0001_0178.uasset" 9723
"../../../Engine/Content/EngineMaterials/Substrate/Glints2/dict_0001_0175.uasset" 9724
"/Engine/EngineMaterials/Substrate/Glints2/dict_0001_0189" 9725
"../../../Engine/Content/EngineMaterials/Substrate/Glints2/dict_0001_0171.uasset" 9726
"../../../Engine/Content/EngineMaterials/Substrate/Glints2/dict_0001_0179.uasset" 9727
"../../../Engine/Content/EngineMaterials/Substrate/Glints2/dict_0001_0176.uasset" 9728
"../../../Engine/Content/EngineMaterials/Substrate/Glints2/dict_0001_0172.uasset" 9729
"/Engine/EngineMaterials/Substrate/Glints2/dict_0001_0177" 9730
"/Engine/EngineMaterials/Substrate/Glints2/dict_0001_0180" 9731
"../../../Engine/Content/EngineMaterials/Substrate/Glints2/dict_0001_0174.uasset" 9732
"/Engine/EngineMaterials/Substrate/Glints2/dict_0001_0181" 9733
"../../../Engine/Content/EngineMaterials/Substrate/Glints2/dict_0001_0173.uasset" 9734
"/Engine/EngineMaterials/Substrate/Glints2/dict_0001_0182" 9735
"/Engine/EngineMaterials/Substrate/Glints2/dict_0001_0183" 9736
"/Engine/EngineMaterials/Substrate/Glints2/dict_0001_0184" 9737
"/Engine/EngineMaterials/Substrate/Glints2/dict_0001_0185" 9738
"/Engine/EngineMaterials/Substrate/Glints2/dict_0001_0186" 9739
"/Engine/EngineMaterials/Substrate/Glints2/dict_0001_0187" 9740
"/Engine/EngineMaterials/Substrate/Glints2/dict_0001_0176" 9741
"../../../Engine/Content/EngineMaterials/Substrate/Glints2/dict_0001_0169.uasset" 9742
"/Engine/EngineMaterials/Substrate/Glints2/dict_0001_0178" 9743
"/Engine/EngineMaterials/Substrate/Glints2/dict_0001_0179" 9744
"/Engine/EngineMaterials/Substrate/Glints2/dict_0001_0171" 9745
"/Engine/EngineMaterials/Substrate/Glints2/dict_0001_0172" 9746
"/Engine/EngineMaterials/Substrate/Glints2/dict_0001_0173" 9747
"/Engine/EngineMaterials/Substrate/Glints2/dict_0001_0174" 9748
"/Engine/EngineMaterials/Substrate/Glints2/dict_0001_0175" 9749
"../../../Engine/Content/EngineMaterials/Substrate/Glints2/dict_0001_0170.uasset" 9750
"/Engine/EngineMaterials/Substrate/Glints2/dict_0001_0170" 9751
"../../../Engine/Content/EngineMaterials/Substrate/Glints2/dict_0001_0168.uasset" 9752
"/Engine/EngineMaterials/Substrate/Glints2/dict_0001_0169" 9753
"../../../Engine/Content/EngineMaterials/Substrate/Glints2/dict_0001_0167.uasset" 9754
"/Engine/EngineMaterials/Substrate/Glints2/dict_0001_0167" 9755
"/Engine/EngineMaterials/Substrate/Glints2/dict_0001_0168" 9756
"../../../Engine/Content/EngineMaterials/Substrate/Glints2/dict_0001_0165.uasset" 9757
"../../../Engine/Content/EngineMaterials/Substrate/Glints2/dict_0001_0163.uasset" 9758
"../../../Engine/Content/EngineMaterials/Substrate/Glints2/dict_0001_0166.uasset" 9759
"../../../Engine/Content/EngineMaterials/Substrate/Glints2/dict_0001_0162.uasset" 9760
"../../../Engine/Content/EngineMaterials/Substrate/Glints2/dict_0001_0161.uasset" 9761
"../../../Engine/Content/EngineMaterials/Substrate/Glints2/dict_0001_0160.uasset" 9762
"../../../Engine/Content/EngineMaterials/Substrate/Glints2/dict_0001_0159.uasset" 9763
"../../../Engine/Content/EngineMaterials/Substrate/Glints2/dict_0001_0158.uasset" 9764
"../../../Engine/Content/EngineMaterials/Substrate/Glints2/dict_0001_0164.uasset" 9765
"../../../Engine/Content/EngineMaterials/Substrate/Glints2/dict_0001_0156.uasset" 9766
"../../../Engine/Content/EngineMaterials/Substrate/Glints2/dict_0001_0157.uasset" 9767
"../../../Engine/Content/EngineMaterials/Substrate/Glints2/dict_0001_0155.uasset" 9768
"/Engine/EngineMaterials/Substrate/Glints2/dict_0001_0159" 9769
"../../../Engine/Content/EngineMaterials/Substrate/Glints2/dict_0001_0152.uasset" 9770
"../../../Engine/Content/EngineMaterials/Substrate/Glints2/dict_0001_0154.uasset" 9771
"../../../Engine/Content/EngineMaterials/Substrate/Glints2/dict_0001_0150.uasset" 9772
"../../../Engine/Content/EngineMaterials/Substrate/Glints2/dict_0001_0153.uasset" 9773
"../../../Engine/Content/EngineMaterials/Substrate/Glints2/dict_0001_0151.uasset" 9774
"/Engine/EngineMaterials/Substrate/Glints2/dict_0001_0160" 9775
"/Engine/EngineMaterials/Substrate/Glints2/dict_0001_0161" 9776
"/Engine/EngineMaterials/Substrate/Glints2/dict_0001_0162" 9777
"/Engine/EngineMaterials/Substrate/Glints2/dict_0001_0163" 9778
"/Engine/EngineMaterials/Substrate/Glints2/dict_0001_0155" 9779
"/Engine/EngineMaterials/Substrate/Glints2/dict_0001_0164" 9780
"/Engine/EngineMaterials/Substrate/Glints2/dict_0001_0156" 9781
"/Engine/EngineMaterials/Substrate/Glints2/dict_0001_0165" 9782
"/Engine/EngineMaterials/Substrate/Glints2/dict_0001_0166" 9783
"../../../Engine/Content/EngineMaterials/Substrate/Glints2/dict_0001_0188.uasset" 9784
"../../../Engine/Content/EngineMaterials/Substrate/Glints2/dict_0001_0206.uasset" 9785
"/Engine/EngineMaterials/Substrate/Glints2/dict_0001_0157" 9786
"/Engine/EngineMaterials/Substrate/Glints2/dict_0001_0158" 9787
"/Engine/EngineMaterials/Substrate/Glints2/dict_0001_0206" 9788
"/Engine/EngineMaterials/Substrate/Glints2/dict_0001_0150" 9789
"/Engine/EngineMaterials/Substrate/Glints2/dict_0001_0151" 9790
"../../../Engine/Content/EngineMaterials/Substrate/Glints2/dict_0001_0148.uasset" 9791
"/Engine/EngineMaterials/Substrate/Glints2/dict_0001_0152" 9792
"../../../Engine/Content/EngineMaterials/Substrate/Glints2/dict_0001_0142.uasset" 9793
"/Engine/EngineMaterials/Substrate/Glints2/dict_0001_0153" 9794
"/Engine/EngineMaterials/Substrate/Glints2/dict_0001_0154" 9795
"../../../Engine/Content/EngineMaterials/Substrate/Glints2/dict_0001_0147.uasset" 9796
"/Engine/EngineMaterials/Substrate/Glints2/dict_0001_0188" 9797
"/Engine/EngineMaterials/Substrate/Glints2/dict_0001_0142" 9798
"../../../Engine/Content/EngineMaterials/Substrate/Glints2/dict_0001_0149.uasset" 9799
"../../../Engine/Content/EngineMaterials/Substrate/Glints2/dict_0001_0145.uasset" 9800
"../../../Engine/Content/EngineMaterials/Substrate/Glints2/dict_0001_0143.uasset" 9801
"/Engine/EngineMaterials/Substrate/Glints2/dict_0001_0147" 9802
"../../../Engine/Content/EngineMaterials/Substrate/Glints2/dict_0001_0146.uasset" 9803
"/Engine/EngineMaterials/Substrate/Glints2/dict_0001_0148" 9804
"/Engine/EngineMaterials/Substrate/Glints2/dict_0001_0149" 9805
"../../../Engine/Content/EngineMaterials/Substrate/Glints2/dict_0001_0144.uasset" 9806
"/Engine/EngineMaterials/Substrate/Glints2/dict_0001_0143" 9807
"/Engine/EngineMaterials/Substrate/Glints2/dict_0001_0145" 9808
"/Engine/EngineMaterials/Substrate/Glints2/dict_0001_0146" 9809
"/Engine/EngineMaterials/Substrate/Glints2/dict_0001_0144" 9810
"../../../Engine/Content/EngineMaterials/Substrate/Glints2/dict_0001_0139.uasset" 9811
"../../../Engine/Content/EngineMaterials/Substrate/Glints2/dict_0001_0140.uasset" 9812
"../../../Engine/Content/EngineMaterials/Substrate/Glints2/dict_0001_0138.uasset" 9813
"../../../Engine/Content/EngineMaterials/Substrate/Glints2/dict_0001_0136.uasset" 9814
"../../../Engine/Content/EngineMaterials/Substrate/Glints2/dict_0001_0135.uasset" 9815
"../../../Engine/Content/EngineMaterials/Substrate/Glints2/dict_0001_0134.uasset" 9816
"../../../Engine/Content/EngineMaterials/Substrate/Glints2/dict_0001_0132.uasset" 9817
"../../../Engine/Content/EngineMaterials/Substrate/Glints2/dict_0001_0133.uasset" 9818
"../../../Engine/Content/EngineMaterials/Substrate/Glints2/dict_0001_0131.uasset" 9819
"../../../Engine/Content/EngineMaterials/Substrate/Glints2/dict_0001_0137.uasset" 9820
"../../../Engine/Content/EngineMaterials/Substrate/Glints2/dict_0001_0129.uasset" 9821
"../../../Engine/Content/EngineMaterials/Substrate/Glints2/dict_0001_0127.uasset" 9822
"../../../Engine/Content/EngineMaterials/Substrate/Glints2/dict_0001_0128.uasset" 9823
"/Engine/EngineMaterials/Substrate/Glints2/dict_0001_0127" 9824
"/Engine/EngineMaterials/Substrate/Glints2/dict_0001_0128" 9825
"/Engine/EngineMaterials/Substrate/Glints2/dict_0001_0129" 9826
"../../../Engine/Content/EngineMaterials/Substrate/Glints2/dict_0001_0125.uasset" 9827
"/Engine/EngineMaterials/Substrate/Glints2/dict_0001_0139" 9828
"/Engine/EngineMaterials/Substrate/Glints2/dict_0001_0131" 9829
"../../../Engine/Content/EngineMaterials/Substrate/Glints2/dict_0001_0126.uasset" 9830
"/Engine/EngineMaterials/Substrate/Glints2/dict_0001_0132" 9831
"../../../Engine/Content/EngineMaterials/Substrate/Glints2/dict_0001_0141.uasset" 9832
"/Engine/EngineMaterials/Substrate/Glints2/dict_0001_0133" 9833
"/Engine/EngineMaterials/Substrate/Glints2/dict_0001_0134" 9834
"../../../Engine/Content/EngineMaterials/Substrate/Glints2/dict_0001_0124.uasset" 9835
"/Engine/EngineMaterials/Substrate/Glints2/dict_0001_0137" 9836
"/Engine/EngineMaterials/Substrate/Glints2/dict_0001_0135" 9837
"/Engine/EngineMaterials/Substrate/Glints2/dict_0001_0138" 9838
"/Engine/EngineMaterials/Substrate/Glints2/dict_0001_0136" 9839
"/Engine/EngineMaterials/Substrate/Glints2/dict_0001_0140" 9840
"../../../Engine/Content/EngineMaterials/Substrate/Glints2/dict_0001_0123.uasset" 9841
"/Engine/EngineMaterials/Substrate/Glints2/dict_0001_0125" 9842
"../../../Engine/Content/EngineMaterials/Substrate/Glints2/dict_0001_0121.uasset" 9843
"/Engine/EngineMaterials/Substrate/Glints2/dict_0001_0126" 9844
"../../../Engine/Content/EngineMaterials/Substrate/Glints2/dict_0001_0120.uasset" 9845
"/Engine/EngineMaterials/Substrate/Glints2/dict_0001_0141" 9846
"/Engine/EngineMaterials/Substrate/Glints2/dict_0001_0123" 9847
"../../../Engine/Content/EngineMaterials/Substrate/Glints2/dict_0001_0130.uasset" 9848
"/Engine/EngineMaterials/Substrate/Glints2/dict_0001_0124" 9849
"/Engine/EngineMaterials/Substrate/Glints2/dict_0001_0120" 9850
"/Engine/EngineMaterials/Substrate/Glints2/dict_0001_0121" 9851
"/Engine/EngineMaterials/Substrate/Glints2/dict_0001_0130" 9852
"../../../Engine/Content/EngineMaterials/Substrate/Glints2/dict_0001_0118.uasset" 9853
"../../../Engine/Content/EngineMaterials/Substrate/Glints2/dict_0001_0119.uasset" 9854
"../../../Engine/Content/EngineMaterials/Substrate/Glints2/dict_0001_0117.uasset" 9855
"../../../Engine/Content/EngineMaterials/Substrate/Glints2/dict_0001_0115.uasset" 9856
"../../../Engine/Content/EngineMaterials/Substrate/Glints2/dict_0001_0113.uasset" 9857
"../../../Engine/Content/EngineMaterials/Substrate/Glints2/dict_0001_0114.uasset" 9858
"../../../Engine/Content/EngineMaterials/Substrate/Glints2/dict_0001_0122.uasset" 9859
"../../../Engine/Content/EngineMaterials/Substrate/Glints2/dict_0001_0112.uasset" 9860
"../../../Engine/Content/EngineMaterials/Substrate/Glints2/dict_0001_0108.uasset" 9861
"../../../Engine/Content/EngineMaterials/Substrate/Glints2/dict_0001_0116.uasset" 9862
"../../../Engine/Content/EngineMaterials/Substrate/Glints2/dict_0001_0110.uasset" 9863
"../../../Engine/Content/EngineMaterials/Substrate/Glints2/dict_0001_0109.uasset" 9864
"/Engine/EngineMaterials/Substrate/Glints2/dict_0001_0118" 9865
"../../../Engine/Content/EngineMaterials/Substrate/Glints2/dict_0001_0107.uasset" 9866
"../../../Engine/Content/EngineMaterials/Substrate/Glints2/dict_0001_0106.uasset" 9867
"/Engine/EngineMaterials/Substrate/Glints2/dict_0001_0119" 9868
"/Engine/EngineMaterials/Substrate/Glints2/dict_0001_0115" 9869
"../../../Engine/Content/EngineMaterials/Substrate/Glints2/dict_0001_0111.uasset" 9870
"/Engine/EngineMaterials/Substrate/Glints2/dict_0001_0112" 9871
"/Engine/EngineMaterials/Substrate/Glints2/dict_0001_0122" 9872
"/Engine/EngineMaterials/Substrate/Glints2/dict_0001_0110" 9873
"/Engine/EngineMaterials/Substrate/Glints2/dict_0001_0113" 9874
"../../../Engine/Content/EngineMaterials/Substrate/Glints2/dict_0001_0103.uasset" 9875
"/Engine/EngineMaterials/Substrate/Glints2/dict_0001_0114" 9876
"../../../Engine/Content/EngineMaterials/Substrate/Glints2/dict_0001_0105.uasset" 9877
"/Engine/EngineMaterials/Substrate/Glints2/dict_0001_0116" 9878
"../../../Engine/Content/EngineMaterials/Substrate/Glints2/dict_0001_0100.uasset" 9879
"/Engine/EngineMaterials/Substrate/Glints2/dict_0001_0117" 9880
"../../../Engine/Content/EngineMaterials/Substrate/Glints2/dict_0001_0104.uasset" 9881
"/Engine/EngineMaterials/Substrate/Glints2/dict_0001_0108" 9882
"/Engine/EngineMaterials/Substrate/Glints2/dict_0001_0109" 9883
"/Engine/EngineMaterials/Substrate/Glints2/dict_0001_0111" 9884
"/Engine/EngineMaterials/Substrate/Glints2/dict_0001_0100" 9885
"/Engine/EngineMaterials/Substrate/Glints2/dict_0001_0103" 9886
"../../../Engine/Content/EngineMaterials/Substrate/Glints2/dict_0001_0102.uasset" 9887
"/Engine/EngineMaterials/Substrate/Glints2/dict_0001_0104" 9888
"../../../Engine/Content/EngineMaterials/Substrate/Glints2/dict_0001_0098.uasset" 9889
"/Engine/EngineMaterials/Substrate/Glints2/dict_0001_0105" 9890
"/Engine/EngineMaterials/Substrate/Glints2/dict_0001_0106" 9891
"/Engine/EngineMaterials/Substrate/Glints2/dict_0001_0107" 9892
"../../../Engine/Content/EngineMaterials/Substrate/Glints2/dict_0001_0097.uasset" 9893
"/Engine/EngineMaterials/Substrate/Glints2/dict_0001_0097" 9894
"/Engine/EngineMaterials/Substrate/Glints2/dict_0001_0098" 9895
"/Engine/EngineMaterials/Substrate/Glints2/dict_0001_0102" 9896
"../../../Engine/Content/EngineMaterials/Substrate/Glints2/dict_0001_0099.uasset" 9897
"../../../Engine/Content/EngineMaterials/Substrate/Glints2/dict_0001_0101.uasset" 9898
"../../../Engine/Content/EngineMaterials/Substrate/Glints2/dict_0001_0094.uasset" 9899
"../../../Engine/Content/EngineMaterials/Substrate/Glints2/dict_0001_0095.uasset" 9900
"../../../Engine/Content/EngineMaterials/Substrate/Glints2/dict_0001_0093.uasset" 9901
"../../../Engine/Content/EngineMaterials/Substrate/Glints2/dict_0001_0090.uasset" 9902
"../../../Engine/Content/EngineMaterials/Substrate/Glints2/dict_0001_0091.uasset" 9903
"../../../Engine/Content/EngineMaterials/Substrate/Glints2/dict_0001_0084.uasset" 9904
"../../../Engine/Content/EngineMaterials/Substrate/Glints2/dict_0001_0089.uasset" 9905
"../../../Engine/Content/EngineMaterials/Substrate/Glints2/dict_0001_0088.uasset" 9906
"../../../Engine/Content/EngineMaterials/Substrate/Glints2/dict_0001_0086.uasset" 9907
"../../../Engine/Content/EngineMaterials/Substrate/Glints2/dict_0001_0087.uasset" 9908
"../../../Engine/Content/EngineMaterials/Substrate/Glints2/dict_0001_0085.uasset" 9909
"../../../Engine/Content/EngineMaterials/Substrate/Glints2/dict_0001_0083.uasset" 9910
"/Engine/EngineMaterials/Substrate/Glints2/dict_0001_0093" 9911
"/Engine/EngineMaterials/Substrate/Glints2/dict_0001_0094" 9912
"/Engine/EngineMaterials/Substrate/Glints2/dict_0001_0089" 9913
"/Engine/EngineMaterials/Substrate/Glints2/dict_0001_0090" 9914
"../../../Engine/Content/EngineMaterials/Substrate/Glints2/dict_0001_0082.uasset" 9915
"/Engine/EngineMaterials/Substrate/Glints2/dict_0001_0095" 9916
"/Engine/EngineMaterials/Substrate/Glints2/dict_0001_0099" 9917
"/Engine/EngineMaterials/Substrate/Glints2/dict_0001_0091" 9918
"../../../Engine/Content/EngineMaterials/Substrate/Glints2/dict_0001_0080.uasset" 9919
"../../../Engine/Content/EngineMaterials/Substrate/Glints2/dict_0001_0079.uasset" 9920
"/Engine/EngineMaterials/Substrate/Glints2/dict_0001_0101" 9921
"/Engine/EngineMaterials/Substrate/Glints2/dict_0001_0083" 9922
"/Engine/EngineMaterials/Substrate/Glints2/dict_0001_0084" 9923
"/Engine/EngineMaterials/Substrate/Glints2/dict_0001_0085" 9924
"/Engine/EngineMaterials/Substrate/Glints2/dict_0001_0086" 9925
"/Engine/EngineMaterials/Substrate/Glints2/dict_0001_0087" 9926
"/Engine/EngineMaterials/Substrate/Glints2/dict_0001_0088" 9927
"../../../Engine/Content/EngineMaterials/Substrate/Glints2/dict_0001_0081.uasset" 9928
"/Engine/EngineMaterials/Substrate/Glints2/dict_0001_0079" 9929
"../../../Engine/Content/EngineMaterials/Substrate/Glints2/dict_0001_0096.uasset" 9930
"/Engine/EngineMaterials/Substrate/Glints2/dict_0001_0080" 9931
"/Engine/EngineMaterials/Substrate/Glints2/dict_0001_0081" 9932
"../../../Engine/Content/EngineMaterials/Substrate/Glints2/dict_0001_0092.uasset" 9933
"/Engine/EngineMaterials/Substrate/Glints2/dict_0001_0082" 9934
"/Engine/EngineMaterials/Substrate/Glints2/dict_0001_0092" 9935
"../../../Engine/Content/EngineMaterials/Substrate/Glints2/dict_0001_0074.uasset" 9936
"../../../Engine/Content/EngineMaterials/Substrate/Glints2/dict_0001_0075.uasset" 9937
"/Engine/EngineMaterials/Substrate/Glints2/dict_0001_0096" 9938
"/Engine/EngineMaterials/Substrate/Glints2/dict_0001_0074" 9939
"../../../Engine/Content/EngineMaterials/Substrate/Glints2/dict_0001_0078.uasset" 9940
"/Engine/EngineMaterials/Substrate/Glints2/dict_0001_0075" 9941
"/Engine/EngineMaterials/Substrate/Glints2/dict_0001_0078" 9942
"../../../Engine/Content/EngineMaterials/Substrate/Glints2/dict_0001_0076.uasset" 9943
"../../../Engine/Content/EngineMaterials/Substrate/Glints2/dict_0001_0073.uasset" 9944
"../../../Engine/Content/EngineMaterials/Substrate/Glints2/dict_0001_0067.uasset" 9945
"../../../Engine/Content/EngineMaterials/Substrate/Glints2/dict_0001_0071.uasset" 9946
"../../../Engine/Content/EngineMaterials/Substrate/Glints2/dict_0001_0068.uasset" 9947
"../../../Engine/Content/EngineMaterials/Substrate/Glints2/dict_0001_0072.uasset" 9948
"../../../Engine/Content/EngineMaterials/Substrate/Glints2/dict_0001_0065.uasset" 9949
"../../../Engine/Content/EngineMaterials/Substrate/Glints2/dict_0001_0064.uasset" 9950
"../../../Engine/Content/EngineMaterials/Substrate/Glints2/dict_0001_0066.uasset" 9951
"../../../Engine/Content/EngineMaterials/Substrate/Glints2/dict_0001_0060.uasset" 9952
"../../../Engine/Content/EngineMaterials/Substrate/Glints2/dict_0001_0061.uasset" 9953
"/Engine/EngineMaterials/Substrate/Glints2/dict_0001_0067" 9954
"../../../Engine/Content/EngineMaterials/Substrate/Glints2/dict_0001_0063.uasset" 9955
"/Engine/EngineMaterials/Substrate/Glints2/dict_0001_0068" 9956
"../../../Engine/Content/EngineMaterials/Substrate/Glints2/dict_0001_0062.uasset" 9957
"/Engine/EngineMaterials/Substrate/Glints2/dict_0001_0071" 9958
"/Engine/EngineMaterials/Substrate/Glints2/dict_0001_0060" 9959
"/Engine/EngineMaterials/Substrate/Glints2/dict_0001_0061" 9960
"/Engine/EngineMaterials/Substrate/Glints2/dict_0001_0072" 9961
"../../../Engine/Content/EngineMaterials/Substrate/Glints2/dict_0001_0069.uasset" 9962
"/Engine/EngineMaterials/Substrate/Glints2/dict_0001_0073" 9963
"../../../Engine/Content/EngineMaterials/Substrate/Glints2/dict_0001_0057.uasset" 9964
"/Engine/EngineMaterials/Substrate/Glints2/dict_0001_0076" 9965
"../../../Engine/Content/EngineMaterials/Substrate/Glints2/dict_0001_0056.uasset" 9966
"/Engine/EngineMaterials/Substrate/Glints2/dict_0001_0064" 9967
"/Engine/EngineMaterials/Substrate/Glints2/dict_0001_0065" 9968
"/Engine/EngineMaterials/Substrate/Glints2/dict_0001_0066" 9969
"../../../Engine/Content/EngineMaterials/Substrate/Glints2/dict_0001_0059.uasset" 9970
"../../../Engine/Content/EngineMaterials/Substrate/Glints2/dict_0001_0058.uasset" 9971
"/Engine/EngineMaterials/Substrate/Glints2/dict_0001_0056" 9972
"/Engine/EngineMaterials/Substrate/Glints2/dict_0001_0057" 9973
"/Engine/EngineMaterials/Substrate/Glints2/dict_0001_0058" 9974
"/Engine/EngineMaterials/Substrate/Glints2/dict_0001_0059" 9975
"/Engine/EngineMaterials/Substrate/Glints2/dict_0001_0069" 9976
"/Engine/EngineMaterials/Substrate/Glints2/dict_0001_0062" 9977
"/Engine/EngineMaterials/Substrate/Glints2/dict_0001_0063" 9978
"../../../Engine/Content/EngineMaterials/Substrate/Glints2/dict_0001_0055.uasset" 9979
"../../../Engine/Content/EngineMaterials/Substrate/Glints2/dict_0001_0053.uasset" 9980
"../../../Engine/Content/EngineMaterials/Substrate/Glints2/dict_0001_0050.uasset" 9981
"../../../Engine/Content/EngineMaterials/Substrate/Glints2/dict_0001_0054.uasset" 9982
"../../../Engine/Content/EngineMaterials/Substrate/Glints2/dict_0001_0051.uasset" 9983
"../../../Engine/Content/EngineMaterials/Substrate/Glints2/dict_0001_0077.uasset" 9984
"../../../Engine/Content/EngineMaterials/Substrate/Glints2/dict_0001_0070.uasset" 9985
"../../../Engine/Content/EngineMaterials/Substrate/Glints2/dict_0001_0048.uasset" 9986
"../../../Engine/Content/EngineMaterials/Substrate/Glints2/dict_0001_0046.uasset" 9987
"../../../Engine/Content/EngineMaterials/Substrate/Glints2/dict_0001_0049.uasset" 9988
"../../../Engine/Content/EngineMaterials/Substrate/Glints2/dict_0001_0047.uasset" 9989
"../../../Engine/Content/EngineMaterials/Substrate/Glints2/dict_0001_0052.uasset" 9990
"../../../Engine/Content/EngineMaterials/Substrate/Glints2/dict_0001_0045.uasset" 9991
"../../../Engine/Content/EngineMaterials/Substrate/Glints2/dict_0001_0043.uasset" 9992
"/Engine/EngineMaterials/Substrate/Glints2/dict_0001_0077" 9993
"../../../Engine/Content/EngineMaterials/Substrate/Glints2/dict_0001_0044.uasset" 9994
"/Engine/EngineMaterials/Substrate/Glints2/dict_0001_0047" 9995
"../../../Engine/Content/EngineMaterials/Substrate/Glints2/dict_0001_0040.uasset" 9996
"/Engine/EngineMaterials/Substrate/Glints2/dict_0001_0070" 9997
"../../../Engine/Content/EngineMaterials/Substrate/Glints2/dict_0001_0038.uasset" 9998
"/Engine/EngineMaterials/Substrate/Glints2/dict_0001_0053" 9999
"../../../Engine/Content/EngineMaterials/Substrate/Glints2/dict_0001_0037.uasset" 10000
"/Engine/EngineMaterials/Substrate/Glints2/dict_0001_0054" 10001
"../../../Engine/Content/EngineMaterials/Substrate/Glints2/dict_0001_0039.uasset" 10002
"/Engine/EngineMaterials/Substrate/Glints2/dict_0001_0049" 10003
"/Engine/EngineMaterials/Substrate/Glints2/dict_0001_0050" 10004
"/Engine/EngineMaterials/Substrate/Glints2/dict_0001_0055" 10005
"/Engine/EngineMaterials/Substrate/Glints2/dict_0001_0051" 10006
"/Engine/EngineMaterials/Substrate/Glints2/dict_0001_0052" 10007
"../../../Engine/Content/EngineMaterials/Substrate/Glints2/dict_0001_0042.uasset" 10008
"/Engine/EngineMaterials/Substrate/Glints2/dict_0001_0045" 10009
"/Engine/EngineMaterials/Substrate/Glints2/dict_0001_0046" 10010
"../../../Engine/Content/EngineMaterials/Substrate/Glints2/dict_0001_0033.uasset" 10011
"../../../Engine/Content/EngineMaterials/Substrate/Glints2/dict_0001_0032.uasset" 10012
"../../../Engine/Content/EngineMaterials/Substrate/Glints2/dict_0001_0035.uasset" 10013
"/Engine/EngineMaterials/Substrate/Glints2/dict_0001_0048" 10014
"../../../Engine/Content/EngineMaterials/Substrate/Glints2/dict_0001_0034.uasset" 10015
"../../../Engine/Content/EngineMaterials/Substrate/Glints2/dict_0001_0041.uasset" 10016
"/Engine/EngineMaterials/Substrate/Glints2/dict_0001_0044" 10017
"/Engine/EngineMaterials/Substrate/Glints2/dict_0001_0033" 10018
"/Engine/EngineMaterials/Substrate/Glints2/dict_0001_0034" 10019
"../../../Engine/Content/EngineMaterials/Substrate/Glints2/dict_0001_0030.uasset" 10020
"../../../Engine/Content/EngineMaterials/Substrate/Glints2/dict_0001_0031.uasset" 10021
"../../../Engine/Content/EngineMaterials/Substrate/Glints2/dict_0001_0029.uasset" 10022
"/Engine/EngineMaterials/Substrate/Glints2/dict_0001_0035" 10023
"/Engine/EngineMaterials/Substrate/Glints2/dict_0001_0037" 10024
"/Engine/EngineMaterials/Substrate/Glints2/dict_0001_0038" 10025
"/Engine/EngineMaterials/Substrate/Glints2/dict_0001_0039" 10026
"/Engine/EngineMaterials/Substrate/Glints2/dict_0001_0032" 10027
"../../../Engine/Content/EngineMaterials/Substrate/Glints2/dict_0001_0027.uasset" 10028
"/Engine/EngineMaterials/Substrate/Glints2/dict_0001_0040" 10029
"/Engine/EngineMaterials/Substrate/Glints2/dict_0001_0041" 10030
"/Engine/EngineMaterials/Substrate/Glints2/dict_0001_0042" 10031
"../../../Engine/Content/EngineMaterials/Substrate/Glints2/dict_0001_0024.uasset" 10032
"/Engine/EngineMaterials/Substrate/Glints2/dict_0001_0043" 10033
"../../../Engine/Content/EngineMaterials/Substrate/Glints2/dict_0001_0025.uasset" 10034
"/Engine/EngineMaterials/Substrate/Glints2/dict_0001_0027" 10035
"../../../Engine/Content/EngineMaterials/Substrate/Glints2/dict_0001_0036.uasset" 10036
"/Engine/EngineMaterials/Substrate/Glints2/dict_0001_0029" 10037
"/Engine/EngineMaterials/Substrate/Glints2/dict_0001_0030" 10038
"/Engine/EngineMaterials/Substrate/Glints2/dict_0001_0031" 10039
"/Engine/EngineMaterials/Substrate/Glints2/dict_0001_0024" 10040
"/Engine/EngineMaterials/Substrate/Glints2/dict_0001_0025" 10041
"/Engine/EngineMaterials/Substrate/Glints2/dict_0001_0036" 10042
"../../../Engine/Content/EngineMaterials/Substrate/Glints2/dict_0001_0021.uasset" 10043
"../../../Engine/Content/EngineMaterials/Substrate/Glints2/dict_0001_0022.uasset" 10044
"../../../Engine/Content/EngineMaterials/Substrate/Glints2/dict_0001_0026.uasset" 10045
"../../../Engine/Content/EngineMaterials/Substrate/Glints2/dict_0001_0020.uasset" 10046
"../../../Engine/Content/EngineMaterials/Substrate/Glints2/dict_0001_0018.uasset" 10047
"../../../Engine/Content/EngineMaterials/Substrate/Glints2/dict_0001_0017.uasset" 10048
"../../../Engine/Content/EngineMaterials/Substrate/Glints2/dict_0001_0028.uasset" 10049
"../../../Engine/Content/EngineMaterials/Substrate/Glints2/dict_0001_0019.uasset" 10050
"../../../Engine/Content/EngineMaterials/Substrate/Glints2/dict_0001_0023.uasset" 10051
"../../../Engine/Content/EngineMaterials/Substrate/Glints2/dict_0001_0013.uasset" 10052
"../../../Engine/Content/EngineMaterials/Substrate/Glints2/dict_0001_0016.uasset" 10053
"../../../Engine/Content/EngineMaterials/Substrate/Glints2/dict_0001_0011.uasset" 10054
"../../../Engine/Content/EngineMaterials/Substrate/Glints2/dict_0001_0015.uasset" 10055
"../../../Engine/Content/EngineMaterials/Substrate/Glints2/dict_0001_0014.uasset" 10056
"/Engine/EngineMaterials/Substrate/Glints2/dict_0001_0013" 10057
"../../../Engine/Content/EngineMaterials/Substrate/Glints2/dict_0001_0012.uasset" 10058
"/Engine/EngineMaterials/Substrate/Glints2/dict_0001_0015" 10059
"/Engine/EngineMaterials/Substrate/Glints2/dict_0001_0016" 10060
"/Engine/EngineMaterials/Substrate/Glints2/dict_0001_0017" 10061
"/Engine/EngineMaterials/Substrate/Glints2/dict_0001_0018" 10062
"/Engine/EngineMaterials/Substrate/Glints2/dict_0001_0019" 10063
"/Engine/EngineMaterials/Substrate/Glints2/dict_0001_0020" 10064
"/Engine/EngineMaterials/Substrate/Glints2/dict_0001_0026" 10065
"../../../Engine/Content/EngineMaterials/Substrate/Glints2/dict_0001_0008.uasset" 10066
"/Engine/EngineMaterials/Substrate/Glints2/dict_0001_0021" 10067
"/Engine/EngineMaterials/Substrate/Glints2/dict_0001_0028" 10068
"/Engine/EngineMaterials/Substrate/Glints2/dict_0001_0022" 10069
"../../../Engine/Content/EngineMaterials/Substrate/Glints2/dict_0001_0010.uasset" 10070
"/Engine/EngineMaterials/Substrate/Glints2/dict_0001_0023" 10071
"/Engine/EngineMaterials/Substrate/Glints2/dict_0001_0011" 10072
"/Engine/EngineMaterials/Substrate/Glints2/dict_0001_0014" 10073
"../../../Engine/Content/EngineMaterials/Substrate/Glints2/dict_0001_0006.uasset" 10074
"/Engine/EngineMaterials/Substrate/Glints2/dict_0001_0008" 10075
"/Engine/EngineMaterials/Substrate/Glints2/dict_0001_0010" 10076
"/Engine/EngineMaterials/Substrate/Glints2/dict_0001_0012" 10077
"../../../Engine/Content/EngineMaterials/Substrate/Glints2/dict_0001_0004.uasset" 10078
"/Engine/EngineMaterials/Substrate/Glints2/dict_0001_0006" 10079
"/Engine/EngineMaterials/Substrate/Glints2/dict_0001_0004" 10080
"../../../Engine/Content/EngineMaterials/Substrate/Glints2/dict_0001_0002.uasset" 10081
"../../../Engine/Content/EngineMaterials/Substrate/Glints2/dict_0001_0009.uasset" 10082
"../../../Engine/Content/EngineMaterials/Substrate/Glints2/dict_0001_0003.uasset" 10083
"../../../Engine/Content/EngineMaterials/Substrate/Glints2/dict_0001_0000.uasset" 10084
"../../../Engine/Content/EngineMaterials/Substrate/Glints2/dict_0001_0001.uasset" 10085
"../../../Engine/Content/EngineMaterials/Substrate/Glints2/dict_0000_0255.uasset" 10086
"../../../Engine/Content/EngineMaterials/Substrate/Glints2/dict_0000_0254.uasset" 10087
"../../../Engine/Content/EngineMaterials/Substrate/Glints2/dict_0000_0253.uasset" 10088
"../../../Engine/Content/EngineMaterials/Substrate/Glints2/dict_0000_0252.uasset" 10089
"../../../Engine/Content/EngineMaterials/Substrate/Glints2/dict_0001_0005.uasset" 10090
"../../../Engine/Content/EngineMaterials/Substrate/Glints2/dict_0001_0007.uasset" 10091
"/Engine/EngineMaterials/Substrate/Glints2/dict_0001_0001" 10092
"../../../Engine/Content/EngineMaterials/Substrate/Glints2/dict_0000_0250.uasset" 10093
"../../../Engine/Content/EngineMaterials/Substrate/Glints2/dict_0000_0249.uasset" 10094
"/Engine/EngineMaterials/Substrate/Glints2/dict_0001_0002" 10095
"../../../Engine/Content/EngineMaterials/Substrate/Glints2/dict_0000_0247.uasset" 10096
"../../../Engine/Content/EngineMaterials/Substrate/Glints2/dict_0000_0248.uasset" 10097
"/Engine/EngineMaterials/Substrate/Glints2/dict_0001_0003" 10098
"/Engine/EngineMaterials/Substrate/Glints2/dict_0000_0252" 10099
"/Engine/EngineMaterials/Substrate/Glints2/dict_0000_0253" 10100
"../../../Engine/Content/EngineMaterials/Substrate/Glints2/dict_0000_0245.uasset" 10101
"/Engine/EngineMaterials/Substrate/Glints2/dict_0001_0005" 10102
"/Engine/EngineMaterials/Substrate/Glints2/dict_0000_0254" 10103
"/Engine/EngineMaterials/Substrate/Glints2/dict_0000_0255" 10104
"/Engine/EngineMaterials/Substrate/Glints2/dict_0001_0009" 10105
"/Engine/EngineMaterials/Substrate/Glints2/dict_0001_0000" 10106
"/Engine/EngineMaterials/Substrate/Glints2/dict_0000_0245" 10107
"../../../Engine/Content/EngineMaterials/Substrate/Glints2/dict_0000_0251.uasset" 10108
"/Engine/EngineMaterials/Substrate/Glints2/dict_0000_0250" 10109
"../../../Engine/Content/EngineMaterials/Substrate/Glints2/dict_0000_0246.uasset" 10110
"/Engine/EngineMaterials/Substrate/Glints2/dict_0000_0247" 10111
"/Engine/EngineMaterials/Substrate/Glints2/dict_0001_0007" 10112
"/Engine/EngineMaterials/Substrate/Glints2/dict_0000_0248" 10113
"/Engine/EngineMaterials/Substrate/Glints2/dict_0000_0249" 10114
"/Engine/EngineMaterials/Substrate/Glints2/dict_0000_0246" 10115
"/Engine/EngineMaterials/Substrate/Glints2/dict_0000_0251" 10116
"../../../Engine/Content/EngineMaterials/Substrate/Glints2/dict_0000_0238.uasset" 10117
"../../../Engine/Content/EngineMaterials/Substrate/Glints2/dict_0000_0244.uasset" 10118
"../../../Engine/Content/EngineMaterials/Substrate/Glints2/dict_0000_0241.uasset" 10119
"../../../Engine/Content/EngineMaterials/Substrate/Glints2/dict_0000_0240.uasset" 10120
"../../../Engine/Content/EngineMaterials/Substrate/Glints2/dict_0000_0239.uasset" 10121
"../../../Engine/Content/EngineMaterials/Substrate/Glints2/dict_0000_0242.uasset" 10122
"../../../Engine/Content/EngineMaterials/Substrate/Glints2/dict_0000_0243.uasset" 10123
"../../../Engine/Content/EngineMaterials/Substrate/Glints2/dict_0000_0236.uasset" 10124
"../../../Engine/Content/EngineMaterials/Substrate/Glints2/dict_0000_0230.uasset" 10125
"../../../Engine/Content/EngineMaterials/Substrate/Glints2/dict_0000_0229.uasset" 10126
"../../../Engine/Content/EngineMaterials/Substrate/Glints2/dict_0000_0231.uasset" 10127
"../../../Engine/Content/EngineMaterials/Substrate/Glints2/dict_0000_0233.uasset" 10128
"../../../Engine/Content/EngineMaterials/Substrate/Glints2/dict_0000_0232.uasset" 10129
"../../../Engine/Content/EngineMaterials/Substrate/Glints2/dict_0000_0237.uasset" 10130
"/Engine/EngineMaterials/Substrate/Glints2/dict_0000_0237" 10131
"../../../Engine/Content/EngineMaterials/Substrate/Glints2/dict_0000_0234.uasset" 10132
"/Engine/EngineMaterials/Substrate/Glints2/dict_0000_0233" 10133
"/Engine/EngineMaterials/Substrate/Glints2/dict_0000_0238" 10134
"/Engine/EngineMaterials/Substrate/Glints2/dict_0000_0239" 10135
"/Engine/EngineMaterials/Substrate/Glints2/dict_0000_0240" 10136
"/Engine/EngineMaterials/Substrate/Glints2/dict_0000_0241" 10137
"../../../Engine/Content/EngineMaterials/Substrate/Glints2/dict_0000_0225.uasset" 10138
"/Engine/EngineMaterials/Substrate/Glints2/dict_0000_0242" 10139
"../../../Engine/Content/EngineMaterials/Substrate/Glints2/dict_0000_0227.uasset" 10140
"../../../Engine/Content/EngineMaterials/Substrate/Glints2/dict_0000_0235.uasset" 10141
"/Engine/EngineMaterials/Substrate/Glints2/dict_0000_0243" 10142
"/Engine/EngineMaterials/Substrate/Glints2/dict_0000_0244" 10143
"../../../Engine/Content/EngineMaterials/Substrate/Glints2/dict_0000_0224.uasset" 10144
"../../../Engine/Content/EngineMaterials/Substrate/Glints2/dict_0000_0223.uasset" 10145
"../../../Engine/Content/EngineMaterials/Substrate/Glints2/dict_0000_0226.uasset" 10146
"/Engine/EngineMaterials/Substrate/Glints2/dict_0000_0231" 10147
"../../../Engine/Content/EngineMaterials/Substrate/Glints2/dict_0000_0222.uasset" 10148
"/Engine/EngineMaterials/Substrate/Glints2/dict_0000_0232" 10149
"/Engine/EngineMaterials/Substrate/Glints2/dict_0000_0229" 10150
"/Engine/EngineMaterials/Substrate/Glints2/dict_0000_0236" 10151
"/Engine/EngineMaterials/Substrate/Glints2/dict_0000_0230" 10152
"../../../Engine/Content/EngineMaterials/Substrate/Glints2/dict_0000_0220.uasset" 10153
"/Engine/EngineMaterials/Substrate/Glints2/dict_0000_0222" 10154
"/Engine/EngineMaterials/Substrate/Glints2/dict_0000_0223" 10155
"/Engine/EngineMaterials/Substrate/Glints2/dict_0000_0224" 10156
"/Engine/EngineMaterials/Substrate/Glints2/dict_0000_0225" 10157
"/Engine/EngineMaterials/Substrate/Glints2/dict_0000_0226" 10158
"/Engine/EngineMaterials/Substrate/Glints2/dict_0000_0227" 10159
"../../../Engine/Content/EngineMaterials/Substrate/Glints2/dict_0000_0228.uasset" 10160
"../../../Engine/Content/EngineMaterials/Substrate/Glints2/dict_0000_0214.uasset" 10161
"/Engine/EngineMaterials/Substrate/Glints2/dict_0000_0234" 10162
"/Engine/EngineMaterials/Substrate/Glints2/dict_0000_0235" 10163
"/Engine/EngineMaterials/Substrate/Glints2/dict_0000_0220" 10164
"../../../Engine/Content/EngineMaterials/Substrate/Glints2/dict_0000_0216.uasset" 10165
"../../../Engine/Content/EngineMaterials/Substrate/Glints2/dict_0000_0215.uasset" 10166
"../../../Engine/Content/EngineMaterials/Substrate/Glints2/dict_0000_0219.uasset" 10167
"/Engine/EngineMaterials/Substrate/Glints2/dict_0000_0215" 10168
"/Engine/EngineMaterials/Substrate/Glints2/dict_0000_0214" 10169
"/Engine/EngineMaterials/Substrate/Glints2/dict_0000_0216" 10170
"/Engine/EngineMaterials/Substrate/Glints2/dict_0000_0228" 10171
"/Engine/EngineMaterials/Substrate/Glints2/dict_0000_0219" 10172
"../../../Engine/Content/EngineMaterials/Substrate/Glints2/dict_0000_0218.uasset" 10173
"../../../Engine/Content/EngineMaterials/Substrate/Glints2/dict_0000_0212.uasset" 10174
"../../../Engine/Content/EngineMaterials/Substrate/Glints2/dict_0000_0213.uasset" 10175
"../../../Engine/Content/EngineMaterials/Substrate/Glints2/dict_0000_0207.uasset" 10176
"../../../Engine/Content/EngineMaterials/Substrate/Glints2/dict_0000_0211.uasset" 10177
"../../../Engine/Content/EngineMaterials/Substrate/Glints2/dict_0000_0210.uasset" 10178
"../../../Engine/Content/EngineMaterials/Substrate/Glints2/dict_0000_0209.uasset" 10179
"../../../Engine/Content/EngineMaterials/Substrate/Glints2/dict_0000_0208.uasset" 10180
"../../../Engine/Content/EngineMaterials/Substrate/Glints2/dict_0000_0206.uasset" 10181
"../../../Engine/Content/EngineMaterials/Substrate/Glints2/dict_0000_0205.uasset" 10182
"../../../Engine/Content/EngineMaterials/Substrate/Glints2/dict_0000_0202.uasset" 10183
"../../../Engine/Content/EngineMaterials/Substrate/Glints2/dict_0000_0204.uasset" 10184
"../../../Engine/Content/EngineMaterials/Substrate/Glints2/dict_0000_0203.uasset" 10185
"../../../Engine/Content/EngineMaterials/Substrate/Glints2/dict_0000_0200.uasset" 10186
"/Engine/EngineMaterials/Substrate/Glints2/dict_0000_0200" 10187
"/Engine/EngineMaterials/Substrate/Glints2/dict_0000_0202" 10188
"/Engine/EngineMaterials/Substrate/Glints2/dict_0000_0203" 10189
"/Engine/EngineMaterials/Substrate/Glints2/dict_0000_0204" 10190
"/Engine/EngineMaterials/Substrate/Glints2/dict_0000_0205" 10191
"../../../Engine/Content/EngineMaterials/Substrate/Glints2/dict_0000_0199.uasset" 10192
"/Engine/EngineMaterials/Substrate/Glints2/dict_0000_0206" 10193
"/Engine/EngineMaterials/Substrate/Glints2/dict_0000_0207" 10194
"/Engine/EngineMaterials/Substrate/Glints2/dict_0000_0213" 10195
"/Engine/EngineMaterials/Substrate/Glints2/dict_0000_0208" 10196
"../../../Engine/Content/EngineMaterials/Substrate/Glints2/dict_0000_0201.uasset" 10197
"../../../Engine/Content/EngineMaterials/Substrate/Glints2/dict_0000_0194.uasset" 10198
"/Engine/EngineMaterials/Substrate/Glints2/dict_0000_0209" 10199
"../../../Engine/Content/EngineMaterials/Substrate/Glints2/dict_0000_0198.uasset" 10200
"../../../Engine/Content/EngineMaterials/Substrate/Glints2/dict_0000_0197.uasset" 10201
"../../../Engine/Content/EngineMaterials/Substrate/Glints2/dict_0000_0196.uasset" 10202
"/Engine/EngineMaterials/Substrate/Glints2/dict_0000_0218" 10203
"../../../Engine/Content/EngineMaterials/Substrate/Glints2/dict_0000_0217.uasset" 10204
"../../../Engine/Content/EngineMaterials/Substrate/Glints2/dict_0000_0221.uasset" 10205
"/Engine/EngineMaterials/Substrate/Glints2/dict_0000_0210" 10206
"../../../Engine/Content/EngineMaterials/Substrate/Glints2/dict_0000_0195.uasset" 10207
"../../../Engine/Content/EngineMaterials/Substrate/Glints2/dict_0000_0193.uasset" 10208
"/Engine/EngineMaterials/Substrate/Glints2/dict_0000_0211" 10209
"/Engine/EngineMaterials/Substrate/Glints2/dict_0000_0212" 10210
"/Engine/EngineMaterials/Substrate/Glints2/dict_0000_0199" 10211
"/Engine/EngineMaterials/Substrate/Glints2/dict_0000_0201" 10212
"/Engine/EngineMaterials/Substrate/Glints2/dict_0000_0221" 10213
"../../../Engine/Content/EngineMaterials/Substrate/Glints2/dict_0000_0190.uasset" 10214
"/Engine/EngineMaterials/Substrate/Glints2/dict_0000_0193" 10215
"../../../Engine/Content/EngineMaterials/Substrate/Glints2/dict_0000_0189.uasset" 10216
"/Engine/EngineMaterials/Substrate/Glints2/dict_0000_0217" 10217
"/Engine/EngineMaterials/Substrate/Glints2/dict_0000_0194" 10218
"../../../Engine/Content/EngineMaterials/Substrate/Glints2/dict_0000_0188.uasset" 10219
"/Engine/EngineMaterials/Substrate/Glints2/dict_0000_0195" 10220
"/Engine/EngineMaterials/Substrate/Glints2/dict_0000_0196" 10221
"/Engine/EngineMaterials/Substrate/Glints2/dict_0000_0197" 10222
"/Engine/EngineMaterials/Substrate/Glints2/dict_0000_0198" 10223
"../../../Engine/Content/EngineMaterials/Substrate/Glints2/dict_0000_0191.uasset" 10224
"/Engine/EngineMaterials/Substrate/Glints2/dict_0000_0190" 10225
"../../../Engine/Content/EngineMaterials/Substrate/Glints2/dict_0000_0192.uasset" 10226
"/Engine/EngineMaterials/Substrate/Glints2/dict_0000_0191" 10227
"/Engine/EngineMaterials/Substrate/Glints2/dict_0000_0188" 10228
"/Engine/EngineMaterials/Substrate/Glints2/dict_0000_0189" 10229
"/Engine/EngineMaterials/Substrate/Glints2/dict_0000_0192" 10230
"../../../Engine/Content/EngineMaterials/Substrate/Glints2/dict_0000_0183.uasset" 10231
"../../../Engine/Content/EngineMaterials/Substrate/Glints2/dict_0000_0181.uasset" 10232
"../../../Engine/Content/EngineMaterials/Substrate/Glints2/dict_0000_0182.uasset" 10233
"../../../Engine/Content/EngineMaterials/Substrate/Glints2/dict_0000_0180.uasset" 10234
"../../../Engine/Content/EngineMaterials/Substrate/Glints2/dict_0000_0184.uasset" 10235
"../../../Engine/Content/EngineMaterials/Substrate/Glints2/dict_0000_0178.uasset" 10236
"../../../Engine/Content/EngineMaterials/Substrate/Glints2/dict_0000_0187.uasset" 10237
"../../../Engine/Content/EngineMaterials/Substrate/Glints2/dict_0000_0186.uasset" 10238
"../../../Engine/Content/EngineMaterials/Substrate/Glints2/dict_0000_0179.uasset" 10239
"../../../Engine/Content/EngineMaterials/Substrate/Glints2/dict_0000_0170.uasset" 10240
"../../../Engine/Content/EngineMaterials/Substrate/Glints2/dict_0000_0176.uasset" 10241
"../../../Engine/Content/EngineMaterials/Substrate/Glints2/dict_0000_0177.uasset" 10242
"../../../Engine/Content/EngineMaterials/Substrate/Glints2/dict_0000_0175.uasset" 10243
"/Engine/EngineMaterials/Substrate/Glints2/dict_0000_0186" 10244
"../../../Engine/Content/EngineMaterials/Substrate/Glints2/dict_0000_0172.uasset" 10245
"../../../Engine/Content/EngineMaterials/Substrate/Glints2/dict_0000_0173.uasset" 10246
"/Engine/EngineMaterials/Substrate/Glints2/dict_0000_0178" 10247
"../../../Engine/Content/EngineMaterials/Substrate/Glints2/dict_0000_0174.uasset" 10248
"/Engine/EngineMaterials/Substrate/Glints2/dict_0000_0187" 10249
"/Engine/EngineMaterials/Substrate/Glints2/dict_0000_0179" 10250
"/Engine/EngineMaterials/Substrate/Glints2/dict_0000_0180" 10251
"/Engine/EngineMaterials/Substrate/Glints2/dict_0000_0181" 10252
"/Engine/EngineMaterials/Substrate/Glints2/dict_0000_0182" 10253
"/Engine/EngineMaterials/Substrate/Glints2/dict_0000_0170" 10254
"/Engine/EngineMaterials/Substrate/Glints2/dict_0000_0183" 10255
"/Engine/EngineMaterials/Substrate/Glints2/dict_0000_0184" 10256
"/Engine/EngineMaterials/Substrate/Glints2/dict_0000_0172" 10257
"/Engine/EngineMaterials/Substrate/Glints2/dict_0000_0173" 10258
"../../../Engine/Content/EngineMaterials/Substrate/Glints2/dict_0000_0165.uasset" 10259
"/Engine/EngineMaterials/Substrate/Glints2/dict_0000_0174" 10260
"/Engine/EngineMaterials/Substrate/Glints2/dict_0000_0175" 10261
"/Engine/EngineMaterials/Substrate/Glints2/dict_0000_0176" 10262
"/Engine/EngineMaterials/Substrate/Glints2/dict_0000_0177" 10263
"../../../Engine/Content/EngineMaterials/Substrate/Glints2/dict_0000_0162.uasset" 10264
"../../../Engine/Content/EngineMaterials/Substrate/Glints2/dict_0000_0167.uasset" 10265
"/Engine/EngineMaterials/Substrate/Glints2/dict_0000_0162" 10266
"../../../Engine/Content/EngineMaterials/Substrate/Glints2/dict_0000_0169.uasset" 10267
"/Engine/EngineMaterials/Substrate/Glints2/dict_0000_0165" 10268
"../../../Engine/Content/EngineMaterials/Substrate/Glints2/dict_0000_0163.uasset" 10269
"/Engine/EngineMaterials/Substrate/Glints2/dict_0000_0167" 10270
"../../../Engine/Content/EngineMaterials/Substrate/Glints2/dict_0000_0166.uasset" 10271
"../../../Engine/Content/EngineMaterials/Substrate/Glints2/dict_0000_0164.uasset" 10272
"/Engine/EngineMaterials/Substrate/Glints2/dict_0000_0163" 10273
"/Engine/EngineMaterials/Substrate/Glints2/dict_0000_0164" 10274
"/Engine/EngineMaterials/Substrate/Glints2/dict_0000_0166" 10275
"/Engine/EngineMaterials/Substrate/Glints2/dict_0000_0169" 10276
"../../../Engine/Content/EngineMaterials/Substrate/Glints2/dict_0000_0171.uasset" 10277
"../../../Engine/Content/EngineMaterials/Substrate/Glints2/dict_0000_0161.uasset" 10278
"../../../Engine/Content/EngineMaterials/Substrate/Glints2/dict_0000_0157.uasset" 10279
"../../../Engine/Content/EngineMaterials/Substrate/Glints2/dict_0000_0160.uasset" 10280
"../../../Engine/Content/EngineMaterials/Substrate/Glints2/dict_0000_0168.uasset" 10281
"../../../Engine/Content/EngineMaterials/Substrate/Glints2/dict_0000_0185.uasset" 10282
"../../../Engine/Content/EngineMaterials/Substrate/Glints2/dict_0000_0158.uasset" 10283
"../../../Engine/Content/EngineMaterials/Substrate/Glints2/dict_0000_0159.uasset" 10284
"../../../Engine/Content/EngineMaterials/Substrate/Glints2/dict_0000_0156.uasset" 10285
"../../../Engine/Content/EngineMaterials/Substrate/Glints2/dict_0000_0151.uasset" 10286
"../../../Engine/Content/EngineMaterials/Substrate/Glints2/dict_0000_0155.uasset" 10287
"../../../Engine/Content/EngineMaterials/Substrate/Glints2/dict_0000_0153.uasset" 10288
"../../../Engine/Content/EngineMaterials/Substrate/Glints2/dict_0000_0152.uasset" 10289
"../../../Engine/Content/EngineMaterials/Substrate/Glints2/dict_0000_0148.uasset" 10290
"../../../Engine/Content/EngineMaterials/Substrate/Glints2/dict_0000_0154.uasset" 10291
"../../../Engine/Content/EngineMaterials/Substrate/Glints2/dict_0000_0143.uasset" 10292
"../../../Engine/Content/EngineMaterials/Substrate/Glints2/dict_0000_0146.uasset" 10293
"../../../Engine/Content/EngineMaterials/Substrate/Glints2/dict_0000_0150.uasset" 10294
"../../../Engine/Content/EngineMaterials/Substrate/Glints2/dict_0000_0145.uasset" 10295
"../../../Engine/Content/EngineMaterials/Substrate/Glints2/dict_0000_0147.uasset" 10296
"../../../Engine/Content/EngineMaterials/Substrate/Glints2/dict_0000_0149.uasset" 10297
"../../../Engine/Content/EngineMaterials/Substrate/Glints2/dict_0000_0144.uasset" 10298
"/Engine/EngineMaterials/Substrate/Glints2/dict_0000_0161" 10299
"../../../Engine/Content/EngineMaterials/Substrate/Glints2/dict_0000_0142.uasset" 10300
"/Engine/EngineMaterials/Substrate/Glints2/dict_0000_0171" 10301
"../../../Engine/Content/EngineMaterials/Substrate/Glints2/dict_0000_0141.uasset" 10302
"/Engine/EngineMaterials/Substrate/Glints2/dict_0000_0143" 10303
"/Engine/EngineMaterials/Substrate/Glints2/dict_0000_0145" 10304
"/Engine/EngineMaterials/Substrate/Glints2/dict_0000_0157" 10305
"/Engine/EngineMaterials/Substrate/Glints2/dict_0000_0146" 10306
"/Engine/EngineMaterials/Substrate/Glints2/dict_0000_0147" 10307
"/Engine/EngineMaterials/Substrate/Glints2/dict_0000_0158" 10308
"/Engine/EngineMaterials/Substrate/Glints2/dict_0000_0148" 10309
"/Engine/EngineMaterials/Substrate/Glints2/dict_0000_0156" 10310
"/Engine/EngineMaterials/Substrate/Glints2/dict_0000_0149" 10311
"/Engine/EngineMaterials/Substrate/Glints2/dict_0000_0159" 10312
"../../../Engine/Content/EngineMaterials/Substrate/Glints2/dict_0000_0139.uasset" 10313
"../../../Engine/Content/EngineMaterials/Substrate/Glints2/dict_0000_0136.uasset" 10314
"/Engine/EngineMaterials/Substrate/Glints2/dict_0000_0150" 10315
"../../../Engine/Content/EngineMaterials/Substrate/Glints2/dict_0000_0133.uasset" 10316
"../../../Engine/Content/EngineMaterials/Substrate/Glints2/dict_0000_0135.uasset" 10317
"../../../Engine/Content/EngineMaterials/Substrate/Glints2/dict_0000_0140.uasset" 10318
"/Engine/EngineMaterials/Substrate/Glints2/dict_0000_0151" 10319
"/Engine/EngineMaterials/Substrate/Glints2/dict_0000_0185" 10320
"../../../Engine/Content/EngineMaterials/Substrate/Glints2/dict_0000_0138.uasset" 10321
"/Engine/EngineMaterials/Substrate/Glints2/dict_0000_0168" 10322
"/Engine/EngineMaterials/Substrate/Glints2/dict_0000_0160" 10323
"../../../Engine/Content/EngineMaterials/Substrate/Glints2/dict_0000_0134.uasset" 10324
"/Engine/EngineMaterials/Substrate/Glints2/dict_0000_0152" 10325
"/Engine/EngineMaterials/Substrate/Glints2/dict_0000_0153" 10326
"/Engine/EngineMaterials/Substrate/Glints2/dict_0000_0154" 10327
"/Engine/EngineMaterials/Substrate/Glints2/dict_0000_0155" 10328
"/Engine/EngineMaterials/Substrate/Glints2/dict_0000_0140" 10329
"/Engine/EngineMaterials/Substrate/Glints2/dict_0000_0141" 10330
"/Engine/EngineMaterials/Substrate/Glints2/dict_0000_0133" 10331
"/Engine/EngineMaterials/Substrate/Glints2/dict_0000_0142" 10332
"/Engine/EngineMaterials/Substrate/Glints2/dict_0000_0144" 10333
"/Engine/EngineMaterials/Substrate/Glints2/dict_0000_0134" 10334
"/Engine/EngineMaterials/Substrate/Glints2/dict_0000_0138" 10335
"/Engine/EngineMaterials/Substrate/Glints2/dict_0000_0135" 10336
"/Engine/EngineMaterials/Substrate/Glints2/dict_0000_0139" 10337
"/Engine/EngineMaterials/Substrate/Glints2/dict_0000_0136" 10338
"../../../Engine/Content/EngineMaterials/Substrate/Glints2/dict_0000_0137.uasset" 10339
"../../../Engine/Content/EngineMaterials/Substrate/Glints2/dict_0000_0132.uasset" 10340
"../../../Engine/Content/EngineMaterials/Substrate/Glints2/dict_0000_0129.uasset" 10341
"../../../Engine/Content/EngineMaterials/Substrate/Glints2/dict_0000_0130.uasset" 10342
"../../../Engine/Content/EngineMaterials/Substrate/Glints2/dict_0000_0131.uasset" 10343
"../../../Engine/Content/EngineMaterials/Substrate/Glints2/dict_0000_0127.uasset" 10344
"../../../Engine/Content/EngineMaterials/Substrate/Glints2/dict_0000_0128.uasset" 10345
"../../../Engine/Content/EngineMaterials/Substrate/Glints2/dict_0000_0126.uasset" 10346
"../../../Engine/Content/EngineMaterials/Substrate/Glints2/dict_0000_0123.uasset" 10347
"../../../Engine/Content/EngineMaterials/Substrate/Glints2/dict_0000_0125.uasset" 10348
"../../../Engine/Content/EngineMaterials/Substrate/Glints2/dict_0000_0122.uasset" 10349
"/Engine/EngineMaterials/Substrate/Glints2/dict_0000_0137" 10350
"../../../Engine/Content/EngineMaterials/Substrate/Glints2/dict_0000_0121.uasset" 10351
"../../../Engine/Content/EngineMaterials/Substrate/Glints2/dict_0000_0118.uasset" 10352
"../../../Engine/Content/EngineMaterials/Substrate/Glints2/dict_0000_0120.uasset" 10353
"../../../Engine/Content/EngineMaterials/Substrate/Glints2/dict_0000_0119.uasset" 10354
"/Engine/EngineMaterials/Substrate/Glints2/dict_0000_0122" 10355
"../../../Engine/Content/EngineMaterials/Substrate/Glints2/dict_0000_0115.uasset" 10356
"/Engine/EngineMaterials/Substrate/Glints2/dict_0000_0123" 10357
"../../../Engine/Content/EngineMaterials/Substrate/Glints2/dict_0000_0124.uasset" 10358
"/Engine/EngineMaterials/Substrate/Glints2/dict_0000_0125" 10359
"/Engine/EngineMaterials/Substrate/Glints2/dict_0000_0126" 10360
"/Engine/EngineMaterials/Substrate/Glints2/dict_0000_0127" 10361
"/Engine/EngineMaterials/Substrate/Glints2/dict_0000_0128" 10362
"../../../Engine/Content/EngineMaterials/Substrate/Glints2/dict_0000_0117.uasset" 10363
"../../../Engine/Content/EngineMaterials/Substrate/Glints2/dict_0000_0114.uasset" 10364
"/Engine/EngineMaterials/Substrate/Glints2/dict_0000_0129" 10365
"/Engine/EngineMaterials/Substrate/Glints2/dict_0000_0130" 10366
"../../../Engine/Content/EngineMaterials/Substrate/Glints2/dict_0000_0112.uasset" 10367
"/Engine/EngineMaterials/Substrate/Glints2/dict_0000_0131" 10368
"../../../Engine/Content/EngineMaterials/Substrate/Glints2/dict_0000_0113.uasset" 10369
"/Engine/EngineMaterials/Substrate/Glints2/dict_0000_0132" 10370
"/Engine/EngineMaterials/Substrate/Glints2/dict_0000_0112" 10371
"../../../Engine/Content/EngineMaterials/Substrate/Glints2/dict_0000_0110.uasset" 10372
"../../../Engine/Content/EngineMaterials/Substrate/Glints2/dict_0000_0109.uasset" 10373
"/Engine/EngineMaterials/Substrate/Glints2/dict_0000_0113" 10374
"../../../Engine/Content/EngineMaterials/Substrate/Glints2/dict_0000_0116.uasset" 10375
"/Engine/EngineMaterials/Substrate/Glints2/dict_0000_0114" 10376
"../../../Engine/Content/EngineMaterials/Substrate/Glints2/dict_0000_0107.uasset" 10377
"/Engine/EngineMaterials/Substrate/Glints2/dict_0000_0115" 10378
"../../../Engine/Content/EngineMaterials/Substrate/Glints2/dict_0000_0101.uasset" 10379
"../../../Engine/Content/EngineMaterials/Substrate/Glints2/dict_0000_0106.uasset" 10380
"/Engine/EngineMaterials/Substrate/Glints2/dict_0000_0117" 10381
"/Engine/EngineMaterials/Substrate/Glints2/dict_0000_0118" 10382
"../../../Engine/Content/EngineMaterials/Substrate/Glints2/dict_0000_0111.uasset" 10383
"../../../Engine/Content/EngineMaterials/Substrate/Glints2/dict_0000_0108.uasset" 10384
"/Engine/EngineMaterials/Substrate/Glints2/dict_0000_0119" 10385
"/Engine/EngineMaterials/Substrate/Glints2/dict_0000_0120" 10386
"/Engine/EngineMaterials/Substrate/Glints2/dict_0000_0121" 10387
"../../../Engine/Content/EngineMaterials/Substrate/Glints2/dict_0000_0104.uasset" 10388
"/Engine/EngineMaterials/Substrate/Glints2/dict_0000_0104" 10389
"../../../Engine/Content/EngineMaterials/Substrate/Glints2/dict_0000_0103.uasset" 10390
"/Engine/EngineMaterials/Substrate/Glints2/dict_0000_0106" 10391
"/Engine/EngineMaterials/Substrate/Glints2/dict_0000_0116" 10392
"/Engine/EngineMaterials/Substrate/Glints2/dict_0000_0107" 10393
"/Engine/EngineMaterials/Substrate/Glints2/dict_0000_0108" 10394
"../../../Engine/Content/EngineMaterials/Substrate/Glints2/dict_0000_0105.uasset" 10395
"/Engine/EngineMaterials/Substrate/Glints2/dict_0000_0109" 10396
"../../../Engine/Content/EngineMaterials/Substrate/Glints2/dict_0000_0097.uasset" 10397
"/Engine/EngineMaterials/Substrate/Glints2/dict_0000_0124" 10398
"/Engine/EngineMaterials/Substrate/Glints2/dict_0000_0110" 10399
"/Engine/EngineMaterials/Substrate/Glints2/dict_0000_0111" 10400
"/Engine/EngineMaterials/Substrate/Glints2/dict_0000_0101" 10401
"/Engine/EngineMaterials/Substrate/Glints2/dict_0000_0103" 10402
"../../../Engine/Content/EngineMaterials/Substrate/Glints2/dict_0000_0102.uasset" 10403
"/Engine/EngineMaterials/Substrate/Glints2/dict_0000_0105" 10404
"../../../Engine/Content/EngineMaterials/Substrate/Glints2/dict_0000_0100.uasset" 10405
"/Engine/EngineMaterials/Substrate/Glints2/dict_0000_0097" 10406
"/Engine/EngineMaterials/Substrate/Glints2/dict_0000_0102" 10407
"../../../Engine/Content/EngineMaterials/Substrate/Glints2/dict_0000_0096.uasset" 10408
"/Engine/EngineMaterials/Substrate/Glints2/dict_0000_0100" 10409
"../../../Engine/Content/EngineMaterials/Substrate/Glints2/dict_0000_0094.uasset" 10410
"../../../Engine/Content/EngineMaterials/Substrate/Glints2/dict_0000_0098.uasset" 10411
"/Engine/EngineMaterials/Substrate/Glints2/dict_0000_0094" 10412
"/Engine/EngineMaterials/Substrate/Glints2/dict_0000_0096" 10413
"/Engine/EngineMaterials/Substrate/Glints2/dict_0000_0098" 10414
"../../../Engine/Content/EngineMaterials/Substrate/Glints2/dict_0000_0092.uasset" 10415
"../../../Engine/Content/EngineMaterials/Substrate/Glints2/dict_0000_0095.uasset" 10416
"../../../Engine/Content/EngineMaterials/Substrate/Glints2/dict_0000_0091.uasset" 10417
"../../../Engine/Content/EngineMaterials/Substrate/Glints2/dict_0000_0090.uasset" 10418
"../../../Engine/Content/EngineMaterials/Substrate/Glints2/dict_0000_0093.uasset" 10419
"../../../Engine/Content/EngineMaterials/Substrate/Glints2/dict_0000_0099.uasset" 10420
"../../../Engine/Content/EngineMaterials/Substrate/Glints2/dict_0000_0088.uasset" 10421
"../../../Engine/Content/EngineMaterials/Substrate/Glints2/dict_0000_0086.uasset" 10422
"../../../Engine/Content/EngineMaterials/Substrate/Glints2/dict_0000_0087.uasset" 10423
"../../../Engine/Content/EngineMaterials/Substrate/Glints2/dict_0000_0084.uasset" 10424
"../../../Engine/Content/EngineMaterials/Substrate/Glints2/dict_0000_0089.uasset" 10425
"../../../Engine/Content/EngineMaterials/Substrate/Glints2/dict_0000_0083.uasset" 10426
"../../../Engine/Content/EngineMaterials/Substrate/Glints2/dict_0000_0085.uasset" 10427
"../../../Engine/Content/EngineMaterials/Substrate/Glints2/dict_0000_0082.uasset" 10428
"/Engine/EngineMaterials/Substrate/Glints2/dict_0000_0083" 10429
"../../../Engine/Content/EngineMaterials/Substrate/Glints2/dict_0000_0076.uasset" 10430
"/Engine/EngineMaterials/Substrate/Glints2/dict_0000_0091" 10431
"../../../Engine/Content/EngineMaterials/Substrate/Glints2/dict_0000_0080.uasset" 10432
"../../../Engine/Content/EngineMaterials/Substrate/Glints2/dict_0000_0077.uasset" 10433
"/Engine/EngineMaterials/Substrate/Glints2/dict_0000_0084" 10434
"/Engine/EngineMaterials/Substrate/Glints2/dict_0000_0085" 10435
"/Engine/EngineMaterials/Substrate/Glints2/dict_0000_0086" 10436
"/Engine/EngineMaterials/Substrate/Glints2/dict_0000_0087" 10437
"/Engine/EngineMaterials/Substrate/Glints2/dict_0000_0088" 10438
"/Engine/EngineMaterials/Substrate/Glints2/dict_0000_0089" 10439
"../../../Engine/Content/EngineMaterials/Substrate/Glints2/dict_0000_0079.uasset" 10440
"/Engine/EngineMaterials/Substrate/Glints2/dict_0000_0090" 10441
"/Engine/EngineMaterials/Substrate/Glints2/dict_0000_0092" 10442
"/Engine/EngineMaterials/Substrate/Glints2/dict_0000_0093" 10443
"../../../Engine/Content/EngineMaterials/Substrate/Glints2/dict_0000_0075.uasset" 10444
"/Engine/EngineMaterials/Substrate/Glints2/dict_0000_0095" 10445
"/Engine/EngineMaterials/Substrate/Glints2/dict_0000_0099" 10446
"../../../Engine/Content/EngineMaterials/Substrate/Glints2/dict_0000_0078.uasset" 10447
"/Engine/EngineMaterials/Substrate/Glints2/dict_0000_0082" 10448
"../../../Engine/Content/EngineMaterials/Substrate/Glints2/dict_0000_0081.uasset" 10449
"/Engine/EngineMaterials/Substrate/Glints2/dict_0000_0075" 10450
"../../../Engine/Content/EngineMaterials/Substrate/Glints2/dict_0000_0072.uasset" 10451
"/Engine/EngineMaterials/Substrate/Glints2/dict_0000_0076" 10452
"/Engine/EngineMaterials/Substrate/Glints2/dict_0000_0077" 10453
"/Engine/EngineMaterials/Substrate/Glints2/dict_0000_0078" 10454
"/Engine/EngineMaterials/Substrate/Glints2/dict_0000_0079" 10455
"../../../Engine/Content/EngineMaterials/Substrate/Glints2/dict_0000_0073.uasset" 10456
"/Engine/EngineMaterials/Substrate/Glints2/dict_0000_0080" 10457
"/Engine/EngineMaterials/Substrate/Glints2/dict_0000_0072" 10458
"/Engine/EngineMaterials/Substrate/Glints2/dict_0000_0073" 10459
"/Engine/EngineMaterials/Substrate/Glints2/dict_0000_0081" 10460
"../../../Engine/Content/EngineMaterials/Substrate/Glints2/dict_0000_0074.uasset" 10461
"../../../Engine/Content/EngineMaterials/Substrate/Glints2/dict_0000_0070.uasset" 10462
"../../../Engine/Content/EngineMaterials/Substrate/Glints2/dict_0000_0071.uasset" 10463
"../../../Engine/Content/EngineMaterials/Substrate/Glints2/dict_0000_0065.uasset" 10464
"../../../Engine/Content/EngineMaterials/Substrate/Glints2/dict_0000_0068.uasset" 10465
"../../../Engine/Content/EngineMaterials/Substrate/Glints2/dict_0000_0066.uasset" 10466
"../../../Engine/Content/EngineMaterials/Substrate/Glints2/dict_0000_0067.uasset" 10467
"../../../Engine/Content/EngineMaterials/Substrate/Glints2/dict_0000_0069.uasset" 10468
"../../../Engine/Content/EngineMaterials/Substrate/Glints2/dict_0000_0061.uasset" 10469
"../../../Engine/Content/EngineMaterials/Substrate/Glints2/dict_0000_0063.uasset" 10470
"../../../Engine/Content/EngineMaterials/Substrate/Glints2/dict_0000_0064.uasset" 10471
"../../../Engine/Content/EngineMaterials/Substrate/Glints2/dict_0000_0059.uasset" 10472
"../../../Engine/Content/EngineMaterials/Substrate/Glints2/dict_0000_0062.uasset" 10473
"../../../Engine/Content/EngineMaterials/Substrate/Glints2/dict_0000_0060.uasset" 10474
"/Engine/EngineMaterials/Substrate/Glints2/dict_0000_0067" 10475
"../../../Engine/Content/EngineMaterials/Substrate/Glints2/dict_0000_0058.uasset" 10476
"/Engine/EngineMaterials/Substrate/Glints2/dict_0000_0069" 10477
"/Engine/EngineMaterials/Substrate/Glints2/dict_0000_0070" 10478
"/Engine/EngineMaterials/Substrate/Glints2/dict_0000_0074" 10479
"/Engine/EngineMaterials/Substrate/Glints2/dict_0000_0059" 10480
"/Engine/EngineMaterials/Substrate/Glints2/dict_0000_0060" 10481
"/Engine/EngineMaterials/Substrate/Glints2/dict_0000_0061" 10482
"../../../Engine/Content/EngineMaterials/Substrate/Glints2/dict_0000_0057.uasset" 10483
"/Engine/EngineMaterials/Substrate/Glints2/dict_0000_0064" 10484
"/Engine/EngineMaterials/Substrate/Glints2/dict_0000_0062" 10485
"/Engine/EngineMaterials/Substrate/Glints2/dict_0000_0065" 10486
"../../../Engine/Content/EngineMaterials/Substrate/Glints2/dict_0000_0055.uasset" 10487
"../../../Engine/Content/EngineMaterials/Substrate/Glints2/dict_0000_0053.uasset" 10488
"/Engine/EngineMaterials/Substrate/Glints2/dict_0000_0071" 10489
"../../../Engine/Content/EngineMaterials/Substrate/Glints2/dict_0000_0052.uasset" 10490
"../../../Engine/Content/EngineMaterials/Substrate/Glints2/dict_0000_0050.uasset" 10491
"/Engine/EngineMaterials/Substrate/Glints2/dict_0000_0066" 10492
"../../../Engine/Content/EngineMaterials/Substrate/Glints2/dict_0000_0056.uasset" 10493
"../../../Engine/Content/EngineMaterials/Substrate/Glints2/dict_0000_0054.uasset" 10494
"/Engine/EngineMaterials/Substrate/Glints2/dict_0000_0063" 10495
"/Engine/EngineMaterials/Substrate/Glints2/dict_0000_0068" 10496
"/Engine/EngineMaterials/Substrate/Glints2/dict_0000_0052" 10497
"/Engine/EngineMaterials/Substrate/Glints2/dict_0000_0053" 10498
"/Engine/EngineMaterials/Substrate/Glints2/dict_0000_0054" 10499
"/Engine/EngineMaterials/Substrate/Glints2/dict_0000_0055" 10500
"/Engine/EngineMaterials/Substrate/Glints2/dict_0000_0056" 10501
"/Engine/EngineMaterials/Substrate/Glints2/dict_0000_0057" 10502
"/Engine/EngineMaterials/Substrate/Glints2/dict_0000_0058" 10503
"/Engine/EngineMaterials/Substrate/Glints2/dict_0000_0050" 10504
"../../../Engine/Content/EngineMaterials/Substrate/Glints2/dict_0000_0051.uasset" 10505
"../../../Engine/Content/EngineMaterials/Substrate/Glints2/dict_0000_0045.uasset" 10506
"../../../Engine/Content/EngineMaterials/Substrate/Glints2/dict_0000_0046.uasset" 10507
"../../../Engine/Content/EngineMaterials/Substrate/Glints2/dict_0000_0048.uasset" 10508
"../../../Engine/Content/EngineMaterials/Substrate/Glints2/dict_0000_0047.uasset" 10509
"../../../Engine/Content/EngineMaterials/Substrate/Glints2/dict_0000_0043.uasset" 10510
"../../../Engine/Content/EngineMaterials/Substrate/Glints2/dict_0000_0044.uasset" 10511
"../../../Engine/Content/EngineMaterials/Substrate/Glints2/dict_0000_0040.uasset" 10512
"../../../Engine/Content/EngineMaterials/Substrate/Glints2/dict_0000_0037.uasset" 10513
"../../../Engine/Content/EngineMaterials/Substrate/Glints2/dict_0000_0039.uasset" 10514
"../../../Engine/Content/EngineMaterials/Substrate/Glints2/dict_0000_0041.uasset" 10515
"../../../Engine/Content/EngineMaterials/Substrate/Glints2/dict_0000_0042.uasset" 10516
"../../../Engine/Content/EngineMaterials/Substrate/Glints2/dict_0000_0038.uasset" 10517
"../../../Engine/Content/EngineMaterials/Substrate/Glints2/dict_0000_0036.uasset" 10518
"/Engine/EngineMaterials/Substrate/Glints2/dict_0000_0044" 10519
"../../../Engine/Content/EngineMaterials/Substrate/Glints2/dict_0000_0035.uasset" 10520
"/Engine/EngineMaterials/Substrate/Glints2/dict_0000_0051" 10521
"../../../Engine/Content/EngineMaterials/Substrate/Glints2/dict_0000_0034.uasset" 10522
"/Engine/EngineMaterials/Substrate/Glints2/dict_0000_0041" 10523
"/Engine/EngineMaterials/Substrate/Glints2/dict_0000_0042" 10524
"/Engine/EngineMaterials/Substrate/Glints2/dict_0000_0045" 10525
"/Engine/EngineMaterials/Substrate/Glints2/dict_0000_0046" 10526
"/Engine/EngineMaterials/Substrate/Glints2/dict_0000_0047" 10527
"../../../Engine/Content/EngineMaterials/Substrate/Glints2/dict_0000_0033.uasset" 10528
"/Engine/EngineMaterials/Substrate/Glints2/dict_0000_0048" 10529
"../../../Engine/Content/EngineMaterials/Substrate/Glints2/dict_0000_0032.uasset" 10530
"/Engine/EngineMaterials/Substrate/Glints2/dict_0000_0036" 10531
"/Engine/EngineMaterials/Substrate/Glints2/dict_0000_0037" 10532
"/Engine/EngineMaterials/Substrate/Glints2/dict_0000_0038" 10533
"/Engine/EngineMaterials/Substrate/Glints2/dict_0000_0039" 10534
"../../../Engine/Content/EngineMaterials/Substrate/Glints2/dict_0000_0028.uasset" 10535
"/Engine/EngineMaterials/Substrate/Glints2/dict_0000_0040" 10536
"../../../Engine/Content/EngineMaterials/Substrate/Glints2/dict_0000_0031.uasset" 10537
"/Engine/EngineMaterials/Substrate/Glints2/dict_0000_0043" 10538
"../../../Engine/Content/EngineMaterials/Substrate/Glints2/dict_0000_0029.uasset" 10539
"/Engine/EngineMaterials/Substrate/Glints2/dict_0000_0028" 10540
"/Engine/EngineMaterials/Substrate/Glints2/dict_0000_0031" 10541
"/Engine/EngineMaterials/Substrate/Glints2/dict_0000_0032" 10542
"../../../Engine/Content/EngineMaterials/Substrate/Glints2/dict_0000_0049.uasset" 10543
"/Engine/EngineMaterials/Substrate/Glints2/dict_0000_0033" 10544
"../../../Engine/Content/EngineMaterials/Substrate/Glints2/dict_0000_0027.uasset" 10545
"../../../Engine/Content/EngineMaterials/Substrate/Glints2/dict_0000_0030.uasset" 10546
"/Engine/EngineMaterials/Substrate/Glints2/dict_0000_0034" 10547
"/Engine/EngineMaterials/Substrate/Glints2/dict_0000_0035" 10548
"/Engine/EngineMaterials/Substrate/Glints2/dict_0000_0027" 10549
"/Engine/EngineMaterials/Substrate/Glints2/dict_0000_0029" 10550
"/Engine/EngineMaterials/Substrate/Glints2/dict_0000_0030" 10551
"/Engine/EngineMaterials/Substrate/Glints2/dict_0000_0049" 10552
"../../../Engine/Content/EngineMaterials/Substrate/Glints2/dict_0000_0025.uasset" 10553
"../../../Engine/Content/EngineMaterials/Substrate/Glints2/dict_0000_0026.uasset" 10554
"../../../Engine/Content/EngineMaterials/Substrate/Glints2/dict_0000_0024.uasset" 10555
"../../../Engine/Content/EngineMaterials/Substrate/Glints2/dict_0000_0023.uasset" 10556
"../../../Engine/Content/EngineMaterials/Substrate/Glints2/dict_0000_0021.uasset" 10557
"../../../Engine/Content/EngineMaterials/Substrate/Glints2/dict_0000_0018.uasset" 10558
"../../../Engine/Content/EngineMaterials/Substrate/Glints2/dict_0000_0022.uasset" 10559
"../../../Engine/Content/EngineMaterials/Substrate/Glints2/dict_0000_0019.uasset" 10560
"../../../Engine/Content/EngineMaterials/Substrate/Glints2/dict_0000_0017.uasset" 10561
"../../../Engine/Content/EngineMaterials/Substrate/Glints2/dict_0000_0020.uasset" 10562
"../../../Engine/Content/EngineMaterials/Substrate/Glints2/dict_0000_0016.uasset" 10563
"../../../Engine/Content/EngineMaterials/Substrate/Glints2/dict_0000_0015.uasset" 10564
"../../../Engine/Content/EngineMaterials/Substrate/Glints2/dict_0000_0012.uasset" 10565
"../../../Engine/Content/EngineMaterials/Substrate/Glints2/dict_0000_0014.uasset" 10566
"../../../Engine/Content/EngineMaterials/Substrate/Glints2/dict_0000_0011.uasset" 10567
"/Engine/EngineMaterials/Substrate/Glints2/dict_0000_0019" 10568
"../../../Engine/Content/EngineMaterials/Substrate/Glints2/dict_0000_0013.uasset" 10569
"/Engine/EngineMaterials/Substrate/Glints2/dict_0000_0020" 10570
"../../../Engine/Content/EngineMaterials/Substrate/Glints2/dict_0000_0010.uasset" 10571
"/Engine/EngineMaterials/Substrate/Glints2/dict_0000_0021" 10572
"../../../Engine/Content/EngineMaterials/Substrate/Glints2/dict_0000_0009.uasset" 10573
"/Engine/EngineMaterials/Substrate/Glints2/dict_0000_0022" 10574
"/Engine/EngineMaterials/Substrate/Glints2/dict_0000_0023" 10575
"/Engine/EngineMaterials/Substrate/Glints2/dict_0000_0024" 10576
"/Engine/EngineMaterials/Substrate/Glints2/dict_0000_0025" 10577
"/Engine/EngineMaterials/Substrate/Glints2/dict_0000_0012" 10578
"../../../Engine/Content/EngineMaterials/Substrate/Glints2/dict_0000_0005.uasset" 10579
"/Engine/EngineMaterials/Substrate/Glints2/dict_0000_0014" 10580
"/Engine/EngineMaterials/Substrate/Glints2/dict_0000_0015" 10581
"../../../Engine/Content/EngineMaterials/Substrate/Glints2/dict_0000_0006.uasset" 10582
"/Engine/EngineMaterials/Substrate/Glints2/dict_0000_0026" 10583
"../../../Engine/Content/EngineMaterials/Hair/Hair_DualScattering2D.uasset" 10584
"../../../Engine/Content/EngineMaterials/Hair/Hair_DualScattering.uasset" 10585
"../../../Engine/Content/EngineMaterials/Hair/Hair_DirectionalAlbedo2D.uasset" 10586
"../../../Engine/Content/EngineMaterials/Hair/Hair_DirectionalAlbedo.uasset" 10587
"../../../Engine/Content/EngineMaterials/Substrate/Glints2/dict_0000_0007.uasset" 10588
"/Engine/EngineMaterials/Substrate/Glints2/dict_0000_0016" 10589
"/Engine/EngineMaterials/Substrate/Glints2/dict_0000_0017" 10590
"../../../Engine/Content/EngineMaterials/Substrate/Glints2/dict_0000_0002.uasset" 10591
"/Engine/EngineMaterials/Substrate/Glints2/dict_0000_0018" 10592
"../../../Engine/Content/EngineMaterials/Substrate/Volume/SubstrateSimpleVolumeLUT2D.uasset" 10593
"../../../Engine/Content/EngineMaterials/Substrate/Volume/SubstrateSimpleVolumeLUT3D.uasset" 10594
"../../../Engine/Content/EngineMaterials/Substrate/Volume/SubstrateSimpleVolumeEnvLUT2D.uasset" 10595
"../../../Engine/Content/EngineMaterials/Substrate/Glints2/dict_0000_0004.uasset" 10596
"../../../Engine/Content/EngineMaterials/Substrate/Volume/SubstrateSimpleVolumeEnvLUT3D.uasset" 10597
"/Engine/EngineMaterials/Substrate/Glints2/dict_0000_0005" 10598
"../../../Engine/Content/EngineMaterials/PPM_DefaultCalibrationColor.uasset" 10599
"../../../Engine/Content/EngineMaterials/PPM_DefaultCalibrationGrayscale.uasset" 10600
"/Engine/EngineMaterials/Substrate/Glints2/dict_0000_0006" 10601
"/Engine/EngineMaterials/Hair/Hair_DirectionalAlbedo" 10602
"../../../Engine/Content/EngineMaterials/Substrate/Glints2/dict_0000_0008.uasset" 10603
"/Engine/EngineMaterials/Substrate/Glints2/dict_0000_0007" 10604
"/Engine/EngineMaterials/Hair/Hair_DualScattering" 10605
"/Engine/EngineMaterials/Substrate/Glints2/dict_0000_0002" 10606
"/Engine/EngineMaterials/Substrate/Glints2/dict_0000_0009" 10607
"../../../Engine/Content/EngineMaterials/Substrate/Glints2/dict_0000_0001.uasset" 10608
"../../../Engine/Content/EngineMaterials/Substrate/Glints2/dict_0000_0003.uasset" 10609
"/Engine/EngineMaterials/Substrate/Glints2/dict_0000_0010" 10610
"/Engine/EngineMaterials/Substrate/Glints2/dict_0000_0011" 10611
"../../../Engine/Content/EngineMaterials/Substrate/Glints2/dict_0000_0000.uasset" 10612
"../../../Engine/Content/EngineMaterials/Substrate/Glints2/AGlintTex2dArray2.uasset" 10613
"/Engine/EngineMaterials/Substrate/Glints2/dict_0000_0013" 10614
"/Engine/EngineMaterials/Substrate/Volume/SubstrateSimpleVolumeLUT3D" 10615
"/Engine/EngineMaterials/Substrate/Glints2/AGlintTex2dArray2" 10616
"../../../Engine/Plugins/Interchange/Assets/Content/Functions/MX_Surface.uasset" 10617
"../../../Engine/Content/EngineMaterials/DefaultCalibrationGrayscale.uasset" 10618
"../../../Engine/Content/EngineMaterials/DefaultCalibrationColor.uasset" 10619
"../../../Engine/Plugins/Interchange/Assets/Content/Functions/MX_Displacement.uasset" 10620
"../../../Engine/Content/Functions/Engine_MaterialFunctions02/Utility/BlendAngleCorrectedNormals.uasset" 10621
"../../../Engine/Content/Functions/MaterialLayerFunctions/MatLayerBlend_OverrideOpacity.uasset" 10622
"../../../Engine/Plugins/NNE/NNEDenoiser/Content/NNEDIM_ColorAlbedoNormal_Alpha.uasset" 10623
"../../../Engine/Plugins/NNE/NNEDenoiser/Content/NNEDIM_ColorAlbedoNormal_Default.uasset" 10624
"../../../Engine/Plugins/NNE/NNEDenoiser/Content/NNEDIM_HighQuality_Alpha.uasset" 10625
"../../../Engine/Plugins/NNE/NNEDenoiser/Content/NNEDIM_HighQuality_Default.uasset" 10626
"../../../Engine/Plugins/NNE/NNEDenoiser/Content/NNEDOM_Output_Alpha.uasset" 10627
"../../../Engine/Plugins/NNE/NNEDenoiser/Content/NNEDOM_Output_Default.uasset" 10628
"../../../Engine/Plugins/NNE/NNEDenoiser/Content/NNEDTIM_ColorAlbedoNormal_Default.uasset" 10629
"../../../Engine/Plugins/NNE/NNEDenoiser/Content/NNEDTIM_ColorAlbedoNormal_Alpha.uasset" 10630
"../../../Engine/Plugins/NNE/NNEDenoiser/Content/NNEDT_Oidn2-3_Balanced_Alpha.uasset" 10631
"../../../Engine/Plugins/NNE/NNEDenoiser/Content/NNEDT_Oidn2-3_Balanced.uasset" 10632
"../../../Engine/Plugins/NNE/NNEDenoiser/Content/NNED_Oidn2-3_Balanced_Alpha.uasset" 10633
"../../../Engine/Plugins/NNE/NNEDenoiser/Content/NNED_Oidn2-3_Balanced.uasset" 10634
"../../../Engine/Content/Functions/Engine_MaterialFunctions03/Procedurals/HeightToNormalSmooth.uasset" 10635
"../../../Engine/Plugins/NNE/NNEDenoiser/Content/NNED_Oidn2-3_Fast.uasset" 10636
"../../../Engine/Plugins/NNE/NNEDenoiser/Content/NNEDTOM_Output_Default.uasset" 10637
"../../../Engine/Plugins/NNE/NNEDenoiser/Content/NNEDTOM_Output_Alpha.uasset" 10638
"/Engine/EngineMaterials/Substrate/Volume/SubstrateSimpleVolumeEnvLUT3D" 10639
"/NNEDenoiser/NNED_Oidn2-3_Fast" 10640
"/NNEDenoiser/NNED_Oidn2-3_Balanced_Alpha" 10641
"/NNEDenoiser/NNEDIM_ColorAlbedoNormal_Alpha" 10642
"/NNEDenoiser/NNED_Oidn2-3_Balanced" 10643
"/NNEDenoiser/NNEDT_Oidn2-3_Balanced_Alpha" 10644
"/NNEDenoiser/NNEDT_Oidn2-3_Balanced" 10645
"/InterchangeAssets/Functions/MX_Displacement" 10646
"../../../Engine/Plugins/NNE/NNEDenoiser/Content/NNED_Oidn2-3_HighQuality_Alpha.uasset" 10647
"../../../Engine/Plugins/NNE/NNEDenoiser/Content/NNED_Oidn2-3_HighQuality.uasset" 10648
"../../../Engine/Plugins/NNE/NNEDenoiser/Content/NNE_oidn2-3-0_rt_hdr_alb_nrm_small__dyn__fp16_opset11_ForwardAlpha.uasset" 10649
"../../../Engine/Plugins/NNE/NNEDenoiser/Content/NNE_oidn2-3-0_rt_hdr_alb_nrm__dyn__fp16_opset11_DenoiseAlpha.uasset" 10650
"../../../Engine/Plugins/NNE/NNEDenoiser/Content/NNE_oidn2-3-0_rt_hdr_alb_nrm__dyn__fp16_opset11_ForwardAlpha.uasset" 10651
"../../../Engine/Plugins/NNE/NNEDenoiser/Content/NNED_Oidn2-3_Fast_Alpha.uasset" 10652
"../../../Engine/Plugins/NNE/NNEDenoiser/Content/NNE_oidn2-3-0_rt_hdr_alb_nrm_small__dyn__fp16_opset11_DenoiseAlpha.uasset" 10653
"/NNEDenoiser/NNEDTOM_Output_Default" 10654
"/InterchangeAssets/Functions/MX_Surface" 10655
"/Engine/EngineMaterials/PPM_DefaultCalibrationGrayscale" 10656
"/NNEDenoiser/NNEDTOM_Output_Alpha" 10657
"../../../Engine/Plugins/NNE/NNEDenoiser/Content/NNE_oidn2-3-0_rt_hdr_calb_cnrm_large__dyn__fp16_opset11_DenoiseAlpha.uasset" 10658
"/NNEDenoiser/NNEDTIM_ColorAlbedoNormal_Default" 10659
"/NNEDenoiser/NNEDTIM_ColorAlbedoNormal_Alpha" 10660
"/NNEDenoiser/NNEDOM_Output_Default" 10661
"/NNEDenoiser/NNEDOM_Output_Alpha" 10662
"/NNEDenoiser/NNEDIM_HighQuality_Default" 10663
"/Engine/EngineMaterials/PPM_DefaultCalibrationColor" 10664
"/NNEDenoiser/NNEDIM_HighQuality_Alpha" 10665
"/NNEDenoiser/NNEDIM_ColorAlbedoNormal_Default" 10666
"../../../Engine/Content/EngineMaterials/DefaultBloomKernel.uasset" 10667
"../../../Engine/Content/EditorResources/BSPVertex.uasset" 10668
"../../../Engine/Content/EngineDebugMaterials/DebugEditorMaterial.uasset" 10669
"/NNEDenoiser/NNE_oidn2-3-0_rt_hdr_calb_cnrm_large__dyn__fp16_opset11_DenoiseAlpha" 10670
"../../../Engine/Content/EngineMaterials/FastBlueNoise_scalar_128x128x64.uasset" 10671
"../../../Engine/Content/EngineMaterials/EnergyConservation/SheenLegacy_Energy.uasset" 10672
"../../../Engine/Content/EngineMaterials/FastBlueNoise_vec2_128x128x64.uasset" 10673
"../../../Engine/Content/EngineMaterials/Hair/Hair_Coverage.uasset" 10674
"../../../Engine/Content/EngineSounds/Master.uasset" 10675
"../../../Engine/Plugins/Interchange/Runtime/Content/Pipelines/DefaultAssetsPipeline.uasset" 10676
"../../../Engine/Plugins/Interchange/Runtime/Content/Pipelines/DefaultMaterialXPipeline.uasset" 10677
"../../../Engine/Plugins/Interchange/Runtime/Content/Pipelines/DefaultGLTFAssetsPipeline.uasset" 10678
"../../../Engine/Plugins/Interchange/Runtime/Content/Pipelines/DefaultGLTFPipeline.uasset" 10679
"../../../Engine/Plugins/Interchange/Runtime/Content/Pipelines/DefaultFBXOBJAssetsPipeline.uasset" 10680
"../../../Engine/Plugins/Interchange/Runtime/Content/Pipelines/DefaultMaterialPipeline.uasset" 10681
"../../../Engine/Plugins/Interchange/Runtime/Content/Pipelines/DefaultTexturePipeline.uasset" 10682
"../../../Engine/Plugins/Interchange/Runtime/Content/Pipelines/DefaultAudioPipeline.uasset" 10683
"../../../Engine/Plugins/Interchange/Runtime/Content/Pipelines/DefaultSceneAssetsPipeline.uasset" 10684
"../../../Engine/Plugins/Interchange/Runtime/Content/Pipelines/DefaultSceneLevelPipeline.uasset" 10685
"../../../Engine/Content/EngineMaterials/SMAAAreaTex.uasset" 10686
"../../../Engine/Content/EngineMaterials/SMAASearchTex.uasset" 10687
"../../../Engine/Content/EngineResources/FilmGrains/Marcie_Grain_v3_128_M2_000.uasset" 10688
"../../../Engine/Plugins/NNE/NNEDenoiser/Content/NNE_oidn2-3-0_rt_hdr_calb_cnrm_large__dyn__fp16_opset11_ForwardAlpha.uasset" 10689
"../../../Engine/Content/EngineMaterials/FastBlueNoise_scalar_128x128x8.uasset" 10690
"../../../Engine/Content/EngineResources/Development/ZenLogo_64.uasset" 10691
"/NNEDenoiser/NNE_oidn2-3-0_rt_hdr_alb_nrm__dyn__fp16_opset11_ForwardAlpha" 10692
"/NNEDenoiser/NNE_oidn2-3-0_rt_hdr_alb_nrm__dyn__fp16_opset11_DenoiseAlpha" 10693
"/NNEDenoiser/NNE_oidn2-3-0_rt_hdr_alb_nrm_small__dyn__fp16_opset11_ForwardAlpha" 10694
"/NNEDenoiser/NNE_oidn2-3-0_rt_hdr_alb_nrm_small__dyn__fp16_opset11_DenoiseAlpha" 10695
"/NNEDenoiser/NNED_Oidn2-3_HighQuality_Alpha" 10696
"/NNEDenoiser/NNED_Oidn2-3_HighQuality" 10697
"/NNEDenoiser/NNED_Oidn2-3_Fast_Alpha" 10698
"/Interchange/Pipelines/DefaultSceneLevelPipeline" 10699
"/Interchange/Pipelines/DefaultSceneAssetsPipeline" 10700
"/Interchange/Pipelines/DefaultAudioPipeline" 10701
"/Interchange/Pipelines/DefaultTexturePipeline" 10702
"/Interchange/Pipelines/DefaultMaterialPipeline" 10703
"/Interchange/Pipelines/DefaultFBXOBJAssetsPipeline" 10704
"/Interchange/Pipelines/DefaultGLTFPipeline" 10705
"/Interchange/Pipelines/DefaultGLTFAssetsPipeline" 10706
"/Interchange/Pipelines/DefaultMaterialXPipeline" 10707
"/Interchange/Pipelines/DefaultAssetsPipeline" 10708
"/Engine/EngineSounds/Master" 10709
"/Engine/EngineMaterials/SMAASearchTex" 10710
"/Engine/EngineMaterials/SMAAAreaTex" 10711
"/Engine/EngineMaterials/Hair/Hair_Coverage" 10712
"../../../Engine/Plugins/Interchange/Runtime/Content/Pipelines/DefaultGLTFSceneAssetsPipeline.uasset" 10713
"../../../Engine/Plugins/Interchange/Runtime/Content/Pipelines/DefaultFBXOBJSceneAssetsPipeline.uasset" 10714
"/Engine/EngineMaterials/EnergyConservation/SheenLegacy_Energy" 10715
"/Engine/EngineMaterials/FastBlueNoise_vec2_128x128x64" 10716
"/Engine/EngineMaterials/FastBlueNoise_scalar_128x128x8" 10717
"/Engine/EngineMaterials/FastBlueNoise_scalar_128x128x64" 10718
"/Engine/EngineDebugMaterials/DebugEditorMaterial" 10719
"/Engine/EngineResources/Development/ZenLogo_64" 10720
"/Engine/EngineResources/FilmGrains/Marcie_Grain_v3_128_M2_000" 10721
"/Engine/EngineMaterials/DefaultBloomKernel" 10722
"../../../Engine/Plugins/Interchange/Assets/Content/Functions/MX_OrenNayarBSDF.uasset" 10723
"/Engine/EditorResources/BSPVertex" 10724
"/NNEDenoiser/NNE_oidn2-3-0_rt_hdr_calb_cnrm_large__dyn__fp16_opset11_ForwardAlpha" 10725
"../../../Engine/Plugins/Interchange/Assets/Content/Functions/MX_BurleyDiffuseBSDF.uasset" 10726
"../../../Engine/Plugins/Interchange/Assets/Content/Functions/MX_TranslucentBSDF.uasset" 10727
"../../../Engine/Plugins/Interchange/Assets/Content/Functions/MX_UsdPreviewSurface.uasset" 10728
"../../../Engine/Plugins/Interchange/Assets/Content/Substrate/MX_SimpleVolume.uasset" 10729
"../../../Engine/Plugins/Interchange/Assets/Content/Functions/MX_SurfaceUnlit.uasset" 10730
"../../../Engine/Plugins/Interchange/Assets/Content/Functions/MX_GeneralizedSchlickBSDF.uasset" 10731
"../../../Engine/Plugins/Interchange/Assets/Content/Functions/MX_DielectricBSDF.uasset" 10732
"../../../Engine/Plugins/Interchange/Assets/Content/Functions/MX_SheenBSDF.uasset" 10733
"../../../Engine/Plugins/Interchange/Assets/Content/Functions/MX_ConductorBSDF.uasset" 10734
"../../../Engine/Plugins/Interchange/Assets/Content/Functions/MX_ChiangHairBSDF.uasset" 10735
"../../../Engine/Plugins/Interchange/Assets/Content/Functions/MX_UniformEDF.uasset" 10736
"../../../Engine/Plugins/Interchange/Assets/Content/Functions/MX_AnisotropicVDF.uasset" 10737
"/InterchangeAssets/Functions/MX_TranslucentBSDF" 10738
"../../../Engine/Plugins/Interchange/Assets/Content/Functions/MX_ConicalEDF.uasset" 10739
"C:/Users/USER/Documents/Unreal Projects/SoulsDistructor/Content/Characters/Mannequins/Textures/Manny/T_Manny_02_MRA.uasset" 10740
"../../../Engine/Plugins/Animation/ControlRig/Content/Controls/ControlRigGizmoMaterial.uasset" 10741
"../../../Engine/Plugins/Interchange/Assets/Content/Functions/MX_AbsorptionVDF.uasset" 10742
"C:/Users/USER/Documents/Unreal Projects/SoulsDistructor/Content/Characters/Mannequins/Materials/Manny/MI_Manny_02_New.uasset" 10743
"../../../Engine/Plugins/Interchange/Assets/Content/Functions/MX_MeasuredEDF.uasset" 10744
"C:/Users/USER/Documents/Unreal Projects/SoulsDistructor/Content/Characters/Mannequins/Textures/Manny/T_Manny_02_D.uasset" 10745
"/InterchangeAssets/Functions/MX_BurleyDiffuseBSDF" 10746
"C:/Users/USER/Documents/Unreal Projects/SoulsDistructor/Content/Characters/Mannequins/Textures/Manny/T_Manny_02_BN.uasset" 10747
"C:/Users/USER/Documents/Unreal Projects/SoulsDistructor/Content/Characters/Mannequins/Materials/Manny/MI_Manny_01_New.uasset" 10748
"/InterchangeAssets/Functions/MX_OrenNayarBSDF" 10749
"/InterchangeAssets/Substrate/MX_SimpleVolume" 10750
"/InterchangeAssets/Functions/MX_UsdPreviewSurface" 10751
"../../../Engine/Plugins/Interchange/Assets/Content/Functions/MX_SubsurfaceBSDF.uasset" 10752
"/InterchangeAssets/Functions/MX_SurfaceUnlit" 10753
"C:/Users/USER/Documents/Unreal Projects/SoulsDistructor/Content/Characters/Mannequins/Meshes/SKM_Manny_Simple.uasset" 10754
"/InterchangeAssets/Functions/MX_SheenBSDF" 10755
"/InterchangeAssets/Functions/MX_GeneralizedSchlickBSDF" 10756
"/Interchange/Pipelines/DefaultFBXOBJSceneAssetsPipeline" 10757
"/Interchange/Pipelines/DefaultGLTFSceneAssetsPipeline" 10758
"/InterchangeAssets/Functions/MX_DielectricBSDF" 10759
"/Game/Characters/Mannequins/Meshes/SKM_Manny_Simple" 10760
"/ControlRig/Controls/ControlRigGizmoMaterial" 10761
"/InterchangeAssets/Functions/MX_AnisotropicVDF" 10762
"/InterchangeAssets/Functions/MX_AbsorptionVDF" 10763
"/InterchangeAssets/Functions/MX_MeasuredEDF" 10764
"/InterchangeAssets/Functions/MX_ConicalEDF" 10765
"/InterchangeAssets/Functions/MX_UniformEDF" 10766
"/InterchangeAssets/Functions/MX_ChiangHairBSDF" 10767
"/InterchangeAssets/Functions/MX_SubsurfaceBSDF" 10768
"/InterchangeAssets/Functions/MX_ConductorBSDF" 10769
"C:/Users/USER/AppData/Local/UnrealEngine/Common/DerivedDataCache/Buckets/LegacyTEXTURE/b2/e2/e958cfb91b15657c8d0eb0116054fb931b1e.udd" 10770
"C:/Users/USER/AppData/Local/UnrealEngine/Common/DerivedDataCache/Buckets/LegacyTEXTURE/aa/85/a3a6cdc785ab45f8bb13ce61d5a5c46413d2.udd" 10771
"C:/Users/USER/AppData/Local/UnrealEngine/Common/DerivedDataCache/Buckets/LegacyTEXTURE/f1/52/3cdf4e78d42ddb6bc5c058770ae98825b471.udd" 10772
"C:/Users/USER/AppData/Local/UnrealEngine/Common/DerivedDataCache/Buckets/LegacyTEXTURE/af/6d/5f8235dd3c69c6353c2b42a532d992d182eb.udd" 10773
"C:/Users/USER/AppData/Local/UnrealEngine/Common/DerivedDataCache/Buckets/LegacyTEXTURE/07/bb/685cafc0a9429911e173c2105431e4fb83c7.udd" 10774
"C:/Users/USER/AppData/Local/UnrealEngine/Common/DerivedDataCache/Buckets/LegacyTEXTURE/d9/17/a5fc0e859cda8c825a1856ba2639ce93ce14.udd" 10775
"C:/Users/USER/Documents/Unreal Projects/SoulsDistructor/DerivedDataCache/VT/TEXTURE_7C16439390E24F1F9468894FB4D4BC55_VTCHUNK38740DBD4108040D6985AA56705D97D46F27920C" 10776
"C:/Users/USER/Documents/Unreal Projects/SoulsDistructor/DerivedDataCache/VT/TEXTURE_7C16439390E24F1F9468894FB4D4BC55_VTCHUNK02D4C3BCAD7DFA48AB32B8281FB06B8B83DB6275" 10777
"C:/Users/USER/Documents/Unreal Projects/SoulsDistructor/DerivedDataCache/VT/TEXTURE_7C16439390E24F1F9468894FB4D4BC55_VTCHUNK52AB67146A7E80270710A3669AC643DE53297736" 10778
"C:/Users/USER/AppData/Local/UnrealEngine/Common/DerivedDataCache/Buckets/LegacyTEXTURE/56/bb/f62dd383ce5b5e36b4b87babedafd79f4abd.udd" 10779
"../../../../../../Users/USER/Documents/Unreal Projects/SoulsDistructor/Content/Characters/Mannequins/Textures/Manny/T_Manny_02_BN.uasset" 10780
"../../../../../../Users/USER/Documents/Unreal Projects/SoulsDistructor/Content/Characters/Mannequins/Textures/Manny/T_Manny_02_D.uasset" 10781
"../../../../../../Users/USER/Documents/Unreal Projects/SoulsDistructor/Content/Characters/Mannequins/Textures/Manny/T_Manny_02_MRA.uasset" 10782
"C:/Users/USER/AppData/Local/UnrealEngine/Common/DerivedDataCache/Buckets/LegacyTEXTURE/7e/0b/cec6bcab5058c46dc4cc48509c815f19b07b.udd" 10783
"C:/Users/USER/AppData/Local/UnrealEngine/Common/DerivedDataCache/Content/85/2b/fe27fe4fd68cb08ad1e08110febb703f0d4c.udd" 10784
"C:/Users/USER/AppData/Local/UnrealEngine/Common/DerivedDataCache/Buckets/LegacyTEXTURE/24/71/0a3dc2345cd8d42d0c9d45388439e573e4c6.udd" 10785
"C:/Users/USER/AppData/Local/UnrealEngine/Common/DerivedDataCache/Buckets/LegacyTEXTURE/b4/d2/6f1a5039585716c463d583a93721ccc2a9b8.udd" 10786
"C:/Users/USER/AppData/Local/UnrealEngine/Common/DerivedDataCache/Buckets/LegacyTEXTURE/10/9e/a62dc4e14fcedf84f17a15a9065b1af3f310.udd" 10787
"C:/Users/USER/AppData/Local/UnrealEngine/Common/DerivedDataCache/Buckets/FShaderJobCacheShaders/55/33/859c1d9f0e8963eb96dc5231f40fd51bf426.udd" 10788
"C:/Users/USER/Documents/Unreal Projects/SoulsDistructor/Saved/Cooked/Android_ASTC/SoulsDisructorRPG/Metadata/CookedSettings.txt" 10789
